estimator,from_cache,completion,generations,finish_reasons,turns,response_spBLEU,response_chrF,_raw_turns,chat_preamble,dialectid_score,dialectid_prob,dialectness,macro_prob,macro_score,desired_output_dialect,too_few_tokens,error,tool_calls,tool_results
OpenAIAPI:gpt-4o-2024-05-13,True,هل توجد مضيفات يتحدثن اليابانية ؟,['هل هناك مضيفات يتحدثن اليابانية؟'],['stop'],<wandb.sdk.data_types.html.Html object at 0x7fc3e866cf10>,67.09489882833027,67.74581945310446,"[{'role': 'User', 'content': [{'type': 'text', 'text': 'Translate from Syrian Arabic into Modern Standard Arabic. Output only the translation, do NOT output anything else before nor after it.\nفي شي مضيفات بيحكوا ياباني؟\nTranslation:'}]}]",,0,0,0,0,0,ar,False,None,None,None
OpenAIAPI:gpt-4o-2024-05-13,True,قهوة مع القشدة والسكر ، من فضلك .,['قهوة مع كريمة وسكر، من فضلك.'],['stop'],<wandb.sdk.data_types.html.Html object at 0x7fc3e866f0d0>,15.307938151800226,53.704616521871465,"[{'role': 'User', 'content': [{'type': 'text', 'text': 'Translate from Syrian Arabic into Modern Standard Arabic. Output only the translation, do NOT output anything else before nor after it.\nقهوة مع كريما وسكر، لو سمحت.\nTranslation:'}]}]",,0,0,0,0,0,ar,False,None,None,None
OpenAIAPI:gpt-4o-2024-05-13,True,هل هناك مضيفات يتحدثن اليابانية ؟,['هل هناك مضيفة تتحدث اليابانية؟'],['stop'],<wandb.sdk.data_types.html.Html object at 0x7fc3e866f6d0>,21.386638885976566,56.41649640864597,"[{'role': 'User', 'content': [{'type': 'text', 'text': 'Translate from Syrian Arabic into Modern Standard Arabic. Output only the translation, do NOT output anything else before nor after it.\nفي شي مضيفة بتحكي ياباني؟\nTranslation:'}]}]",,0,0,0,0,0,ar,False,None,None,None
OpenAIAPI:gpt-4o-2024-05-13,True,فقدت بطاقة المطالبة .,['أضعت بطاقة الاستلام الخاصة بي.'],['stop'],<wandb.sdk.data_types.html.Html object at 0x7fc3e866f0a0>,9.535414040914192,33.79425068531068,"[{'role': 'User', 'content': [{'type': 'text', 'text': 'Translate from Syrian Arabic into Modern Standard Arabic. Output only the translation, do NOT output anything else before nor after it.\nضيعت بطاقة الاستلام تبعي.\nTranslation:'}]}]",,0,0,0,0,0,ar,False,None,None,None
OpenAIAPI:gpt-4o-2024-05-13,True,دعنا نجتمع لنبحث الأمر أكثر .,['دعنا نلتقي لنناقش هذا الموضوع بشكل أوسع.'],['stop'],<wandb.sdk.data_types.html.Html object at 0x7fc3e866f130>,3.377156414337854,18.319938080165404,"[{'role': 'User', 'content': [{'type': 'text', 'text': 'Translate from Syrian Arabic into Modern Standard Arabic. Output only the translation, do NOT output anything else before nor after it.\nخلينا نلتقي لناقش هالموضوع بشكل أوسع.\nTranslation:'}]}]",,0,0,0,0,0,ar,False,None,None,None
OpenAIAPI:gpt-4o-2024-05-13,False,أريد أن أرى الميناء .,['أريد أن أرى الميناء.'],['stop'],<wandb.sdk.data_types.html.Html object at 0x7fc3e8631bb0>,80.91067115702207,100.0,"[{'role': 'User', 'content': [{'type': 'text', 'text': 'Translate from Syrian Arabic into Modern Standard Arabic. Output only the translation, do NOT output anything else before nor after it.\nبدي شوف الميناء.\nTranslation:'}]}]",,0,0,0,0,0,ar,False,None,None,None
OpenAIAPI:gpt-4o-2024-05-13,False,أين أقرب صيدلية ؟,['أين أقرب صيدلية؟'],['stop'],<wandb.sdk.data_types.html.Html object at 0x7fc3e8631b50>,80.91067115702207,86.21870109546165,"[{'role': 'User', 'content': [{'type': 'text', 'text': 'Translate from Syrian Arabic into Modern Standard Arabic. Output only the translation, do NOT output anything else before nor after it.\nوين أقرب صيدلي؟\nTranslation:'}]}]",,0,0,0,0,0,ar,False,None,None,None
OpenAIAPI:gpt-4o-2024-05-13,False,أظن أنه بديع المنظر .,['أراه جميلًا جدًا.'],['stop'],<wandb.sdk.data_types.html.Html object at 0x7fc3e86317c0>,0.0,9.383903133903136,"[{'role': 'User', 'content': [{'type': 'text', 'text': 'Translate from Syrian Arabic into Modern Standard Arabic. Output only the translation, do NOT output anything else before nor after it.\nشايفه كتير حلو.\nTranslation:'}]}]",,0,0,0,0,0,ar,False,None,None,None
OpenAIAPI:gpt-4o-2024-05-13,False,ماذا سيعرض في قاعة الحفلات الموسيقية اليوم ؟,['ماذا سيُعزف في قاعة الحفلات الموسيقية اليوم؟'],['stop'],<wandb.sdk.data_types.html.Html object at 0x7fc3e8631850>,58.56596027429396,76.3832485725135,"[{'role': 'User', 'content': [{'type': 'text', 'text': 'Translate from Syrian Arabic into Modern Standard Arabic. Output only the translation, do NOT output anything else before nor after it.\nشو رح ينعزف بقاعة الحفلات الموسيقية اليوم؟\nTranslation:'}]}]",,0,0,0,0,0,ar,False,None,None,None
OpenAIAPI:gpt-4o-2024-05-13,False,خذني إلى المستشفى .,['خذني إلى المستشفى.'],['stop'],<wandb.sdk.data_types.html.Html object at 0x7fc3e8631fd0>,75.98356856515926,100.0,"[{'role': 'User', 'content': [{'type': 'text', 'text': 'Translate from Syrian Arabic into Modern Standard Arabic. Output only the translation, do NOT output anything else before nor after it.\nخدني عالمستشفى.\nTranslation:'}]}]",,0,0,0,0,0,ar,False,None,None,None
OpenAIAPI:gpt-4o-2024-05-13,False,"آوه , الأمر بسيط ، هل أنت هنا ، على أية حال .",['لا، ليست مشكلة. أنت هنا، على أي حال.'],['stop'],<wandb.sdk.data_types.html.Html object at 0x7fc3e8631250>,5.771298850643905,36.076343050511994,"[{'role': 'User', 'content': [{'type': 'text', 'text': 'Translate from Syrian Arabic into Modern Standard Arabic. Output only the translation, do NOT output anything else before nor after it.\nلا، مو مشكلة. أنت هون، على كل حال.\nTranslation:'}]}]",,0,0,0,0,0,ar,False,None,None,None
OpenAIAPI:gpt-4o-2024-05-13,False,كان يفترض أن تسافر على الطائرة رقم ثمانية اثنان صفر التي أقلعت منذ خمس عشرة دقيقة . حسنا . بإمكاني تنظيم رحلة أخرى .,['كان من المفترض أن تسافر في الرحلة رقم ثمانية اثنين صفر، التي أقلعت منذ ربع ساعة. ليست مشكلة. يمكنني أن أدبر لك رحلة أخرى.'],['stop'],<wandb.sdk.data_types.html.Html object at 0x7fc3e8631700>,24.992630352993206,45.59425000179444,"[{'role': 'User', 'content': [{'type': 'text', 'text': 'Translate from Syrian Arabic into Modern Standard Arabic. Output only the translation, do NOT output anything else before nor after it.\nكنت المفروض تسافر برحلة رقم تمانة اتنين صفر، يللي أقلعت من ربع ساعة. مو مشكلة. فيني دبرلك رحلة تانية.\nTranslation:'}]}]",,0,0,0,0,0,ar,False,None,None,None
OpenAIAPI:gpt-4o-2024-05-13,False,"إن "" السنة "" متقلقلة .",['السن يتحرك.'],['stop'],<wandb.sdk.data_types.html.Html object at 0x7fc3e86310a0>,4.167251645138561,12.527123972017817,"[{'role': 'User', 'content': [{'type': 'text', 'text': 'Translate from Syrian Arabic into Modern Standard Arabic. Output only the translation, do NOT output anything else before nor after it.\nالسن عم يتحرك.\nTranslation:'}]}]",,0,0,0,0,0,ar,False,None,None,None
OpenAIAPI:gpt-4o-2024-05-13,False,مقعد ممنوع به التدخين ، من فضلك .,['مقعد لغير المدخنين، من فضلك.'],['stop'],<wandb.sdk.data_types.html.Html object at 0x7fc3e8631130>,10.600313379512592,43.53039917620138,"[{'role': 'User', 'content': [{'type': 'text', 'text': 'Translate from Syrian Arabic into Modern Standard Arabic. Output only the translation, do NOT output anything else before nor after it.\nمقعد لغير المدخنين، رجاءً.\nTranslation:'}]}]",,0,0,0,0,0,ar,False,None,None,None
OpenAIAPI:gpt-4o-2024-05-13,False,كم يكلف عش الغراب الطازج ؟,['بكم الفطر الطازج؟'],['stop'],<wandb.sdk.data_types.html.Html object at 0x7fc3e8631040>,16.009559139455188,26.042612438877615,"[{'role': 'User', 'content': [{'type': 'text', 'text': 'Translate from Syrian Arabic into Modern Standard Arabic. Output only the translation, do NOT output anything else before nor after it.\nبأديش الفطر التازا؟\nTranslation:'}]}]",,0,0,0,0,0,ar,False,None,None,None
OpenAIAPI:gpt-4o-2024-05-13,False,إذا كان بالإمكان ، لم أكن لأخلع السنّة .,['إذا كان بالإمكان، من الأفضل ألا يُخلع السن.'],['stop'],<wandb.sdk.data_types.html.Html object at 0x7fc3e8631d60>,32.90385879986622,50.538522765312536,"[{'role': 'User', 'content': [{'type': 'text', 'text': 'Translate from Syrian Arabic into Modern Standard Arabic. Output only the translation, do NOT output anything else before nor after it.\nإذا في إمكان، بفضل ما ينقلع السن.\nTranslation:'}]}]",,0,0,0,0,0,ar,False,None,None,None
OpenAIAPI:gpt-4o-2024-05-13,False,نرغب في حجرة تطل على البحيرة .,['نريد غرفة تطل على البحيرة.'],['stop'],<wandb.sdk.data_types.html.Html object at 0x7fc3e8631df0>,42.326181966045375,61.787052281947766,"[{'role': 'User', 'content': [{'type': 'text', 'text': 'Translate from Syrian Arabic into Modern Standard Arabic. Output only the translation, do NOT output anything else before nor after it.\nبدنا غرفة بتطل عالبحيرة.\nTranslation:'}]}]",,0,0,0,0,0,ar,False,None,None,None
OpenAIAPI:gpt-4o-2024-05-13,False,أفهم ، لكن لا أستطيع أن أقولها .,['فهمت، لكن لا أستطيع قوله.'],['stop'],<wandb.sdk.data_types.html.Html object at 0x7fc3e8631cd0>,16.009559139455188,52.05906952541649,"[{'role': 'User', 'content': [{'type': 'text', 'text': 'Translate from Syrian Arabic into Modern Standard Arabic. Output only the translation, do NOT output anything else before nor after it.\nفهمت، بس ما بقدر قوله.\nTranslation:'}]}]",,0,0,0,0,0,ar,False,None,None,None
OpenAIAPI:gpt-4o-2024-05-13,False,ابحث عن كروت لمناظر تعكس طبيعة جزر هاواي .,['أبحث عن بطاقات من طراز هاواي.'],['stop'],<wandb.sdk.data_types.html.Html object at 0x7fc3e8631400>,4.546282993105842,24.731589640290995,"[{'role': 'User', 'content': [{'type': 'text', 'text': 'Translate from Syrian Arabic into Modern Standard Arabic. Output only the translation, do NOT output anything else before nor after it.\nعم دور على كروت موديل هاواي.\nTranslation:'}]}]",,0,0,0,0,0,ar,False,None,None,None
OpenAIAPI:gpt-4o-2024-05-13,False,"معذرة , قم بالضغط على مصراعي النافذة الخشبيين , من فضلك .",['عذراً. اضغط زر التصوير، من فضلك.'],['stop'],<wandb.sdk.data_types.html.Html object at 0x7fc3e8631490>,4.189756033552324,20.4792826763986,"[{'role': 'User', 'content': [{'type': 'text', 'text': 'Translate from Syrian Arabic into Modern Standard Arabic. Output only the translation, do NOT output anything else before nor after it.\nعفواً. اكبيس زر التصوير، لو سمحت.\nTranslation:'}]}]",,0,0,0,0,0,ar,False,None,None,None
OpenAIAPI:gpt-4o-2024-05-13,False,تبدو البونساي كهواية شخص هرم .,['بونساي تبدو كهواية لشخص كبير في السن.'],['stop'],<wandb.sdk.data_types.html.Html object at 0x7fc3e86313d0>,13.912311644176565,37.658285010360736,"[{'role': 'User', 'content': [{'type': 'text', 'text': 'Translate from Syrian Arabic into Modern Standard Arabic. Output only the translation, do NOT output anything else before nor after it.\nبونساي شكلها هواية شخص كبير بالعمر.\nTranslation:'}]}]",,0,0,0,0,0,ar,False,None,None,None
OpenAIAPI:gpt-4o-2024-05-13,False,هل أستطيع الحصول على تذكرة متعددة الاستخدام ؟,['هل يمكنك إعطائي تذكرة متعددة؟'],['stop'],<wandb.sdk.data_types.html.Html object at 0x7fc3e8631820>,22.741221234802104,25.795157657444197,"[{'role': 'User', 'content': [{'type': 'text', 'text': 'Translate from Syrian Arabic into Modern Standard Arabic. Output only the translation, do NOT output anything else before nor after it.\nممكن تعطيني تذكرة متعددة؟\nTranslation:'}]}]",,0,0,0,0,0,ar,False,None,None,None
OpenAIAPI:gpt-4o-2024-05-13,False,أريد بعض التفاح ، من فضلك .,['أريد بعض التفاح، من فضلك.'],['stop'],<wandb.sdk.data_types.html.Html object at 0x7fc3e8631a00>,51.33450480401705,90.71320402113675,"[{'role': 'User', 'content': [{'type': 'text', 'text': 'Translate from Syrian Arabic into Modern Standard Arabic. Output only the translation, do NOT output anything else before nor after it.\nبدي شوية تفاح، لو سمحت.\nTranslation:'}]}]",,0,0,0,0,0,ar,False,None,None,None
OpenAIAPI:gpt-4o-2024-05-13,False,لقد تمكنت ن تحقيق ذلك .,['أنت فعلت هذا الشيء.'],['stop'],<wandb.sdk.data_types.html.Html object at 0x7fc3e86318e0>,0.0,8.590971371931666,"[{'role': 'User', 'content': [{'type': 'text', 'text': 'Translate from Syrian Arabic into Modern Standard Arabic. Output only the translation, do NOT output anything else before nor after it.\nأنت عملت هالشي.\nTranslation:'}]}]",,0,0,0,0,0,ar,False,None,None,None
OpenAIAPI:gpt-4o-2024-05-13,False,مائة وخمسة وثلاثون ين للدولار الواحد .,['مائة وخمسة وثلاثون ين لكل دولار.'],['stop'],<wandb.sdk.data_types.html.Html object at 0x7fc3e8631910>,60.12553072518799,67.9216903961301,"[{'role': 'User', 'content': [{'type': 'text', 'text': 'Translate from Syrian Arabic into Modern Standard Arabic. Output only the translation, do NOT output anything else before nor after it.\nمية وخمسة وتلاتين ين لكل دولار.\nTranslation:'}]}]",,0,0,0,0,0,ar,False,None,None,None
OpenAIAPI:gpt-4o-2024-05-13,False,هل هو محجوز بالكامل ؟,['هل لا يزال كله محجوزاً؟'],['stop'],<wandb.sdk.data_types.html.Html object at 0x7fc3e8631550>,14.991106946711685,24.57635370027291,"[{'role': 'User', 'content': [{'type': 'text', 'text': 'Translate from Syrian Arabic into Modern Standard Arabic. Output only the translation, do NOT output anything else before nor after it.\nلساته كله محجوز؟\nTranslation:'}]}]",,0,0,0,0,0,ar,False,None,None,None
OpenAIAPI:gpt-4o-2024-05-13,False,ما عرض الأوبرا اليوم ؟,['ما هي أوبرا اليوم؟'],['stop'],<wandb.sdk.data_types.html.Html object at 0x7fc3e8631190>,26.269098944241588,47.159834607269744,"[{'role': 'User', 'content': [{'type': 'text', 'text': 'Translate from Syrian Arabic into Modern Standard Arabic. Output only the translation, do NOT output anything else before nor after it.\nشو هية أوبرة اليوم؟\nTranslation:'}]}]",,0,0,0,0,0,ar,False,None,None,None
OpenAIAPI:gpt-4o-2024-05-13,False,أريد تذكرتين ذهاب وعودة إلى أكسفورد .,['أريد تذكرتين ذهاب وإياب إلى أكسفورد.'],['stop'],<wandb.sdk.data_types.html.Html object at 0x7fc3e8631640>,64.75445426291287,76.60954881130075,"[{'role': 'User', 'content': [{'type': 'text', 'text': 'Translate from Syrian Arabic into Modern Standard Arabic. Output only the translation, do NOT output anything else before nor after it.\nبدي تذكرتين روحة رجعة على أوكسفورد.\nTranslation:'}]}]",,0,0,0,0,0,ar,False,None,None,None
OpenAIAPI:gpt-4o-2024-05-13,False,من أين يسعني شراء تذكرة توصيل بالكوبون ؟,['من أين يمكنني شراء تذكرة تحتوي على خصم؟'],['stop'],<wandb.sdk.data_types.html.Html object at 0x7fc3e86316a0>,19.718163018362848,45.0664541637724,"[{'role': 'User', 'content': [{'type': 'text', 'text': 'Translate from Syrian Arabic into Modern Standard Arabic. Output only the translation, do NOT output anything else before nor after it.\nمن وين فيني اشتري تذكرة رافعة عليها حسم؟\nTranslation:'}]}]",,0,0,0,0,0,ar,False,None,None,None
OpenAIAPI:gpt-4o-2024-05-13,False,هل سمعت من قبل عن أسبوع ذهبي في اليابان ؟,['هل سمعت من قبل بالأسبوع الذهبي في اليابان؟'],['stop'],<wandb.sdk.data_types.html.Html object at 0x7fc3e86312b0>,39.832871551569504,66.5513615144938,"[{'role': 'User', 'content': [{'type': 'text', 'text': 'Translate from Syrian Arabic into Modern Standard Arabic. Output only the translation, do NOT output anything else before nor after it.\nسمعت من قبل بالاسبوع الدهبي باليابان؟\nTranslation:'}]}]",,0,0,0,0,0,ar,False,None,None,None
OpenAIAPI:gpt-4o-2024-05-13,False,إنه طول الطريق لنهاية البهو .,['هو في آخر القاعة.'],['stop'],<wandb.sdk.data_types.html.Html object at 0x7fc3e8631c10>,0.0,9.05300949382893,"[{'role': 'User', 'content': [{'type': 'text', 'text': 'Translate from Syrian Arabic into Modern Standard Arabic. Output only the translation, do NOT output anything else before nor after it.\nهو بآخر القاعة.\nTranslation:'}]}]",,0,0,0,0,0,ar,False,None,None,None
OpenAIAPI:gpt-4o-2024-05-13,False,أخبرني عن منطقة جيدة لهذا النهر ، من فضلك .,['دلني على مكان جميل من هذا النهر، إذا سمحت.'],['stop'],<wandb.sdk.data_types.html.Html object at 0x7fc3e8631fa0>,7.347053125977879,24.474375122685334,"[{'role': 'User', 'content': [{'type': 'text', 'text': 'Translate from Syrian Arabic into Modern Standard Arabic. Output only the translation, do NOT output anything else before nor after it.\nدلني على مكان ظريف من هالنهر، إذا سمحت.\nTranslation:'}]}]",,0,0,0,0,0,ar,False,None,None,None
OpenAIAPI:gpt-4o-2024-05-13,False,رحلتنا للتخييم يجب أن تكون ممتعة .,['سنستمتع كثيرًا برحلة المشي.'],['stop'],<wandb.sdk.data_types.html.Html object at 0x7fc3e8631b80>,0.0,13.091509933731595,"[{'role': 'User', 'content': [{'type': 'text', 'text': 'Translate from Syrian Arabic into Modern Standard Arabic. Output only the translation, do NOT output anything else before nor after it.\nرح نتسلى كتير برحلة المشي.\nTranslation:'}]}]",,0,0,0,0,0,ar,False,None,None,None
OpenAIAPI:gpt-4o-2024-05-13,False,هل يمكن أن ترسلها إلى عنواني في اليابان عن طريق بريد الطرود الدولي وتحصل الثمن من هناك ؟,['هل يمكنك إرسالها إلى عنواني في اليابان عبر خدمة جمع الطرد البريدي؟'],['stop'],<wandb.sdk.data_types.html.Html object at 0x7fc3e860fc10>,17.408444477387977,39.5206877844847,"[{'role': 'User', 'content': [{'type': 'text', 'text': 'Translate from Syrian Arabic into Modern Standard Arabic. Output only the translation, do NOT output anything else before nor after it.\nممكن تبعتها على عنواني باليابان عن طريق خدمة جمع الطرد البريدي؟\nTranslation:'}]}]",,0,0,0,0,0,ar,False,None,None,None
OpenAIAPI:gpt-4o-2024-05-13,False,تقع منافذ الخروج للطوارئ في مقدمة ووسط ومؤخرة هذه الطائرة .,['مخارج الطوارئ موجودة في مقدمة هذه الطائرة، وفي وسطها، وفي نهايتها.'],['stop'],<wandb.sdk.data_types.html.Html object at 0x7fc3e860f730>,12.062940248564933,36.75994038386337,"[{'role': 'User', 'content': [{'type': 'text', 'text': 'Translate from Syrian Arabic into Modern Standard Arabic. Output only the translation, do NOT output anything else before nor after it.\nمخارج الطوارء موجودة بأول هي الطيارة، وبنصها، وبآخرها.\nTranslation:'}]}]",,0,0,0,0,0,ar,False,None,None,None
OpenAIAPI:gpt-4o-2024-05-13,False,أنا أبحث عن شيء أنيق .,['أبحث عن شيء مرتب.'],['stop'],<wandb.sdk.data_types.html.Html object at 0x7fc3e860f7f0>,36.40930239806874,49.05112549571085,"[{'role': 'User', 'content': [{'type': 'text', 'text': 'Translate from Syrian Arabic into Modern Standard Arabic. Output only the translation, do NOT output anything else before nor after it.\nعم دور على شي مرتب.\nTranslation:'}]}]",,0,0,0,0,0,ar,False,None,None,None
OpenAIAPI:gpt-4o-2024-05-13,False,و هو كذلك . سأمر عليك و آخذك بالسيارة من الفندق الذي تقيم فيه في الساعة الثامنة .,['حسنًا. سأأتي لأخذك من الفندق في الساعة الثامنة.'],['stop'],<wandb.sdk.data_types.html.Html object at 0x7fc3e860f310>,18.060050235568113,37.2312391272481,"[{'role': 'User', 'content': [{'type': 'text', 'text': 'Translate from Syrian Arabic into Modern Standard Arabic. Output only the translation, do NOT output anything else before nor after it.\nاوك. رح اجي آخدك من الأوتيل عالساعة تمانة.\nTranslation:'}]}]",,0,0,0,0,0,ar,False,None,None,None
OpenAIAPI:gpt-4o-2024-05-13,False,ما هذا الشارع ؟,['ما هو هذا الشارع؟'],['stop'],<wandb.sdk.data_types.html.Html object at 0x7fc3e860f2b0>,43.47208719449914,67.95701340934835,"[{'role': 'User', 'content': [{'type': 'text', 'text': 'Translate from Syrian Arabic into Modern Standard Arabic. Output only the translation, do NOT output anything else before nor after it.\nأنو شارع هاد؟\nTranslation:'}]}]",,0,0,0,0,0,ar,False,None,None,None
OpenAIAPI:gpt-4o-2024-05-13,False,التاسع والعشرون من أغسطس .,['التاسع والعشرون من آب.'],['stop'],<wandb.sdk.data_types.html.Html object at 0x7fc3e860f6d0>,56.2900120654886,70.2821160625132,"[{'role': 'User', 'content': [{'type': 'text', 'text': 'Translate from Syrian Arabic into Modern Standard Arabic. Output only the translation, do NOT output anything else before nor after it.\nتسعة وعشرين آب.\nTranslation:'}]}]",,0,0,0,0,0,ar,False,None,None,None
OpenAIAPI:gpt-4o-2024-05-13,False,هل تريد تسوية الفاتورة الآن ؟,['هل تريد دفع الفاتورة الآن؟'],['stop'],<wandb.sdk.data_types.html.Html object at 0x7fc3e860f220>,36.28241434631104,58.18021188462853,"[{'role': 'User', 'content': [{'type': 'text', 'text': 'Translate from Syrian Arabic into Modern Standard Arabic. Output only the translation, do NOT output anything else before nor after it.\nبدك تدفع الفاتورة هلأ؟\nTranslation:'}]}]",,0,0,0,0,0,ar,False,None,None,None
OpenAIAPI:gpt-4o-2024-05-13,False,لا امتلك أي نقود .,['ليس معي مال أبداً.'],['stop'],<wandb.sdk.data_types.html.Html object at 0x7fc3e860f700>,0.0,10.424028268551238,"[{'role': 'User', 'content': [{'type': 'text', 'text': 'Translate from Syrian Arabic into Modern Standard Arabic. Output only the translation, do NOT output anything else before nor after it.\nما معي مصاري أبداً.\nTranslation:'}]}]",,0,0,0,0,0,ar,False,None,None,None
OpenAIAPI:gpt-4o-2024-05-13,False,أكثر منتجاتنا بيعت عبر السنوات الأربع الماضية هي الآلة الناسخة طراز أ . أكس أربعة خمسة صفر .,['أكثر المبيعات لدينا خلال السنوات الأربع الماضية هي آلة التصوير إيه إكس أربعمئة وخمسين.'],['stop'],<wandb.sdk.data_types.html.Html object at 0x7fc3e860f040>,25.854843548936113,40.1253443478449,"[{'role': 'User', 'content': [{'type': 'text', 'text': 'Translate from Syrian Arabic into Modern Standard Arabic. Output only the translation, do NOT output anything else before nor after it.\nأكتر مبيعات عنا خلال الأربع سنين الماضية هي مكنة التصوير إيه إكس أربعمية وخمسين.\nTranslation:'}]}]",,0,0,0,0,0,ar,False,None,None,None
OpenAIAPI:gpt-4o-2024-05-13,False,أنها مناسبة تماما .,['ضابط جيد.'],['stop'],<wandb.sdk.data_types.html.Html object at 0x7fc3e860fcd0>,0.0,5.921576433121019,"[{'role': 'User', 'content': [{'type': 'text', 'text': 'Translate from Syrian Arabic into Modern Standard Arabic. Output only the translation, do NOT output anything else before nor after it.\nزابط منيح.\nTranslation:'}]}]",,0,0,0,0,0,ar,False,None,None,None
OpenAIAPI:gpt-4o-2024-05-13,False,أودّ مراجعة ممتلكاتي الثمينة .,['أريد التأكد من أشيائي الثمينة.'],['stop'],<wandb.sdk.data_types.html.Html object at 0x7fc3e860fb50>,13.950796967929138,32.60502332188829,"[{'role': 'User', 'content': [{'type': 'text', 'text': 'Translate from Syrian Arabic into Modern Standard Arabic. Output only the translation, do NOT output anything else before nor after it.\nبدي اتأكد من غراضي الغالية.\nTranslation:'}]}]",,0,0,0,0,0,ar,False,None,None,None
OpenAIAPI:gpt-4o-2024-05-13,False,السيد كوباياشي كان يبحث عنك .,['الأستاذ كوباياشي كان يبحث عنك.'],['stop'],<wandb.sdk.data_types.html.Html object at 0x7fc3e860fa90>,64.79121525090147,78.90132659401398,"[{'role': 'User', 'content': [{'type': 'text', 'text': 'Translate from Syrian Arabic into Modern Standard Arabic. Output only the translation, do NOT output anything else before nor after it.\nالاستاذ كوباياشي كان عم يدور عليك.\nTranslation:'}]}]",,0,0,0,0,0,ar,False,None,None,None
OpenAIAPI:gpt-4o-2024-05-13,False,أريد مكان ما صغير .,['أريد مكانًا صغيرًا.'],['stop'],<wandb.sdk.data_types.html.Html object at 0x7fc3e860f640>,12.22307556087252,50.771315038991936,"[{'role': 'User', 'content': [{'type': 'text', 'text': 'Translate from Syrian Arabic into Modern Standard Arabic. Output only the translation, do NOT output anything else before nor after it.\nبدي شي مكان صغير.\nTranslation:'}]}]",,0,0,0,0,0,ar,False,None,None,None
OpenAIAPI:gpt-4o-2024-05-13,False,هل يمكنك أن تقرضني حبل القطر ، من فضلك ؟,['هل يمكنك أن تعيرني حبل سحب، إذا أمكن؟'],['stop'],<wandb.sdk.data_types.html.Html object at 0x7fc3e860ffa0>,16.451929399933114,37.043630044620166,"[{'role': 'User', 'content': [{'type': 'text', 'text': 'Translate from Syrian Arabic into Modern Standard Arabic. Output only the translation, do NOT output anything else before nor after it.\nفيك تعيرني حبل سحب، إذا ممكن؟\nTranslation:'}]}]",,0,0,0,0,0,ar,False,None,None,None
OpenAIAPI:gpt-4o-2024-05-13,False,هل لديك أي مقاعد شاغرة للندن ؟,['هل لديك أي مقاعد شاغرة إلى لندن؟'],['stop'],<wandb.sdk.data_types.html.Html object at 0x7fc3e860ff40>,67.86502681586727,78.89310272737784,"[{'role': 'User', 'content': [{'type': 'text', 'text': 'Translate from Syrian Arabic into Modern Standard Arabic. Output only the translation, do NOT output anything else before nor after it.\nعندك شي مقاعد فاضية على لندن؟\nTranslation:'}]}]",,0,0,0,0,0,ar,False,None,None,None
OpenAIAPI:gpt-4o-2024-05-13,False,هل لا زال لديكم مقاعد لعرض الليلة ؟,['هل لا يزال لديك مقاعد لعرض الليلة؟'],['stop'],<wandb.sdk.data_types.html.Html object at 0x7fc3e860f370>,40.35278637463991,69.76063080682484,"[{'role': 'User', 'content': [{'type': 'text', 'text': 'Translate from Syrian Arabic into Modern Standard Arabic. Output only the translation, do NOT output anything else before nor after it.\nلسه عندك مقاعد لعرض الليلة؟\nTranslation:'}]}]",,0,0,0,0,0,ar,False,None,None,None
OpenAIAPI:gpt-4o-2024-05-13,False,فكرة جميلة .,['فكرة جميلة.'],['stop'],<wandb.sdk.data_types.html.Html object at 0x7fc3e860f4c0>,0.0,100.0,"[{'role': 'User', 'content': [{'type': 'text', 'text': 'Translate from Syrian Arabic into Modern Standard Arabic. Output only the translation, do NOT output anything else before nor after it.\nفكرة حلوة.\nTranslation:'}]}]",,0,0,0,0,0,ar,False,None,None,None
OpenAIAPI:gpt-4o-2024-05-13,False,"بالتأكيد , كن على راحتك .",['طبعاً، خذ وقتك.'],['stop'],<wandb.sdk.data_types.html.Html object at 0x7fc3e860f3a0>,5.522397783539471,8.438510219436951,"[{'role': 'User', 'content': [{'type': 'text', 'text': 'Translate from Syrian Arabic into Modern Standard Arabic. Output only the translation, do NOT output anything else before nor after it.\nطبعاً، خود وقتك.\nTranslation:'}]}]",,0,0,0,0,0,ar,False,None,None,None
OpenAIAPI:gpt-4o-2024-05-13,False,كم حقيبة يمكن أن أحضرها معي في الطائرة ؟,['كم حقيبة يمكنني أن أحمل على الطائرة؟'],['stop'],<wandb.sdk.data_types.html.Html object at 0x7fc3e860f3d0>,17.095746935849984,46.99865496867438,"[{'role': 'User', 'content': [{'type': 'text', 'text': 'Translate from Syrian Arabic into Modern Standard Arabic. Output only the translation, do NOT output anything else before nor after it.\nكم شنتاية فيني طلع عالطيارة؟\nTranslation:'}]}]",,0,0,0,0,0,ar,False,None,None,None
OpenAIAPI:gpt-4o-2024-05-13,False,هلا أرسلت تاكسي إلى المدخل الرئيسي لـ ويستمانستر مول ؟,['هل يمكنك إرسال سيارة أجرة إلى المدخل الرئيسي لمول ويستمينستر؟'],['stop'],<wandb.sdk.data_types.html.Html object at 0x7fc3e860f9a0>,24.761650580786526,43.863217921394046,"[{'role': 'User', 'content': [{'type': 'text', 'text': 'Translate from Syrian Arabic into Modern Standard Arabic. Output only the translation, do NOT output anything else before nor after it.\nممكن تبعت تاكسي عمدخل ويستمينستر مول الرئيسي؟\nTranslation:'}]}]",,0,0,0,0,0,ar,False,None,None,None
OpenAIAPI:gpt-4o-2024-05-13,False,كم الأجرة ؟ هل لك أن تدون الأجرة على قطعة ورق ؟,['كم الأجرة؟ هل يمكنك أن تكتب لي الأجرة على ورقة؟'],['stop'],<wandb.sdk.data_types.html.Html object at 0x7fc3e860fa30>,27.545321289806534,46.51676351191512,"[{'role': 'User', 'content': [{'type': 'text', 'text': 'Translate from Syrian Arabic into Modern Standard Arabic. Output only the translation, do NOT output anything else before nor after it.\nأديش الأجرة؟ ممكن تكتبلي الأجرة على ورقة؟\nTranslation:'}]}]",,0,0,0,0,0,ar,False,None,None,None
OpenAIAPI:gpt-4o-2024-05-13,False,أين تعلم السيد جونز اللغة اليابانية ؟,['أين تعلم الأستاذ جونز اللغة اليابانية؟'],['stop'],<wandb.sdk.data_types.html.Html object at 0x7fc3e860f910>,52.055103630534376,71.51903245375169,"[{'role': 'User', 'content': [{'type': 'text', 'text': 'Translate from Syrian Arabic into Modern Standard Arabic. Output only the translation, do NOT output anything else before nor after it.\nوين تعلم الاستاذ جونز الياباني؟\nTranslation:'}]}]",,0,0,0,0,0,ar,False,None,None,None
OpenAIAPI:gpt-4o-2024-05-13,False,سأعد سندوتشين من لحم فخذ الخنزير .,['سأعد شطيرتين من لحم الخنزير.'],['stop'],<wandb.sdk.data_types.html.Html object at 0x7fc3e860fc40>,26.72605741634733,48.98744813915757,"[{'role': 'User', 'content': [{'type': 'text', 'text': 'Translate from Syrian Arabic into Modern Standard Arabic. Output only the translation, do NOT output anything else before nor after it.\nرح اعمل سندويشتين هام.\nTranslation:'}]}]",,0,0,0,0,0,ar,False,None,None,None
OpenAIAPI:gpt-4o-2024-05-13,False,إلى طوكيو ، من فضلك .,['أعطني إياه، من فضلك.'],['stop'],<wandb.sdk.data_types.html.Html object at 0x7fc3e860f0d0>,11.044795567078939,43.482239500869,"[{'role': 'User', 'content': [{'type': 'text', 'text': 'Translate from Syrian Arabic into Modern Standard Arabic. Output only the translation, do NOT output anything else before nor after it.\nعطوكيو، لو سمحت.\nTranslation:'}]}]",,0,0,0,0,0,ar,False,None,None,None
OpenAIAPI:gpt-4o-2024-05-13,False,يبدوا أنني غير قادر على الحصول على الماء الساخن .,['لا تصلني مياه ساخنة.'],['stop'],<wandb.sdk.data_types.html.Html object at 0x7fc3e860fd90>,0.0,8.924311894915732,"[{'role': 'User', 'content': [{'type': 'text', 'text': 'Translate from Syrian Arabic into Modern Standard Arabic. Output only the translation, do NOT output anything else before nor after it.\nماعم توصلني مي سخنة.\nTranslation:'}]}]",,0,0,0,0,0,ar,False,None,None,None
OpenAIAPI:gpt-4o-2024-05-13,False,هل يوجد دار للسينما بالقرب من هنا ؟,['هل توجد سينما قريبة من هنا؟'],['stop'],<wandb.sdk.data_types.html.Html object at 0x7fc3e860f340>,9.030367376343264,27.793960938014976,"[{'role': 'User', 'content': [{'type': 'text', 'text': 'Translate from Syrian Arabic into Modern Standard Arabic. Output only the translation, do NOT output anything else before nor after it.\nفي سينما قريبة من هون؟\nTranslation:'}]}]",,0,0,0,0,0,ar,False,None,None,None
OpenAIAPI:gpt-4o-2024-05-13,False,أين ستنتهي الجولة ، ومتى ؟,['أين تنتهي الجولة، ومتى؟'],['stop'],<wandb.sdk.data_types.html.Html object at 0x7fc3e860fe50>,20.90067144241745,65.29219637249751,"[{'role': 'User', 'content': [{'type': 'text', 'text': 'Translate from Syrian Arabic into Modern Standard Arabic. Output only the translation, do NOT output anything else before nor after it.\nوين بتنتها الجولة، و إيمتا؟\nTranslation:'}]}]",,0,0,0,0,0,ar,False,None,None,None
OpenAIAPI:gpt-4o-2024-05-13,False,"في حالة إمكان ذلك , احجز منضدة بالقرب من النافذة من فضلك .",['إذا كانت هناك طاولة، هل يمكن حجز واحدة بجانب النافذة؟'],['stop'],<wandb.sdk.data_types.html.Html object at 0x7fc3e85dafa0>,7.687354136458144,19.08182287610479,"[{'role': 'User', 'content': [{'type': 'text', 'text': 'Translate from Syrian Arabic into Modern Standard Arabic. Output only the translation, do NOT output anything else before nor after it.\nإذا في طاولة، ممكن تحجز وحدة ناح الشباك؟\nTranslation:'}]}]",,0,0,0,0,0,ar,False,None,None,None
OpenAIAPI:gpt-4o-2024-05-13,False,فكرة صائبة . متى تخطط للمجيء ؟,['فكرة جميلة. متى تفكر في القدوم؟'],['stop'],<wandb.sdk.data_types.html.Html object at 0x7fc3e85daee0>,3.696719741302181,27.984076378799756,"[{'role': 'User', 'content': [{'type': 'text', 'text': 'Translate from Syrian Arabic into Modern Standard Arabic. Output only the translation, do NOT output anything else before nor after it.\nفكرة حلوة. إيمتا عم تفكر تجي؟\nTranslation:'}]}]",,0,0,0,0,0,ar,False,None,None,None
OpenAIAPI:gpt-4o-2024-05-13,False,إنه مغلق في أيام الاثنين ، ولكن أي يوم آخر سيكون لا بأس به . أعتقد أنه يُفتح من التاسعة حتى الخامسة .,['أغلق أيام الاثنين، لكن في يوم آخر يمكن تدبر الأمر. أعتقد أنه يفتح من الساعة التاسعة إلى الساعة الخامسة.'],['stop'],<wandb.sdk.data_types.html.Html object at 0x7fc3e85dadf0>,14.794111257135771,47.208903268883915,"[{'role': 'User', 'content': [{'type': 'text', 'text': 'Translate from Syrian Arabic into Modern Standard Arabic. Output only the translation, do NOT output anything else before nor after it.\nبسكر أيام التنين، بس غير يوم بيمشي الحال. بظن بيفتح من الساعة تسعة للساعة خمسة.\nTranslation:'}]}]",,0,0,0,0,0,ar,False,None,None,None
OpenAIAPI:gpt-4o-2024-05-13,False,تموج شعر دائم مشدود من فضلك .,['مجعد جداً، من فضلك.'],['stop'],<wandb.sdk.data_types.html.Html object at 0x7fc3e85da370>,9.746997877627233,31.43721920358802,"[{'role': 'User', 'content': [{'type': 'text', 'text': 'Translate from Syrian Arabic into Modern Standard Arabic. Output only the translation, do NOT output anything else before nor after it.\nكيرلي قوي، إذا بتريد.\nTranslation:'}]}]",,0,0,0,0,0,ar,False,None,None,None
OpenAIAPI:gpt-4o-2024-05-13,False,كلا ، من فضلك لا تفعل ذلك هلا ادخرت أسئلتك حتى نهاية حديثي ، لحين طلبها .,['لا، رجاءً. هل يمكنك تأجيل أسئلتك حتى أنتهي من كلامي، ثم اطلبها؟'],['stop'],<wandb.sdk.data_types.html.Html object at 0x7fc3e85da910>,11.71291646655074,24.932132210104417,"[{'role': 'User', 'content': [{'type': 'text', 'text': 'Translate from Syrian Arabic into Modern Standard Arabic. Output only the translation, do NOT output anything else before nor after it.\nلاء، رجاءً. ممكن تخلي أسئلتك لخلص حكيي، بس اطلبهن؟\nTranslation:'}]}]",,0,0,0,0,0,ar,False,None,None,None
OpenAIAPI:gpt-4o-2024-05-13,False,منذ متى ؟,['من متى؟'],['stop'],<wandb.sdk.data_types.html.Html object at 0x7fc3e85da520>,0.0,28.15525263881081,"[{'role': 'User', 'content': [{'type': 'text', 'text': 'Translate from Syrian Arabic into Modern Standard Arabic. Output only the translation, do NOT output anything else before nor after it.\nمن إيمتا؟\nTranslation:'}]}]",,0,0,0,0,0,ar,False,None,None,None
OpenAIAPI:gpt-4o-2024-05-13,False,بالخارج .,['خارج.'],['stop'],<wandb.sdk.data_types.html.Html object at 0x7fc3e85daa30>,0.0,45.00605761925296,"[{'role': 'User', 'content': [{'type': 'text', 'text': 'Translate from Syrian Arabic into Modern Standard Arabic. Output only the translation, do NOT output anything else before nor after it.\nبرا.\nTranslation:'}]}]",,0,0,0,0,0,ar,False,None,None,None
OpenAIAPI:gpt-4o-2024-05-13,False,كيف كانت ؟,['كيف كان؟'],['stop'],<wandb.sdk.data_types.html.Html object at 0x7fc3e85daac0>,0.0,52.415435936501694,"[{'role': 'User', 'content': [{'type': 'text', 'text': 'Translate from Syrian Arabic into Modern Standard Arabic. Output only the translation, do NOT output anything else before nor after it.\nكيف كان؟\nTranslation:'}]}]",,0,0,0,0,0,ar,False,None,None,None
OpenAIAPI:gpt-4o-2024-05-13,False,ينبغي ألا تشاهد التليفزيون طوال الوقت .,['لا يجب أن تشاهد التلفاز طوال الوقت.'],['stop'],<wandb.sdk.data_types.html.Html object at 0x7fc3e85da9a0>,23.19610106840199,49.557995014352095,"[{'role': 'User', 'content': [{'type': 'text', 'text': 'Translate from Syrian Arabic into Modern Standard Arabic. Output only the translation, do NOT output anything else before nor after it.\nما لازم تتفرج عالتلفزيون طول الوقت.\nTranslation:'}]}]",,0,0,0,0,0,ar,False,None,None,None
OpenAIAPI:gpt-4o-2024-05-13,False,وهو كذلك . هل يمكنك كتابة العنوان مرة أخرى علي هذا الظرف ؟,['حسنًا. هل يمكنك كتابة العنوان مرة أخرى على هذا الظرف؟'],['stop'],<wandb.sdk.data_types.html.Html object at 0x7fc3e85da610>,49.62822700197381,71.70939959985219,"[{'role': 'User', 'content': [{'type': 'text', 'text': 'Translate from Syrian Arabic into Modern Standard Arabic. Output only the translation, do NOT output anything else before nor after it.\nطيب. ممكن تكتب العنوان مرة تانية عهاد الظرف؟\nTranslation:'}]}]",,0,0,0,0,0,ar,False,None,None,None
OpenAIAPI:gpt-4o-2024-05-13,False,متي يغلق مكتب البريد أبوابه ؟,['في أي ساعة يغلق مكتب البريد؟'],['stop'],<wandb.sdk.data_types.html.Html object at 0x7fc3e85da760>,35.738801136291166,49.03825118878519,"[{'role': 'User', 'content': [{'type': 'text', 'text': 'Translate from Syrian Arabic into Modern Standard Arabic. Output only the translation, do NOT output anything else before nor after it.\nأنو ساعة بسكر مكتب البريد؟\nTranslation:'}]}]",,0,0,0,0,0,ar,False,None,None,None
OpenAIAPI:gpt-4o-2024-05-13,False,كم عدد المشروبات التي يغطيها السعر ؟,['كم مشروب يتضمن السعر؟'],['stop'],<wandb.sdk.data_types.html.Html object at 0x7fc3e85da640>,7.561318691530973,21.549777429199324,"[{'role': 'User', 'content': [{'type': 'text', 'text': 'Translate from Syrian Arabic into Modern Standard Arabic. Output only the translation, do NOT output anything else before nor after it.\nكم مشروب بيتضمن السعر؟\nTranslation:'}]}]",,0,0,0,0,0,ar,False,None,None,None
OpenAIAPI:gpt-4o-2024-05-13,False,اقفل الباب من الداخل وأنا خارج الغرفة .,['أنا عالق خارج غرفتي.'],['stop'],<wandb.sdk.data_types.html.Html object at 0x7fc3e85da670>,4.300847718252331,15.327207057164907,"[{'role': 'User', 'content': [{'type': 'text', 'text': 'Translate from Syrian Arabic into Modern Standard Arabic. Output only the translation, do NOT output anything else before nor after it.\nأنا علقان برات غرفتي.\nTranslation:'}]}]",,0,0,0,0,0,ar,False,None,None,None
OpenAIAPI:gpt-4o-2024-05-13,False,أريد عمل تمويجا لشعري ليكون طليقا .,['أريد تجعيدات خفيفة، لو سمحت.'],['stop'],<wandb.sdk.data_types.html.Html object at 0x7fc3e85da1c0>,2.853183878886449,12.777536968449294,"[{'role': 'User', 'content': [{'type': 'text', 'text': 'Translate from Syrian Arabic into Modern Standard Arabic. Output only the translation, do NOT output anything else before nor after it.\nبدي كيرلي خفيف، لو سمحت.\nTranslation:'}]}]",,0,0,0,0,0,ar,False,None,None,None
OpenAIAPI:gpt-4o-2024-05-13,False,دعني أنام حتى التاسعة .,['دعني أنام حتى الساعة التاسعة.'],['stop'],<wandb.sdk.data_types.html.Html object at 0x7fc3e85da250>,43.167001068522545,86.12481290207029,"[{'role': 'User', 'content': [{'type': 'text', 'text': 'Translate from Syrian Arabic into Modern Standard Arabic. Output only the translation, do NOT output anything else before nor after it.\nخليني نام للساعة تسعة.\nTranslation:'}]}]",,0,0,0,0,0,ar,False,None,None,None
OpenAIAPI:gpt-4o-2024-05-13,False,من فضلك كررها مرة أخرى ببطء أكثر .,['رجاءً أعده مرة أخرى أبطأ من ذلك.'],['stop'],<wandb.sdk.data_types.html.Html object at 0x7fc3e85da130>,8.054496384843702,28.672120861118717,"[{'role': 'User', 'content': [{'type': 'text', 'text': 'Translate from Syrian Arabic into Modern Standard Arabic. Output only the translation, do NOT output anything else before nor after it.\nرجاءً عيده مرة تانية أبطئ من هيك.\nTranslation:'}]}]",,0,0,0,0,0,ar,False,None,None,None
OpenAIAPI:gpt-4o-2024-05-13,False,يالها من خدمة سريعة !,['ما هذه الخدمة السريعة.'],['stop'],<wandb.sdk.data_types.html.Html object at 0x7fc3e85da850>,5.669791110976001,24.512990953669433,"[{'role': 'User', 'content': [{'type': 'text', 'text': 'Translate from Syrian Arabic into Modern Standard Arabic. Output only the translation, do NOT output anything else before nor after it.\nشو هالخدمة السريعة.\nTranslation:'}]}]",,0,0,0,0,0,ar,False,None,None,None
OpenAIAPI:gpt-4o-2024-05-13,False,دجاج ، من فضلك .,['دجاج، من فضلك.'],['stop'],<wandb.sdk.data_types.html.Html object at 0x7fc3e85da280>,22.957488466614336,89.51439256572984,"[{'role': 'User', 'content': [{'type': 'text', 'text': 'Translate from Syrian Arabic into Modern Standard Arabic. Output only the translation, do NOT output anything else before nor after it.\nجاج، لو سمحت.\nTranslation:'}]}]",,0,0,0,0,0,ar,False,None,None,None
OpenAIAPI:gpt-4o-2024-05-13,False,إنه ألم حاد .,['ألم شديد.'],['stop'],<wandb.sdk.data_types.html.Html object at 0x7fc3e85dac10>,15.97357760615681,19.096648490857014,"[{'role': 'User', 'content': [{'type': 'text', 'text': 'Translate from Syrian Arabic into Modern Standard Arabic. Output only the translation, do NOT output anything else before nor after it.\nوجع قوي.\nTranslation:'}]}]",,0,0,0,0,0,ar,False,None,None,None
OpenAIAPI:gpt-4o-2024-05-13,False,هل يمكنني أن أستأجر مضارب راكيت ؟,['هل يمكنني استئجار مضارب؟'],['stop'],<wandb.sdk.data_types.html.Html object at 0x7fc3e85dae50>,9.473826754214423,37.542331691347364,"[{'role': 'User', 'content': [{'type': 'text', 'text': 'Translate from Syrian Arabic into Modern Standard Arabic. Output only the translation, do NOT output anything else before nor after it.\nفيني استأجر مضارب؟\nTranslation:'}]}]",,0,0,0,0,0,ar,False,None,None,None
OpenAIAPI:gpt-4o-2024-05-13,False,هل لك أن تأخذني إلى كانتربري وتعيدني إلى هنا ؟,['هل يمكنك أن تأخذني إلى كانتربري وتعيدني؟'],['stop'],<wandb.sdk.data_types.html.Html object at 0x7fc3e85daf70>,64.64157787429167,67.1027195330599,"[{'role': 'User', 'content': [{'type': 'text', 'text': 'Translate from Syrian Arabic into Modern Standard Arabic. Output only the translation, do NOT output anything else before nor after it.\nممكن تاخدني على كانتيربوري واترجعني؟\nTranslation:'}]}]",,0,0,0,0,0,ar,False,None,None,None
OpenAIAPI:gpt-4o-2024-05-13,False,أين الكاتدرائية ؟,['أين الكاتدرائية؟'],['stop'],<wandb.sdk.data_types.html.Html object at 0x7fc3e85da5b0>,80.91067115702207,79.57474226804122,"[{'role': 'User', 'content': [{'type': 'text', 'text': 'Translate from Syrian Arabic into Modern Standard Arabic. Output only the translation, do NOT output anything else before nor after it.\nوين الكاتدرائية؟\nTranslation:'}]}]",,0,0,0,0,0,ar,False,None,None,None
OpenAIAPI:gpt-4o-2024-05-13,False,وما هي المثانة ؟,['ما هي الأكياس؟'],['stop'],<wandb.sdk.data_types.html.Html object at 0x7fc3e85da040>,6.870636427700047,29.315272047584855,"[{'role': 'User', 'content': [{'type': 'text', 'text': 'Translate from Syrian Arabic into Modern Standard Arabic. Output only the translation, do NOT output anything else before nor after it.\nشو هنن الكيسات؟\nTranslation:'}]}]",,0,0,0,0,0,ar,False,None,None,None
OpenAIAPI:gpt-4o-2024-05-13,False,إذاَ ، من فضلك أعطني حجزاً جديداً .,['لكن، رجاءً أعطني حجزاً جديداً.'],['stop'],<wandb.sdk.data_types.html.Html object at 0x7fc3e85da4c0>,51.79534518342642,58.2503367712688,"[{'role': 'User', 'content': [{'type': 'text', 'text': 'Translate from Syrian Arabic into Modern Standard Arabic. Output only the translation, do NOT output anything else before nor after it.\nلكن، رجاءً عطيني حجز جديد.\nTranslation:'}]}]",,0,0,0,0,0,ar,False,None,None,None
OpenAIAPI:gpt-4o-2024-05-13,False,شكراً ، هذا يكفي .,['شكراً. هذا يكفي.'],['stop'],<wandb.sdk.data_types.html.Html object at 0x7fc3e85da880>,22.957488466614336,66.18027805527805,"[{'role': 'User', 'content': [{'type': 'text', 'text': 'Translate from Syrian Arabic into Modern Standard Arabic. Output only the translation, do NOT output anything else before nor after it.\nشكراً. هيك بكفي.\nTranslation:'}]}]",,0,0,0,0,0,ar,False,None,None,None
OpenAIAPI:gpt-4o-2024-05-13,False,لقد اجتزت هذا الاختبار بنجاح كبير .,['نجحت في ذلك الامتحان بتفوق.'],['stop'],<wandb.sdk.data_types.html.Html object at 0x7fc3e85dad00>,2.853183878886449,11.367277710828322,"[{'role': 'User', 'content': [{'type': 'text', 'text': 'Translate from Syrian Arabic into Modern Standard Arabic. Output only the translation, do NOT output anything else before nor after it.\nنجحت بهداك الفحص بتفوق.\nTranslation:'}]}]",,0,0,0,0,0,ar,False,None,None,None
OpenAIAPI:gpt-4o-2024-05-13,False,لدينا نبيذ أبيض ممتاز .,['لدينا نبيذ أبيض ممتاز.'],['stop'],<wandb.sdk.data_types.html.Html object at 0x7fc3e85da8b0>,84.08964152537145,100.0,"[{'role': 'User', 'content': [{'type': 'text', 'text': 'Translate from Syrian Arabic into Modern Standard Arabic. Output only the translation, do NOT output anything else before nor after it.\nعنا نبيت أبيض ممتاز.\nTranslation:'}]}]",,0,0,0,0,0,ar,False,None,None,None
OpenAIAPI:gpt-4o-2024-05-13,False,هذه كبيرة جداً .,['هؤلاء كبار جدًا.'],['stop'],<wandb.sdk.data_types.html.Html object at 0x7fc3e8623dc0>,6.567274736060395,13.69917962462922,"[{'role': 'User', 'content': [{'type': 'text', 'text': 'Translate from Syrian Arabic into Modern Standard Arabic. Output only the translation, do NOT output anything else before nor after it.\nهدول كبار كتير.\nTranslation:'}]}]",,0,0,0,0,0,ar,False,None,None,None
OpenAIAPI:gpt-4o-2024-05-13,False,هل يمكنني تركها في أي مكان من البلاد ؟,['هل يمكنني تركه في أي مكان في البلد؟'],['stop'],<wandb.sdk.data_types.html.Html object at 0x7fc3e8623d60>,18.36028134946796,58.65061514143809,"[{'role': 'User', 'content': [{'type': 'text', 'text': 'Translate from Syrian Arabic into Modern Standard Arabic. Output only the translation, do NOT output anything else before nor after it.\nفيني ارتكه وين ما كان بالبلد؟\nTranslation:'}]}]",,0,0,0,0,0,ar,False,None,None,None
OpenAIAPI:gpt-4o-2024-05-13,False,خطف محفظتي وجرى بعيداً .,['خطف محفظتي وركض.'],['stop'],<wandb.sdk.data_types.html.Html object at 0x7fc3e8623940>,39.93879176377876,46.533262208839616,"[{'role': 'User', 'content': [{'type': 'text', 'text': 'Translate from Syrian Arabic into Modern Standard Arabic. Output only the translation, do NOT output anything else before nor after it.\nخطف جزداني وركض.\nTranslation:'}]}]",,0,0,0,0,0,ar,False,None,None,None
OpenAIAPI:gpt-4o-2024-05-13,False,ستقف الليموزين عند البوابة الشمالية أولاً .,['الليموزين ستتوقف عند البوابة الشمالية أولاً.'],['stop'],<wandb.sdk.data_types.html.Html object at 0x7fc3e86237f0>,67.39047062564734,81.03487420604534,"[{'role': 'User', 'content': [{'type': 'text', 'text': 'Translate from Syrian Arabic into Modern Standard Arabic. Output only the translation, do NOT output anything else before nor after it.\nالليموزين رح توقف عالبوابة الشمالية أول.\nTranslation:'}]}]",,0,0,0,0,0,ar,False,None,None,None
OpenAIAPI:gpt-4o-2024-05-13,False,هل يمكن أن أقيس مقاس تسعة .,['هل يمكنني تجربة قياس تسعة؟'],['stop'],<wandb.sdk.data_types.html.Html object at 0x7fc3e86234f0>,17.0653267718276,31.368482279069674,"[{'role': 'User', 'content': [{'type': 'text', 'text': 'Translate from Syrian Arabic into Modern Standard Arabic. Output only the translation, do NOT output anything else before nor after it.\nفيني جرب قياس تسعة؟\nTranslation:'}]}]",,0,0,0,0,0,ar,False,None,None,None
OpenAIAPI:gpt-4o-2024-05-13,False,هل هو طازج إلى هذا الحد ؟,['هل هي طازجة؟'],['stop'],<wandb.sdk.data_types.html.Html object at 0x7fc3e86233a0>,9.22364410103253,15.043551727166077,"[{'role': 'User', 'content': [{'type': 'text', 'text': 'Translate from Syrian Arabic into Modern Standard Arabic. Output only the translation, do NOT output anything else before nor after it.\nهي تازا؟\nTranslation:'}]}]",,0,0,0,0,0,ar,False,None,None,None
OpenAIAPI:gpt-4o-2024-05-13,False,أين يمكنني أن أستعيد أمتعتي ؟,['من أين يمكنني أخذ حقائبي؟'],['stop'],<wandb.sdk.data_types.html.Html object at 0x7fc3e8623460>,8.60169543650466,36.759487365991305,"[{'role': 'User', 'content': [{'type': 'text', 'text': 'Translate from Syrian Arabic into Modern Standard Arabic. Output only the translation, do NOT output anything else before nor after it.\nمن وين فيني آخد شناتيي؟\nTranslation:'}]}]",,0,0,0,0,0,ar,False,None,None,None
OpenAIAPI:gpt-4o-2024-05-13,False,من فضلك غير هذه الينات إلى جنيهات .,['رجاءً حولي هذه الليرات إلى جنيهات.'],['stop'],<wandb.sdk.data_types.html.Html object at 0x7fc3e8623340>,30.26643726685862,47.32755654254226,"[{'role': 'User', 'content': [{'type': 'text', 'text': 'Translate from Syrian Arabic into Modern Standard Arabic. Output only the translation, do NOT output anything else before nor after it.\nرجاءً حولي هدول الينات لجنيهات.\nTranslation:'}]}]",,0,0,0,0,0,ar,False,None,None,None
OpenAIAPI:gpt-4o-2024-05-13,False,إنها بين المخبز ومحل الجزارة .,['موجود بين مخبز ومحل حداد.'],['stop'],<wandb.sdk.data_types.html.Html object at 0x7fc3e86239d0>,15.187207110382285,29.675298271970725,"[{'role': 'User', 'content': [{'type': 'text', 'text': 'Translate from Syrian Arabic into Modern Standard Arabic. Output only the translation, do NOT output anything else before nor after it.\nموجود بين مخبز ومحل لحام.\nTranslation:'}]}]",,0,0,0,0,0,ar,False,None,None,None
OpenAIAPI:gpt-4o-2024-05-13,False,أريد غرفة بسريرين . ما ثمن الغرفة في الليلة ؟,['أريد غرفة لشخصين. كم سعر الغرفة في الليلة؟'],['stop'],<wandb.sdk.data_types.html.Html object at 0x7fc3e8623c70>,14.458924666162856,52.66044703695017,"[{'role': 'User', 'content': [{'type': 'text', 'text': 'Translate from Syrian Arabic into Modern Standard Arabic. Output only the translation, do NOT output anything else before nor after it.\nبدي غرفة لشخصين. أديش الغرفة بالليلة؟\nTranslation:'}]}]",,0,0,0,0,0,ar,False,None,None,None
OpenAIAPI:gpt-4o-2024-05-13,False,ما رأيك في موضوع التحرش الجنسي في مكان العمل ؟,['ما رأيك بالتحرش الجنسي في مكان العمل؟'],['stop'],<wandb.sdk.data_types.html.Html object at 0x7fc3e8623d90>,33.64425339232041,67.2181452623859,"[{'role': 'User', 'content': [{'type': 'text', 'text': 'Translate from Syrian Arabic into Modern Standard Arabic. Output only the translation, do NOT output anything else before nor after it.\nشو رأيك بالتحرش الجنسي بمكان العمل؟\nTranslation:'}]}]",,0,0,0,0,0,ar,False,None,None,None
OpenAIAPI:gpt-4o-2024-05-13,False,ما وجه الاختلاف بين منتجك ومنتج منافسيك ؟,['كيف يتميز منتجك عن باقي المنتجات المنافسة؟'],['stop'],<wandb.sdk.data_types.html.Html object at 0x7fc3e8623160>,9.833906145930948,22.53969438598795,"[{'role': 'User', 'content': [{'type': 'text', 'text': 'Translate from Syrian Arabic into Modern Standard Arabic. Output only the translation, do NOT output anything else before nor after it.\nكيف بيتميز منتجك عن باقي المنتجات المنافسة؟\nTranslation:'}]}]",,0,0,0,0,0,ar,False,None,None,None
OpenAIAPI:gpt-4o-2024-05-13,False,بالطبع لا . لماذا تقول إذا ؟,['طبعاً لا. لماذا تقول إذاً؟'],['stop'],<wandb.sdk.data_types.html.Html object at 0x7fc3e8623040>,16.784459625186194,66.39092423930771,"[{'role': 'User', 'content': [{'type': 'text', 'text': 'Translate from Syrian Arabic into Modern Standard Arabic. Output only the translation, do NOT output anything else before nor after it.\nطبعاً لاء. ليش عم تقول إذا؟\nTranslation:'}]}]",,0,0,0,0,0,ar,False,None,None,None
OpenAIAPI:gpt-4o-2024-05-13,False,أهلاً ، شريكك على الخط . هيا ، من فضلك .,['مرحباً، الطرف الآخر على الخط. تفضل، لو سمحت.'],['stop'],<wandb.sdk.data_types.html.Html object at 0x7fc3e8623070>,5.816635421147513,28.608440204436477,"[{'role': 'User', 'content': [{'type': 'text', 'text': 'Translate from Syrian Arabic into Modern Standard Arabic. Output only the translation, do NOT output anything else before nor after it.\nمرحبا، الطرف التاني عالخط. اتفضل، لو سمحت.\nTranslation:'}]}]",,0,0,0,0,0,ar,False,None,None,None
OpenAIAPI:gpt-4o-2024-05-13,False,كنت سأشتري هذا إن كنت في مكانك ؟,['لو كنت مكانك لكنت اشتريته.'],['stop'],<wandb.sdk.data_types.html.Html object at 0x7fc3e8623700>,9.030367376343264,24.155787469266226,"[{'role': 'User', 'content': [{'type': 'text', 'text': 'Translate from Syrian Arabic into Modern Standard Arabic. Output only the translation, do NOT output anything else before nor after it.\nلو كنت مكانك كنت اشتريته.\nTranslation:'}]}]",,0,0,0,0,0,ar,False,None,None,None
OpenAIAPI:gpt-4o-2024-05-13,False,هل يوجد بوتيك قريب من هنا ؟,['هل يوجد بوتيك قريب من هنا؟'],['stop'],<wandb.sdk.data_types.html.Html object at 0x7fc3e8623790>,84.08964152537145,92.8760571045801,"[{'role': 'User', 'content': [{'type': 'text', 'text': 'Translate from Syrian Arabic into Modern Standard Arabic. Output only the translation, do NOT output anything else before nor after it.\nفي بوتيك قريب من هون؟\nTranslation:'}]}]",,0,0,0,0,0,ar,False,None,None,None
OpenAIAPI:gpt-4o-2024-05-13,False,أعتقد أنك ارتكبت خطأً . الغرفة دفع ثمنها مسبقاً . معي إيصال .,['أظن أنك أخطأت. الغرفة مدفوعة مسبقًا. معي إيصال.'],['stop'],<wandb.sdk.data_types.html.Html object at 0x7fc3e8623670>,8.378832915629483,39.786260566496985,"[{'role': 'User', 'content': [{'type': 'text', 'text': 'Translate from Syrian Arabic into Modern Standard Arabic. Output only the translation, do NOT output anything else before nor after it.\nبظن انك خربطت. الغرفة مدفعلها من قبل. معي وصل.\nTranslation:'}]}]",,0,0,0,0,0,ar,False,None,None,None
OpenAIAPI:gpt-4o-2024-05-13,False,هل هناك جولة بعد الظهر ؟,['هل هناك جولة بعد الظهر؟'],['stop'],<wandb.sdk.data_types.html.Html object at 0x7fc3e8623af0>,84.08964152537145,91.52024021352312,"[{'role': 'User', 'content': [{'type': 'text', 'text': 'Translate from Syrian Arabic into Modern Standard Arabic. Output only the translation, do NOT output anything else before nor after it.\nفي جولة بعد الضهر؟\nTranslation:'}]}]",,0,0,0,0,0,ar,False,None,None,None
OpenAIAPI:gpt-4o-2024-05-13,False,هل يوجد مطعم أرخص قريب من هنا ؟,['هل يوجد مطعم أرخص قريب من هنا؟'],['stop'],<wandb.sdk.data_types.html.Html object at 0x7fc3e8623b80>,88.01117367933934,93.85566356720201,"[{'role': 'User', 'content': [{'type': 'text', 'text': 'Translate from Syrian Arabic into Modern Standard Arabic. Output only the translation, do NOT output anything else before nor after it.\nفي مطعم أرخص قريب من هون؟\nTranslation:'}]}]",,0,0,0,0,0,ar,False,None,None,None
OpenAIAPI:gpt-4o-2024-05-13,False,هذا خطأ .,['هذا الشيء خطأ.'],['stop'],<wandb.sdk.data_types.html.Html object at 0x7fc3e8623ac0>,18.99589214128981,46.25964512979757,"[{'role': 'User', 'content': [{'type': 'text', 'text': 'Translate from Syrian Arabic into Modern Standard Arabic. Output only the translation, do NOT output anything else before nor after it.\nهالشي خطأ.\nTranslation:'}]}]",,0,0,0,0,0,ar,False,None,None,None
OpenAIAPI:gpt-4o-2024-05-13,False,أفضل شيء هو اسطوانة مصغرة .,['السيارة الصغيرة هي الأفضل.'],['stop'],<wandb.sdk.data_types.html.Html object at 0x7fc3e8623fd0>,0.0,15.453484679574734,"[{'role': 'User', 'content': [{'type': 'text', 'text': 'Translate from Syrian Arabic into Modern Standard Arabic. Output only the translation, do NOT output anything else before nor after it.\nسيارة صغيرة أحسن شي.\nTranslation:'}]}]",,0,0,0,0,0,ar,False,None,None,None
OpenAIAPI:gpt-4o-2024-05-13,False,"أجل , سيدي . آتي هنا للإفطار كل يوم , من الاثنين حتى الجمعة , قبل الذهاب للعمل .",['نعم، أستاذ. آتي إلى هنا للإفطار كل يوم، من الاثنين إلى الجمعة، قبل أن أذهب إلى العمل.'],['stop'],<wandb.sdk.data_types.html.Html object at 0x7fc3e8623c40>,24.903286388467727,46.29086298961661,"[{'role': 'User', 'content': [{'type': 'text', 'text': 'Translate from Syrian Arabic into Modern Standard Arabic. Output only the translation, do NOT output anything else before nor after it.\nاي، استاذ. بجي لهون عالفطور كل يوم، من التنين للجمعة، قبل ما روح عالشغل.\nTranslation:'}]}]",,0,0,0,0,0,ar,False,None,None,None
OpenAIAPI:gpt-4o-2024-05-13,False,رقم مقعدك هو اثنان وثلاثون أ . بعد ذلك سر في خط مستقيم في هذه الطرقة . إنه المقعد المجاور للنافذة .,['رقم مقعدك هو اثنان وثلاثون أ. ثم، امشِ مباشرة إلى نهاية هذا الممر. المقعد الذي بجانب النافذة.'],['stop'],<wandb.sdk.data_types.html.Html object at 0x7fc3e86237c0>,31.476436900068528,45.39130841217043,"[{'role': 'User', 'content': [{'type': 'text', 'text': 'Translate from Syrian Arabic into Modern Standard Arabic. Output only the translation, do NOT output anything else before nor after it.\nرقم مقعدك هوة اتنين وتلاتين إيه. بعدين، إمشي مباشرة للاخر بهاد الممر. المقعد يللي عالشباك.\nTranslation:'}]}]",,0,0,0,0,0,ar,False,None,None,None
OpenAIAPI:gpt-4o-2024-05-13,False,رائحته جميلة . كم ثمنه ؟,['رائحته جميلة جداً. كم سعره؟'],['stop'],<wandb.sdk.data_types.html.Html object at 0x7fc3e86239a0>,24.808415001701817,55.74305428886808,"[{'role': 'User', 'content': [{'type': 'text', 'text': 'Translate from Syrian Arabic into Modern Standard Arabic. Output only the translation, do NOT output anything else before nor after it.\nريحته كتير حلوة. أديش سعره؟\nTranslation:'}]}]",,0,0,0,0,0,ar,False,None,None,None
OpenAIAPI:gpt-4o-2024-05-13,False,هل يمكن أن ترسل أحدا ؟,['هل يمكنك إرسال شخص؟'],['stop'],<wandb.sdk.data_types.html.Html object at 0x7fc3e86234c0>,5.693025330278465,24.306998000427203,"[{'role': 'User', 'content': [{'type': 'text', 'text': 'Translate from Syrian Arabic into Modern Standard Arabic. Output only the translation, do NOT output anything else before nor after it.\nفيك تبعت حدا؟\nTranslation:'}]}]",,0,0,0,0,0,ar,False,None,None,None
OpenAIAPI:gpt-4o-2024-05-13,False,هل يمكن أن أخذ بعض القهوة ؟,['هل يمكنك إحضار فنجان قهوة لي؟'],['stop'],<wandb.sdk.data_types.html.Html object at 0x7fc3e8623f70>,3.3864985683445354,24.694394263665345,"[{'role': 'User', 'content': [{'type': 'text', 'text': 'Translate from Syrian Arabic into Modern Standard Arabic. Output only the translation, do NOT output anything else before nor after it.\nممكن تجبلي فنجان قهوة؟\nTranslation:'}]}]",,0,0,0,0,0,ar,False,None,None,None
OpenAIAPI:gpt-4o-2024-05-13,False,حسناً ، يا سيدي . من فضلك ابق في غرفتك إلى أن يحضر الطبيب .,['حسنًا، أستاذ. رجاءً ابقَ في غرفتك حتى يأتي الطبيب.'],['stop'],<wandb.sdk.data_types.html.Html object at 0x7fc3e8623d30>,15.047149445189385,29.324080561792016,"[{'role': 'User', 'content': [{'type': 'text', 'text': 'Translate from Syrian Arabic into Modern Standard Arabic. Output only the translation, do NOT output anything else before nor after it.\nماشي، استاذ. رجاءً خليك بغرفتك لبين ما يجي الدكتور.\nTranslation:'}]}]",,0,0,0,0,0,ar,False,None,None,None
OpenAIAPI:gpt-4o-2024-05-13,False,من فضلك قل له أنني أنتظر مكالمته .,['رجاءً أخبره أنني أنتظر اتصاله.'],['stop'],<wandb.sdk.data_types.html.Html object at 0x7fc3e86133a0>,12.738482704124511,33.55978055675363,"[{'role': 'User', 'content': [{'type': 'text', 'text': 'Translate from Syrian Arabic into Modern Standard Arabic. Output only the translation, do NOT output anything else before nor after it.\nرجاءً خبره إني عم استنى اتصاله.\nTranslation:'}]}]",,0,0,0,0,0,ar,False,None,None,None
OpenAIAPI:gpt-4o-2024-05-13,False,المزيد من المستردة ، من فضلك .,['زيادة خردل، من فضلك.'],['stop'],<wandb.sdk.data_types.html.Html object at 0x7fc3e8613bb0>,9.746997877627233,36.43713444028014,"[{'role': 'User', 'content': [{'type': 'text', 'text': 'Translate from Syrian Arabic into Modern Standard Arabic. Output only the translation, do NOT output anything else before nor after it.\nزيادة خردل، إذا سمحت.\nTranslation:'}]}]",,0,0,0,0,0,ar,False,None,None,None
OpenAIAPI:gpt-4o-2024-05-13,False,هل رشحت لي رحلة قصيرة ؟,['هل يمكنك اقتراح رحلة؟'],['stop'],<wandb.sdk.data_types.html.Html object at 0x7fc3e8613a30>,10.923299908191149,17.42298374219046,"[{'role': 'User', 'content': [{'type': 'text', 'text': 'Translate from Syrian Arabic into Modern Standard Arabic. Output only the translation, do NOT output anything else before nor after it.\nفيك تقترح رحلة؟\nTranslation:'}]}]",,0,0,0,0,0,ar,False,None,None,None
OpenAIAPI:gpt-4o-2024-05-13,False,كيف أستقلها ؟,['كيف يمكنني أخذه؟'],['stop'],<wandb.sdk.data_types.html.Html object at 0x7fc3e86139d0>,10.682175159905848,14.326494951786565,"[{'role': 'User', 'content': [{'type': 'text', 'text': 'Translate from Syrian Arabic into Modern Standard Arabic. Output only the translation, do NOT output anything else before nor after it.\nكيف فيني آخده؟\nTranslation:'}]}]",,0,0,0,0,0,ar,False,None,None,None
OpenAIAPI:gpt-4o-2024-05-13,False,أتساءل عما يمكنني أن أحصل عليه منه ؟,['لا أعرف ماذا يجب أن أحضر له؟'],['stop'],<wandb.sdk.data_types.html.Html object at 0x7fc3e86139a0>,6.8324227195999585,12.25175986150256,"[{'role': 'User', 'content': [{'type': 'text', 'text': 'Translate from Syrian Arabic into Modern Standard Arabic. Output only the translation, do NOT output anything else before nor after it.\nما بعرف شو لازم جبله؟\nTranslation:'}]}]",,0,0,0,0,0,ar,False,None,None,None
OpenAIAPI:gpt-4o-2024-05-13,False,هل يجب علىّ أن أترك كل أمتعتي في غرفة ترك المعاطف ؟,['هل من الضروري أن أترك جميع أمتعتي في غرفة الأمانات؟'],['stop'],<wandb.sdk.data_types.html.Html object at 0x7fc3e8613970>,32.59481888833584,41.162077512355985,"[{'role': 'User', 'content': [{'type': 'text', 'text': 'Translate from Syrian Arabic into Modern Standard Arabic. Output only the translation, do NOT output anything else before nor after it.\nضروري اترك كل شناتيي بغرفة الامانات؟\nTranslation:'}]}]",,0,0,0,0,0,ar,False,None,None,None
OpenAIAPI:gpt-4o-2024-05-13,False,أنا فقدت أثر بريد مسجّل .,['أضعت البريد المسجل.'],['stop'],<wandb.sdk.data_types.html.Html object at 0x7fc3e8613580>,0.0,16.972958211972916,"[{'role': 'User', 'content': [{'type': 'text', 'text': 'Translate from Syrian Arabic into Modern Standard Arabic. Output only the translation, do NOT output anything else before nor after it.\nضيعت بريد موصى عليه.\nTranslation:'}]}]",,0,0,0,0,0,ar,False,None,None,None
OpenAIAPI:gpt-4o-2024-05-13,False,ليس به صعوبة أو غموض .,['ليس صعباً ولا غامضاً أبداً.'],['stop'],<wandb.sdk.data_types.html.Html object at 0x7fc3e8613520>,6.837203339116283,16.100411180150633,"[{'role': 'User', 'content': [{'type': 'text', 'text': 'Translate from Syrian Arabic into Modern Standard Arabic. Output only the translation, do NOT output anything else before nor after it.\nمو صعب ولا غامض أبداً.\nTranslation:'}]}]",,0,0,0,0,0,ar,False,None,None,None
OpenAIAPI:gpt-4o-2024-05-13,False,نعم ، حجز لمدة ستة أيام من فضلك ، بدء من الثالث والعشرين من يوليو .,['نعم. حجز لست ليالي، لو سمحت. ابتداءً من الثالث والعشرين من تموز.'],['stop'],<wandb.sdk.data_types.html.Html object at 0x7fc3e8613400>,31.20848453730729,39.870487381312635,"[{'role': 'User', 'content': [{'type': 'text', 'text': 'Translate from Syrian Arabic into Modern Standard Arabic. Output only the translation, do NOT output anything else before nor after it.\nاي. حجز لست ليالي، لو سمحت. ابتداءً من تلاتة وعشرين تموز.\nTranslation:'}]}]",,0,0,0,0,0,ar,False,None,None,None
OpenAIAPI:gpt-4o-2024-05-13,False,"إلى هذا المكان , لو سمحت .",['على هذا المكان، إذا تكرمت.'],['stop'],<wandb.sdk.data_types.html.Html object at 0x7fc3e8613370>,9.535414040914192,42.061325593680245,"[{'role': 'User', 'content': [{'type': 'text', 'text': 'Translate from Syrian Arabic into Modern Standard Arabic. Output only the translation, do NOT output anything else before nor after it.\nعلى هاد المكان، إذا بتريد.\nTranslation:'}]}]",,0,0,0,0,0,ar,False,None,None,None
OpenAIAPI:gpt-4o-2024-05-13,False,هل هذه السجائر معتدلة ؟,['هل هذه السجائر خفيفة؟'],['stop'],<wandb.sdk.data_types.html.Html object at 0x7fc3e86132b0>,39.93879176377876,59.8467943239617,"[{'role': 'User', 'content': [{'type': 'text', 'text': 'Translate from Syrian Arabic into Modern Standard Arabic. Output only the translation, do NOT output anything else before nor after it.\nهدول السجاير خفيفة؟\nTranslation:'}]}]",,0,0,0,0,0,ar,False,None,None,None
OpenAIAPI:gpt-4o-2024-05-13,False,هل يمكن أن تدخل معه فكة صغيرة ؟,['هل يمكنك وضع بعض الفكة؟'],['stop'],<wandb.sdk.data_types.html.Html object at 0x7fc3e86138e0>,5.08764122072739,19.628697083106516,"[{'role': 'User', 'content': [{'type': 'text', 'text': 'Translate from Syrian Arabic into Modern Standard Arabic. Output only the translation, do NOT output anything else before nor after it.\nفيك تحط شوية فراطة؟\nTranslation:'}]}]",,0,0,0,0,0,ar,False,None,None,None
OpenAIAPI:gpt-4o-2024-05-13,False,هل تعيش بالقرب من هنا ؟,['هل تسكن قريباً من هنا؟'],['stop'],<wandb.sdk.data_types.html.Html object at 0x7fc3e86131c0>,10.552670315936318,29.823041557410896,"[{'role': 'User', 'content': [{'type': 'text', 'text': 'Translate from Syrian Arabic into Modern Standard Arabic. Output only the translation, do NOT output anything else before nor after it.\nساكن قريب من هون؟\nTranslation:'}]}]",,0,0,0,0,0,ar,False,None,None,None
OpenAIAPI:gpt-4o-2024-05-13,False,أين كتب اللغة الأجنبية ؟,['أين كتب اللغات الأجنبية؟'],['stop'],<wandb.sdk.data_types.html.Html object at 0x7fc3e8613880>,46.92470064105599,67.07424558467267,"[{'role': 'User', 'content': [{'type': 'text', 'text': 'Translate from Syrian Arabic into Modern Standard Arabic. Output only the translation, do NOT output anything else before nor after it.\nوين كتب اللغات الأجنبية؟\nTranslation:'}]}]",,0,0,0,0,0,ar,False,None,None,None
OpenAIAPI:gpt-4o-2024-05-13,False,هناك محل لبيع الزهور في الطريق .,['يوجد محل لبيع الزهور على الجانب الآخر من الشارع.'],['stop'],<wandb.sdk.data_types.html.Html object at 0x7fc3e8613f40>,28.175950490399515,44.074536538415245,"[{'role': 'User', 'content': [{'type': 'text', 'text': 'Translate from Syrian Arabic into Modern Standard Arabic. Output only the translation, do NOT output anything else before nor after it.\nفي محل ورد عالطرف التاني من الشارع.\nTranslation:'}]}]",,0,0,0,0,0,ar,False,None,None,None
OpenAIAPI:gpt-4o-2024-05-13,False,نحن في انتظار حضور أصدقائنا .,['نحن ننتظر أصدقاءنا ليأتوا.'],['stop'],<wandb.sdk.data_types.html.Html object at 0x7fc3e86136d0>,4.456882760699063,26.97612769576383,"[{'role': 'User', 'content': [{'type': 'text', 'text': 'Translate from Syrian Arabic into Modern Standard Arabic. Output only the translation, do NOT output anything else before nor after it.\nعم نستنا رفقاتنا ليجوا.\nTranslation:'}]}]",,0,0,0,0,0,ar,False,None,None,None
OpenAIAPI:gpt-4o-2024-05-13,False,أين يمكنني أن أشتري زلاجات وأحذية ؟,['من أين أستطيع استئجار أدوات التزلج والأحذية؟'],['stop'],<wandb.sdk.data_types.html.Html object at 0x7fc3e8613760>,9.672649511413097,20.694722792871715,"[{'role': 'User', 'content': [{'type': 'text', 'text': 'Translate from Syrian Arabic into Modern Standard Arabic. Output only the translation, do NOT output anything else before nor after it.\nمن وين بقدر استأجر أدوات سكي واحذية؟\nTranslation:'}]}]",,0,0,0,0,0,ar,False,None,None,None
OpenAIAPI:gpt-4o-2024-05-13,False,هل لي أن أرى السيارة ؟,['هل يمكنني رؤية السيارة؟'],['stop'],<wandb.sdk.data_types.html.Html object at 0x7fc3e86136a0>,10.400597689005304,34.113547011198364,"[{'role': 'User', 'content': [{'type': 'text', 'text': 'Translate from Syrian Arabic into Modern Standard Arabic. Output only the translation, do NOT output anything else before nor after it.\nممكن شوف السيارة؟\nTranslation:'}]}]",,0,0,0,0,0,ar,False,None,None,None
OpenAIAPI:gpt-4o-2024-05-13,False,لم يعد بإمكانك حقيقةً أن تقوم بعمل تصميم دون كمبيوتر بعد الآن .,['لم يعد بإمكانك العمل في التصميم بدون كمبيوتر في هذه الأيام.'],['stop'],<wandb.sdk.data_types.html.Html object at 0x7fc3e8613ca0>,27.83400874256519,42.21232458472328,"[{'role': 'User', 'content': [{'type': 'text', 'text': 'Translate from Syrian Arabic into Modern Standard Arabic. Output only the translation, do NOT output anything else before nor after it.\nماعاد فيك تشتغل بالتصميم بلا كمبيوتر هالأيام.\nTranslation:'}]}]",,0,0,0,0,0,ar,False,None,None,None
OpenAIAPI:gpt-4o-2024-05-13,False,هل ستذهب إلى المدرسة هنا ؟,['هل تذهب إلى المدرسة هنا؟'],['stop'],<wandb.sdk.data_types.html.Html object at 0x7fc3e8613df0>,27.482545710800192,74.35010917979044,"[{'role': 'User', 'content': [{'type': 'text', 'text': 'Translate from Syrian Arabic into Modern Standard Arabic. Output only the translation, do NOT output anything else before nor after it.\nرايح عالمدرسة هون؟\nTranslation:'}]}]",,0,0,0,0,0,ar,False,None,None,None
OpenAIAPI:gpt-4o-2024-05-13,False,سوف ننتظر . من فضلك اتصل بنا عندما تكون مستعداً .,['سوف ننتظر. رجاءً اتصل بنا عندما تصبح جاهزًا.'],['stop'],<wandb.sdk.data_types.html.Html object at 0x7fc3e8613cd0>,27.694132751313415,49.23915216477862,"[{'role': 'User', 'content': [{'type': 'text', 'text': 'Translate from Syrian Arabic into Modern Standard Arabic. Output only the translation, do NOT output anything else before nor after it.\nرح نستنى. رجاءً اتصل فينا وقت تصير جاهز.\nTranslation:'}]}]",,0,0,0,0,0,ar,False,None,None,None
OpenAIAPI:gpt-4o-2024-05-13,False,عفواً . هل يوجد أي جسر بالقرب من هنا ؟,['لو سمحت. هل هناك جسر قريب من هنا؟'],['stop'],<wandb.sdk.data_types.html.Html object at 0x7fc3e8613d00>,7.791497608591349,27.79180055646659,"[{'role': 'User', 'content': [{'type': 'text', 'text': 'Translate from Syrian Arabic into Modern Standard Arabic. Output only the translation, do NOT output anything else before nor after it.\nلو سمحت. في شي جسر قريب من هون؟\nTranslation:'}]}]",,0,0,0,0,0,ar,False,None,None,None
OpenAIAPI:gpt-4o-2024-05-13,False,كم ستستغرق لكي تطلب ؟,['كم من الوقت أحتاج لطلب؟'],['stop'],<wandb.sdk.data_types.html.Html object at 0x7fc3e8613310>,4.935157841536379,15.228989530532248,"[{'role': 'User', 'content': [{'type': 'text', 'text': 'Translate from Syrian Arabic into Modern Standard Arabic. Output only the translation, do NOT output anything else before nor after it.\nأديش بدي وقت لأطلب؟\nTranslation:'}]}]",,0,0,0,0,0,ar,False,None,None,None
OpenAIAPI:gpt-4o-2024-05-13,False,إنني مع أصدقائي .,['أنا مع أصدقائي.'],['stop'],<wandb.sdk.data_types.html.Html object at 0x7fc3e86135b0>,32.555630133216134,67.81149076518416,"[{'role': 'User', 'content': [{'type': 'text', 'text': 'Translate from Syrian Arabic into Modern Standard Arabic. Output only the translation, do NOT output anything else before nor after it.\nأنا مع رفقاتي.\nTranslation:'}]}]",,0,0,0,0,0,ar,False,None,None,None
OpenAIAPI:gpt-4o-2024-05-13,False,أنا على الطريق الرئيسي بجانب خليج موروا .,['أنا على الطريق السريع رقم واحد بالقرب من خليج مورو.'],['stop'],<wandb.sdk.data_types.html.Html object at 0x7fc3e8613e80>,14.317123154555068,52.3188034123275,"[{'role': 'User', 'content': [{'type': 'text', 'text': 'Translate from Syrian Arabic into Modern Standard Arabic. Output only the translation, do NOT output anything else before nor after it.\nأنا على الأتوستراد واحد قريب من خليج مورو.\nTranslation:'}]}]",,0,0,0,0,0,ar,False,None,None,None
OpenAIAPI:gpt-4o-2024-05-13,False,هل على السيدات ارتداء فستان سهرة ؟,['هل يجب على النساء ارتداء فساتين رسمية؟'],['stop'],<wandb.sdk.data_types.html.Html object at 0x7fc3e8613250>,8.516593018819643,34.65321998685547,"[{'role': 'User', 'content': [{'type': 'text', 'text': 'Translate from Syrian Arabic into Modern Standard Arabic. Output only the translation, do NOT output anything else before nor after it.\nلازم النسوان يلبسوا فساتين رسمية؟\nTranslation:'}]}]",,0,0,0,0,0,ar,False,None,None,None
OpenAIAPI:gpt-4o-2024-05-13,False,أيشمل ذلك الضريبة ؟,['هل يتضمن هذا الضريبة؟'],['stop'],<wandb.sdk.data_types.html.Html object at 0x7fc3e8613b80>,17.747405280050266,32.02386328390281,"[{'role': 'User', 'content': [{'type': 'text', 'text': 'Translate from Syrian Arabic into Modern Standard Arabic. Output only the translation, do NOT output anything else before nor after it.\nهاد بيتضمن الضريبة؟\nTranslation:'}]}]",,0,0,0,0,0,ar,False,None,None,None
OpenAIAPI:gpt-4o-2024-05-13,False,يوجد الكثير من السائحين بالقرب من المبنى ، ويبدو أنهم تجمعوا لإلقاء نظرة على ما يحدث .,['هناك الكثير من السياح حول المبنى، ويبدو أنهم تجمعوا لمعرفة ما يحدث.'],['stop'],<wandb.sdk.data_types.html.Html object at 0x7fc3e8619e20>,21.442698708595497,51.22547183163062,"[{'role': 'User', 'content': [{'type': 'text', 'text': 'Translate from Syrian Arabic into Modern Standard Arabic. Output only the translation, do NOT output anything else before nor after it.\nفي كتير سياح حولين البناء، والظاهر اتجمعوا ليشوفوا شو عم يصير.\nTranslation:'}]}]",,0,0,0,0,0,ar,False,None,None,None
OpenAIAPI:gpt-4o-2024-05-13,False,"أريد بذلة استحمام مقاس صغير , من فضلك .",['أريد مايوه بقياس صغير، من فضلك.'],['stop'],<wandb.sdk.data_types.html.Html object at 0x7fc3e8619b20>,9.345091860762494,36.84384364103452,"[{'role': 'User', 'content': [{'type': 'text', 'text': 'Translate from Syrian Arabic into Modern Standard Arabic. Output only the translation, do NOT output anything else before nor after it.\nبدي مايوه قياس صغير، إذا بتريد.\nTranslation:'}]}]",,0,0,0,0,0,ar,False,None,None,None
OpenAIAPI:gpt-4o-2024-05-13,False,أعطني سجائر .,['أعطني بعض السجائر.'],['stop'],<wandb.sdk.data_types.html.Html object at 0x7fc3e8619a00>,14.535768424205482,51.73046406030003,"[{'role': 'User', 'content': [{'type': 'text', 'text': 'Translate from Syrian Arabic into Modern Standard Arabic. Output only the translation, do NOT output anything else before nor after it.\nعطيني شوية سجاير.\nTranslation:'}]}]",,0,0,0,0,0,ar,False,None,None,None
OpenAIAPI:gpt-4o-2024-05-13,False,هلا وقفت معي لالتقاط صورة ؟,['هل يمكن أن تأخذ صورة معي؟'],['stop'],<wandb.sdk.data_types.html.Html object at 0x7fc3e86199d0>,5.868924818816531,14.677865383573053,"[{'role': 'User', 'content': [{'type': 'text', 'text': 'Translate from Syrian Arabic into Modern Standard Arabic. Output only the translation, do NOT output anything else before nor after it.\nممكن تاخد صورة معي؟\nTranslation:'}]}]",,0,0,0,0,0,ar,False,None,None,None
OpenAIAPI:gpt-4o-2024-05-13,False,ماذا عن هذه النماذج البلاستيكة ؟,['ما رأيك بهذه النماذج البلاستيكية؟'],['stop'],<wandb.sdk.data_types.html.Html object at 0x7fc3e8619970>,55.93684915933074,54.52953039592933,"[{'role': 'User', 'content': [{'type': 'text', 'text': 'Translate from Syrian Arabic into Modern Standard Arabic. Output only the translation, do NOT output anything else before nor after it.\nشو رأيك بموديلات البلاستيك هي؟\nTranslation:'}]}]",,0,0,0,0,0,ar,False,None,None,None
OpenAIAPI:gpt-4o-2024-05-13,False,هل السيدات يقبلن هذا ؟,['هل تقبل النساء هذا الشيء؟'],['stop'],<wandb.sdk.data_types.html.Html object at 0x7fc3e8619940>,7.492442692259767,23.710796558471824,"[{'role': 'User', 'content': [{'type': 'text', 'text': 'Translate from Syrian Arabic into Modern Standard Arabic. Output only the translation, do NOT output anything else before nor after it.\nالنسوان بيقبلوا هالشي؟\nTranslation:'}]}]",,0,0,0,0,0,ar,False,None,None,None
OpenAIAPI:gpt-4o-2024-05-13,False,انتظر دقيقة . ربما أكون قد تركته في غرفة الاستراحة .,['انتظر دقيقة. ربما نسيته في الحمام.'],['stop'],<wandb.sdk.data_types.html.Html object at 0x7fc3e8619640>,12.067498571385652,42.310782457357924,"[{'role': 'User', 'content': [{'type': 'text', 'text': 'Translate from Syrian Arabic into Modern Standard Arabic. Output only the translation, do NOT output anything else before nor after it.\nاستنى دقيقة. يمكن نسيته بالحمام.\nTranslation:'}]}]",,0,0,0,0,0,ar,False,None,None,None
OpenAIAPI:gpt-4o-2024-05-13,False,نبيذ غير حلو ، من فضلك .,['أريد شايًا، من فضلك.'],['stop'],<wandb.sdk.data_types.html.Html object at 0x7fc3e8619550>,11.044795567078939,38.70340073854599,"[{'role': 'User', 'content': [{'type': 'text', 'text': 'Translate from Syrian Arabic into Modern Standard Arabic. Output only the translation, do NOT output anything else before nor after it.\nدراي شيري، لو سمحت.\nTranslation:'}]}]",,0,0,0,0,0,ar,False,None,None,None
OpenAIAPI:gpt-4o-2024-05-13,False,ليس لدى أي شئ لكي أعلنه .,['ليس لدي شيء أصرح عنه.'],['stop'],<wandb.sdk.data_types.html.Html object at 0x7fc3e86198e0>,4.935157841536379,22.85620057102111,"[{'role': 'User', 'content': [{'type': 'text', 'text': 'Translate from Syrian Arabic into Modern Standard Arabic. Output only the translation, do NOT output anything else before nor after it.\nما عندي شي صرح عنه.\nTranslation:'}]}]",,0,0,0,0,0,ar,False,None,None,None
OpenAIAPI:gpt-4o-2024-05-13,False,عندنا جمبري بصلصة النيوبرج ورجل حمل مشوية .,['لدينا قريدس نيوبرغ وفخذ ضأن مشوي.'],['stop'],<wandb.sdk.data_types.html.Html object at 0x7fc3e86191f0>,2.292084231617577,15.049265968103922,"[{'role': 'User', 'content': [{'type': 'text', 'text': 'Translate from Syrian Arabic into Modern Standard Arabic. Output only the translation, do NOT output anything else before nor after it.\nعنا قريدس نيوبرغ وفخد ضاني مشوي.\nTranslation:'}]}]",,0,0,0,0,0,ar,False,None,None,None
OpenAIAPI:gpt-4o-2024-05-13,False,تبلغ الميزانية أقل من ألف دولار .,['الميزانية أقل من ألف دولار.'],['stop'],<wandb.sdk.data_types.html.Html object at 0x7fc3e8619ee0>,57.793909077763935,86.6282933339617,"[{'role': 'User', 'content': [{'type': 'text', 'text': 'Translate from Syrian Arabic into Modern Standard Arabic. Output only the translation, do NOT output anything else before nor after it.\nالميزانية أقل من ألف دولار.\nTranslation:'}]}]",,0,0,0,0,0,ar,False,None,None,None
OpenAIAPI:gpt-4o-2024-05-13,False,كان هذا مكسوراً بالفعل عندما فتحت الطرد .,['كانت مكسورة تمامًا عندما فتحت العلبة.'],['stop'],<wandb.sdk.data_types.html.Html object at 0x7fc3e8619fd0>,13.912311644176565,38.83682969388869,"[{'role': 'User', 'content': [{'type': 'text', 'text': 'Translate from Syrian Arabic into Modern Standard Arabic. Output only the translation, do NOT output anything else before nor after it.\nكانت مكسورة خالصة وقت فتحت العلبة.\nTranslation:'}]}]",,0,0,0,0,0,ar,False,None,None,None
OpenAIAPI:gpt-4o-2024-05-13,False,إنه من الصعب لنا أن نتحدث الإنجليزية بطلاقة .,['من الصعب علينا أن نتحدث الإنجليزية بطلاقة.'],['stop'],<wandb.sdk.data_types.html.Html object at 0x7fc3e86197f0>,67.74546186626391,79.31895313835365,"[{'role': 'User', 'content': [{'type': 'text', 'text': 'Translate from Syrian Arabic into Modern Standard Arabic. Output only the translation, do NOT output anything else before nor after it.\nصعب علينا نحكي انجليزي بطلاقة.\nTranslation:'}]}]",,0,0,0,0,0,ar,False,None,None,None
OpenAIAPI:gpt-4o-2024-05-13,False,"لماذا , شكرا جزيلا . هل أستطيع الارتقاء للقمة ؟",['لماذا، شكرًا جزيلاً لك. أمم، هل يمكنني الصعود للأعلى؟'],['stop'],<wandb.sdk.data_types.html.Html object at 0x7fc3e8619880>,4.319402267866687,21.45689209167054,"[{'role': 'User', 'content': [{'type': 'text', 'text': 'Translate from Syrian Arabic into Modern Standard Arabic. Output only the translation, do NOT output anything else before nor after it.\nليش، شكراً كتير إلك. امم، فيني اطلع لفوق؟\nTranslation:'}]}]",,0,0,0,0,0,ar,False,None,None,None
OpenAIAPI:gpt-4o-2024-05-13,False,أوه ، آسف . كانت هناك مشاكل ونحن نقوم بحلها ، هل تتفضل بالانتظار لمدة ثلاثين دقيقة ؟,['آه، أنا آسف. كانت هناك مشكلة ونحن نقوم بإصلاحها. هل يمكنك الانتظار لمدة نصف ساعة؟'],['stop'],<wandb.sdk.data_types.html.Html object at 0x7fc3e8619760>,12.920725243713852,44.93376169890693,"[{'role': 'User', 'content': [{'type': 'text', 'text': 'Translate from Syrian Arabic into Modern Standard Arabic. Output only the translation, do NOT output anything else before nor after it.\nآه، أنا آسف. كان في مشكلة وعم انصلحها. ممكن تنتظر شي نص ساعة؟\nTranslation:'}]}]",,0,0,0,0,0,ar,False,None,None,None
OpenAIAPI:gpt-4o-2024-05-13,False,أريد فندقاً ارخص .,['أريد فندقاً أرخص.'],['stop'],<wandb.sdk.data_types.html.Html object at 0x7fc3e8619c10>,54.10822690539397,66.93951881451882,"[{'role': 'User', 'content': [{'type': 'text', 'text': 'Translate from Syrian Arabic into Modern Standard Arabic. Output only the translation, do NOT output anything else before nor after it.\nبدي أوتيل أرخص.\nTranslation:'}]}]",,0,0,0,0,0,ar,False,None,None,None
OpenAIAPI:gpt-4o-2024-05-13,False,أنا آسف ، هو ليس بالداخل الآن .,['عذرًا، هو ليس بالداخل الآن.'],['stop'],<wandb.sdk.data_types.html.Html object at 0x7fc3e8619d60>,46.17366309441026,70.89854745311922,"[{'role': 'User', 'content': [{'type': 'text', 'text': 'Translate from Syrian Arabic into Modern Standard Arabic. Output only the translation, do NOT output anything else before nor after it.\nأسف، هوة مو جوا هلأ.\nTranslation:'}]}]",,0,0,0,0,0,ar,False,None,None,None
OpenAIAPI:gpt-4o-2024-05-13,False,لدينا غرفة مزدوجة بحمام بخمسة و ثمانين دولار .,['لدينا غرفة لشخصين مع حمام بخمسة وثمانين دولارًا.'],['stop'],<wandb.sdk.data_types.html.Html object at 0x7fc3e8619c40>,15.27678022374703,59.49142874815262,"[{'role': 'User', 'content': [{'type': 'text', 'text': 'Translate from Syrian Arabic into Modern Standard Arabic. Output only the translation, do NOT output anything else before nor after it.\nعنا غرفة لشخصين مع حمام بخمسة وتمانين دولار.\nTranslation:'}]}]",,0,0,0,0,0,ar,False,None,None,None
OpenAIAPI:gpt-4o-2024-05-13,False,آه ، كلا . من فضلك أسرع . إننا متأخرون .,['يا، لا. أسرع رجاءً. تأخرنا.'],['stop'],<wandb.sdk.data_types.html.Html object at 0x7fc3e8619c70>,5.862244939055158,19.204108562187123,"[{'role': 'User', 'content': [{'type': 'text', 'text': 'Translate from Syrian Arabic into Modern Standard Arabic. Output only the translation, do NOT output anything else before nor after it.\nيا، لاء. استعجل رجاءً. تأخرنا.\nTranslation:'}]}]",,0,0,0,0,0,ar,False,None,None,None
OpenAIAPI:gpt-4o-2024-05-13,False,وهو كذلك . هل فندق شيراتون قريب من هناك ؟,['حسنًا. هل فندق الشيراتون قريب من هنا؟'],['stop'],<wandb.sdk.data_types.html.Html object at 0x7fc3e86193a0>,32.90385879986622,57.43141114452691,"[{'role': 'User', 'content': [{'type': 'text', 'text': 'Translate from Syrian Arabic into Modern Standard Arabic. Output only the translation, do NOT output anything else before nor after it.\nطيب. فندق الشيراتون قريب من هون؟\nTranslation:'}]}]",,0,0,0,0,0,ar,False,None,None,None
OpenAIAPI:gpt-4o-2024-05-13,False,هل يجب على أن أجيب بـ نعم أو بـ لا ؟,['قل نعم أم لا؟'],['stop'],<wandb.sdk.data_types.html.Html object at 0x7fc3e8619430>,2.099844458473431,10.992833515265943,"[{'role': 'User', 'content': [{'type': 'text', 'text': 'Translate from Syrian Arabic into Modern Standard Arabic. Output only the translation, do NOT output anything else before nor after it.\nقول اي ولا لاء؟\nTranslation:'}]}]",,0,0,0,0,0,ar,False,None,None,None
OpenAIAPI:gpt-4o-2024-05-13,False,هذه هي الغرفة اثنا عشر صفر سبعة .,['هي الغرفة رقم اثني عشر صفر سبعة.'],['stop'],<wandb.sdk.data_types.html.Html object at 0x7fc3e8619310>,32.46679154750989,63.60047380156075,"[{'role': 'User', 'content': [{'type': 'text', 'text': 'Translate from Syrian Arabic into Modern Standard Arabic. Output only the translation, do NOT output anything else before nor after it.\nهي الغرفة رقم اطنعش صفر سبعة.\nTranslation:'}]}]",,0,0,0,0,0,ar,False,None,None,None
OpenAIAPI:gpt-4o-2024-05-13,False,انتقلنا إلى هذا المنزل منذ عام .,['انتقلنا إلى هذا البيت منذ سنة.'],['stop'],<wandb.sdk.data_types.html.Html object at 0x7fc3e8619e50>,46.713797772819994,57.10154817400369,"[{'role': 'User', 'content': [{'type': 'text', 'text': 'Translate from Syrian Arabic into Modern Standard Arabic. Output only the translation, do NOT output anything else before nor after it.\nانتقلنا على هاد البيت من سنة.\nTranslation:'}]}]",,0,0,0,0,0,ar,False,None,None,None
OpenAIAPI:gpt-4o-2024-05-13,False,ما الرقم الذي أطلب منه هنا ؟,['ما هو الرقم الذي يجب أن أتصل به من هنا؟'],['stop'],<wandb.sdk.data_types.html.Html object at 0x7fc3e8619df0>,13.065113298388567,42.164918284480855,"[{'role': 'User', 'content': [{'type': 'text', 'text': 'Translate from Syrian Arabic into Modern Standard Arabic. Output only the translation, do NOT output anything else before nor after it.\nشو الرقم يللي لازم اتصل فيه من هون؟\nTranslation:'}]}]",,0,0,0,0,0,ar,False,None,None,None
OpenAIAPI:gpt-4o-2024-05-13,False,إجمالي ميزانيتنا حوالي خمسين دولاراًً لثلاثة أشخاص .,['ميزانيتنا تقريباً هي خمسون دولاراً بالمجمل لثلاثة أشخاص.'],['stop'],<wandb.sdk.data_types.html.Html object at 0x7fc3e8619be0>,39.328368415488114,52.32479972009334,"[{'role': 'User', 'content': [{'type': 'text', 'text': 'Translate from Syrian Arabic into Modern Standard Arabic. Output only the translation, do NOT output anything else before nor after it.\nميزانيتنا تقريباً هية خمسين دولار بالمجمل لتلات أشخاص.\nTranslation:'}]}]",,0,0,0,0,0,ar,False,None,None,None
OpenAIAPI:gpt-4o-2024-05-13,False,أريد غرفة أخرى .,['أريد غرفة أخرى.'],['stop'],<wandb.sdk.data_types.html.Html object at 0x7fc3e8619a30>,59.460355750136046,100.0,"[{'role': 'User', 'content': [{'type': 'text', 'text': 'Translate from Syrian Arabic into Modern Standard Arabic. Output only the translation, do NOT output anything else before nor after it.\nبدي غرفة غيرها.\nTranslation:'}]}]",,0,0,0,0,0,ar,False,None,None,None
OpenAIAPI:gpt-4o-2024-05-13,False,هل يمكن أن تخبرين باسم ورقم الطرف الذي تريد الاتصال به ؟,['هل يمكنك إعطائي اسم ورقم الشخص الذي تريد الاتصال به؟'],['stop'],<wandb.sdk.data_types.html.Html object at 0x7fc3e8619f10>,25.604182037885934,53.738502562250304,"[{'role': 'User', 'content': [{'type': 'text', 'text': 'Translate from Syrian Arabic into Modern Standard Arabic. Output only the translation, do NOT output anything else before nor after it.\nممكن تعطيني اسم و رقم الشخص يللي بدك تتصل فيه؟\nTranslation:'}]}]",,0,0,0,0,0,ar,False,None,None,None
OpenAIAPI:gpt-4o-2024-05-13,False,لنستخدم كيس بارد لتخفيف الألم .,['دعنا نضع كمادة باردة لتخفيف الألم.'],['stop'],<wandb.sdk.data_types.html.Html object at 0x7fc3e86199a0>,36.362270465000705,46.964514166784035,"[{'role': 'User', 'content': [{'type': 'text', 'text': 'Translate from Syrian Arabic into Modern Standard Arabic. Output only the translation, do NOT output anything else before nor after it.\nخلينا نحط كمادة باردة لنخفف الوجع.\nTranslation:'}]}]",,0,0,0,0,0,ar,False,None,None,None
OpenAIAPI:gpt-4o-2024-05-13,False,هاك جواز سفري .,['هذا جواز سفري.'],['stop'],<wandb.sdk.data_types.html.Html object at 0x7fc3e85d4310>,32.555630133216134,70.29626623376623,"[{'role': 'User', 'content': [{'type': 'text', 'text': 'Translate from Syrian Arabic into Modern Standard Arabic. Output only the translation, do NOT output anything else before nor after it.\nهاد جواز سفري.\nTranslation:'}]}]",,0,0,0,0,0,ar,False,None,None,None
OpenAIAPI:gpt-4o-2024-05-13,False,لا زالت غالية جدا . هل من الممكن أن آخذها بثلاثة دولارات ؟,['لا يزال غاليًا جدًا. لا أستطيع أخذه بثلاثة دولارات؟'],['stop'],<wandb.sdk.data_types.html.Html object at 0x7fc3e85d4fd0>,22.115966812339867,33.10142359850623,"[{'role': 'User', 'content': [{'type': 'text', 'text': 'Translate from Syrian Arabic into Modern Standard Arabic. Output only the translation, do NOT output anything else before nor after it.\nلساته غالي كتير. مافيني آخده بتلاتة دولار؟\nTranslation:'}]}]",,0,0,0,0,0,ar,False,None,None,None
OpenAIAPI:gpt-4o-2024-05-13,False,اعتقد أن هناك خطأ في الفاتورة .,['أظن أن هناك خطأ في الفاتورة.'],['stop'],<wandb.sdk.data_types.html.Html object at 0x7fc3e85d4ee0>,72.59795291154772,80.44731299110963,"[{'role': 'User', 'content': [{'type': 'text', 'text': 'Translate from Syrian Arabic into Modern Standard Arabic. Output only the translation, do NOT output anything else before nor after it.\nبظن في خطأ بالفاتورة.\nTranslation:'}]}]",,0,0,0,0,0,ar,False,None,None,None
OpenAIAPI:gpt-4o-2024-05-13,False,نعم ، لكن ليس قويا جدا .,['نعم. لكن لا يكون ثقيلاً جداً.'],['stop'],<wandb.sdk.data_types.html.Html object at 0x7fc3e85d4df0>,4.456882760699063,24.132426710379537,"[{'role': 'User', 'content': [{'type': 'text', 'text': 'Translate from Syrian Arabic into Modern Standard Arabic. Output only the translation, do NOT output anything else before nor after it.\nاي. بس ما يكون تقيل كتير.\nTranslation:'}]}]",,0,0,0,0,0,ar,False,None,None,None
OpenAIAPI:gpt-4o-2024-05-13,False,كود المنطقة هو ثلاثة . ورقم الهاتف هو اثنان ثلاثة أربعة ثلاثة أربعة صفر صفر .,['رمز المنطقة هو ثلاثة. رقم الهاتف هو اثنان ثلاثة أربعة ثلاثة أربعة صفر صفر.'],['stop'],<wandb.sdk.data_types.html.Html object at 0x7fc3e85d4d00>,64.53403586930145,87.90135550912491,"[{'role': 'User', 'content': [{'type': 'text', 'text': 'Translate from Syrian Arabic into Modern Standard Arabic. Output only the translation, do NOT output anything else before nor after it.\nرمز المنطقة هوة تلاتة. رقم التلفون هوة اتنين تلاتة أربعة تلاتة أربعة صفر صفر.\nTranslation:'}]}]",,0,0,0,0,0,ar,False,None,None,None
OpenAIAPI:gpt-4o-2024-05-13,False,أريد غرفة مفردة بحمام لقاء ثمانين دولارا ، من فضلك .,['أريد غرفة لشخص واحد مع حمام بثمانين دولارًا، من فضلك.'],['stop'],<wandb.sdk.data_types.html.Html object at 0x7fc3e85d4c10>,7.012887580040736,52.12116691359048,"[{'role': 'User', 'content': [{'type': 'text', 'text': 'Translate from Syrian Arabic into Modern Standard Arabic. Output only the translation, do NOT output anything else before nor after it.\nبدي غرفة لشخص واحد مع حمام بتمانين دولار، لو سمحت.\nTranslation:'}]}]",,0,0,0,0,0,ar,False,None,None,None
OpenAIAPI:gpt-4o-2024-05-13,False,"متى يجري عرض فيلم "" رجل المحطة الأخيرة "" ؟",['في أي ساعة يُعرض تيرمينال مان؟'],['stop'],<wandb.sdk.data_types.html.Html object at 0x7fc3e85d4c70>,0.0,10.483110131445768,"[{'role': 'User', 'content': [{'type': 'text', 'text': 'Translate from Syrian Arabic into Modern Standard Arabic. Output only the translation, do NOT output anything else before nor after it.\nأي ساعة عم ينعرض تيرمينال مان؟\nTranslation:'}]}]",,0,0,0,0,0,ar,False,None,None,None
OpenAIAPI:gpt-4o-2024-05-13,False,من فضلك ادخل رقم هويتك الشخصية .,['يرجى إدخال رقم التعريف الشخصي.'],['stop'],<wandb.sdk.data_types.html.Html object at 0x7fc3e85d45e0>,4.456882760699063,23.87249767613528,"[{'role': 'User', 'content': [{'type': 'text', 'text': 'Translate from Syrian Arabic into Modern Standard Arabic. Output only the translation, do NOT output anything else before nor after it.\nرجاءً أدخل رقم التعريف الشخصي.\nTranslation:'}]}]",,0,0,0,0,0,ar,False,None,None,None
OpenAIAPI:gpt-4o-2024-05-13,False,هل لك أن تزن هذا الطرد ؟,['هل يمكنك تزيين هذا الطرد؟'],['stop'],<wandb.sdk.data_types.html.Html object at 0x7fc3e85d44f0>,20.164945583740657,43.878432833693296,"[{'role': 'User', 'content': [{'type': 'text', 'text': 'Translate from Syrian Arabic into Modern Standard Arabic. Output only the translation, do NOT output anything else before nor after it.\nممكن تزين هاد الطرد؟\nTranslation:'}]}]",,0,0,0,0,0,ar,False,None,None,None
OpenAIAPI:gpt-4o-2024-05-13,False,هاك عشرين دولارا واعطني فكة دولارين من فضلك .,['هذه عشرون وأعطني دولارين نقداً، لو سمحت.'],['stop'],<wandb.sdk.data_types.html.Html object at 0x7fc3e85d4400>,5.847275578505034,21.699046672313205,"[{'role': 'User', 'content': [{'type': 'text', 'text': 'Translate from Syrian Arabic into Modern Standard Arabic. Output only the translation, do NOT output anything else before nor after it.\nهدول عشرين وعطيني دولارين فراطة، لو سمحت.\nTranslation:'}]}]",,0,0,0,0,0,ar,False,None,None,None
OpenAIAPI:gpt-4o-2024-05-13,False,رقم مقعدي دي اثنا عشر . أين هو ؟,['رقم مقعدي هو اثنا عشر. أين هو؟'],['stop'],<wandb.sdk.data_types.html.Html object at 0x7fc3e85d4910>,34.172334076593074,75.10825741759153,"[{'role': 'User', 'content': [{'type': 'text', 'text': 'Translate from Syrian Arabic into Modern Standard Arabic. Output only the translation, do NOT output anything else before nor after it.\nرقم مقعدي هوة دي اطنعش. وينه؟\nTranslation:'}]}]",,0,0,0,0,0,ar,False,None,None,None
OpenAIAPI:gpt-4o-2024-05-13,False,في أي محطة سأنزل للذهاب إلى مبنى إمباير ستيت ؟,['أي محطة يجب أن أنزل لأذهب إلى مبنى إمباير ستيت؟'],['stop'],<wandb.sdk.data_types.html.Html object at 0x7fc3e85d4790>,53.74512308135862,59.97327754821652,"[{'role': 'User', 'content': [{'type': 'text', 'text': 'Translate from Syrian Arabic into Modern Standard Arabic. Output only the translation, do NOT output anything else before nor after it.\nبأنو محطة لازم انزل لروح على الإمباير ستيت بيلدينج؟\nTranslation:'}]}]",,0,0,0,0,0,ar,False,None,None,None
OpenAIAPI:gpt-4o-2024-05-13,False,واحد لنيويورك ، من فضلك .,['واحد إلى نيويورك، إذا أمكن.'],['stop'],<wandb.sdk.data_types.html.Html object at 0x7fc3e85d4820>,5.669791110976001,35.92923445923028,"[{'role': 'User', 'content': [{'type': 'text', 'text': 'Translate from Syrian Arabic into Modern Standard Arabic. Output only the translation, do NOT output anything else before nor after it.\nواحد على نيويورك، إذا ممكن.\nTranslation:'}]}]",,0,0,0,0,0,ar,False,None,None,None
OpenAIAPI:gpt-4o-2024-05-13,False,أسف ، هذا المكان محجوز بالفعل .,['أعتذر. هذا المكان محجوز.'],['stop'],<wandb.sdk.data_types.html.Html object at 0x7fc3e85d4700>,39.281465090051306,52.74183161419005,"[{'role': 'User', 'content': [{'type': 'text', 'text': 'Translate from Syrian Arabic into Modern Standard Arabic. Output only the translation, do NOT output anything else before nor after it.\nبعتذر. هالمكان محجوز.\nTranslation:'}]}]",,0,0,0,0,0,ar,False,None,None,None
OpenAIAPI:gpt-4o-2024-05-13,False,هيه ، هذا فستان جميل حقا .,['مرحبًا، ما هذا الفستان الجميل.'],['stop'],<wandb.sdk.data_types.html.Html object at 0x7fc3e85d4070>,4.02724819242185,25.479692023339044,"[{'role': 'User', 'content': [{'type': 'text', 'text': 'Translate from Syrian Arabic into Modern Standard Arabic. Output only the translation, do NOT output anything else before nor after it.\nمرحبا، شو هالفستان الحلو.\nTranslation:'}]}]",,0,0,0,0,0,ar,False,None,None,None
OpenAIAPI:gpt-4o-2024-05-13,False,معذرةً . هل لي بأن انتهي من هذا الأمر ؟,['عذراً. هل يمكنني المرور؟'],['stop'],<wandb.sdk.data_types.html.Html object at 0x7fc3e85d48b0>,3.696719741302181,18.8979845416197,"[{'role': 'User', 'content': [{'type': 'text', 'text': 'Translate from Syrian Arabic into Modern Standard Arabic. Output only the translation, do NOT output anything else before nor after it.\nعفواً. ممكن مر؟\nTranslation:'}]}]",,0,0,0,0,0,ar,False,None,None,None
OpenAIAPI:gpt-4o-2024-05-13,False,عندئذ ، ستأتي إلى شارع تسوق . إذا سلكت الشارع ستصل إلى المحطة .,['بعد ذلك، تصل إلى شارع التسوق. إذا أكملت السير في الشارع تصل إلى المحطة.'],['stop'],<wandb.sdk.data_types.html.Html object at 0x7fc3e85d4850>,16.497440012799224,51.446727818911306,"[{'role': 'User', 'content': [{'type': 'text', 'text': 'Translate from Syrian Arabic into Modern Standard Arabic. Output only the translation, do NOT output anything else before nor after it.\nبعدين، بتوصل على شارع تسوق. إذا كملت الشارع بتوصل عالمحطة.\nTranslation:'}]}]",,0,0,0,0,0,ar,False,None,None,None
OpenAIAPI:gpt-4o-2024-05-13,False,فاتتني محطتي .,['فاتتني المحطة.'],['stop'],<wandb.sdk.data_types.html.Html object at 0x7fc3e85d4f10>,25.57539057896621,41.39121588333939,"[{'role': 'User', 'content': [{'type': 'text', 'text': 'Translate from Syrian Arabic into Modern Standard Arabic. Output only the translation, do NOT output anything else before nor after it.\nراحت عليي المحطة.\nTranslation:'}]}]",,0,0,0,0,0,ar,False,None,None,None
OpenAIAPI:gpt-4o-2024-05-13,False,أجل أريد شيئاً أقرؤه .,['نعم، أريد شيئًا أقرؤه.'],['stop'],<wandb.sdk.data_types.html.Html object at 0x7fc3e85d4550>,25.965358893403383,48.870003618886514,"[{'role': 'User', 'content': [{'type': 'text', 'text': 'Translate from Syrian Arabic into Modern Standard Arabic. Output only the translation, do NOT output anything else before nor after it.\nاي، بدي شي اقرؤه.\nTranslation:'}]}]",,0,0,0,0,0,ar,False,None,None,None
OpenAIAPI:gpt-4o-2024-05-13,False,أي فيلم توصي به ؟,['بأي فيلم تنصح؟'],['stop'],<wandb.sdk.data_types.html.Html object at 0x7fc3e85d4c40>,8.745825313180626,37.2602911242612,"[{'role': 'User', 'content': [{'type': 'text', 'text': 'Translate from Syrian Arabic into Modern Standard Arabic. Output only the translation, do NOT output anything else before nor after it.\nبأيا فيلم بتنصح؟\nTranslation:'}]}]",,0,0,0,0,0,ar,False,None,None,None
OpenAIAPI:gpt-4o-2024-05-13,False,أريد هدية بمناسبة الذكرى السنوية .,['أريد هدية لذكرى سنوية.'],['stop'],<wandb.sdk.data_types.html.Html object at 0x7fc3e85d4d60>,11.56970650765539,43.4122090365661,"[{'role': 'User', 'content': [{'type': 'text', 'text': 'Translate from Syrian Arabic into Modern Standard Arabic. Output only the translation, do NOT output anything else before nor after it.\nبدي هدية لذكرى سنوية.\nTranslation:'}]}]",,0,0,0,0,0,ar,False,None,None,None
OpenAIAPI:gpt-4o-2024-05-13,False,هل هناك فرقة موسيقية أم دي جي ؟,['هل هناك فرقة موسيقية حية أم دي جي؟'],['stop'],<wandb.sdk.data_types.html.Html object at 0x7fc3e85d4250>,65.45582749064344,85.80372666336375,"[{'role': 'User', 'content': [{'type': 'text', 'text': 'Translate from Syrian Arabic into Modern Standard Arabic. Output only the translation, do NOT output anything else before nor after it.\nفي فرقة لايف ولا دي جي؟\nTranslation:'}]}]",,0,0,0,0,0,ar,False,None,None,None
OpenAIAPI:gpt-4o-2024-05-13,False,أود بعض البيجامات .,['أريد بعض البيجامات.'],['stop'],<wandb.sdk.data_types.html.Html object at 0x7fc3e85d4460>,61.47881529512643,81.25658157937387,"[{'role': 'User', 'content': [{'type': 'text', 'text': 'Translate from Syrian Arabic into Modern Standard Arabic. Output only the translation, do NOT output anything else before nor after it.\nبدي كم بيجامة.\nTranslation:'}]}]",,0,0,0,0,0,ar,False,None,None,None
OpenAIAPI:gpt-4o-2024-05-13,False,الجو ابرد من المعتاد هذا العام ، لكنه ليس باردا بما يكفى لتساقط الثلج .,['السنة أبرد من غيرها، ولكن ليس لدرجة تساقط الثلج.'],['stop'],<wandb.sdk.data_types.html.Html object at 0x7fc3e85d49d0>,7.622963727866634,26.1668417924492,"[{'role': 'User', 'content': [{'type': 'text', 'text': 'Translate from Syrian Arabic into Modern Standard Arabic. Output only the translation, do NOT output anything else before nor after it.\nالسنة أبرد من غيرها، بس مو لدرجة ينزل تلج.\nTranslation:'}]}]",,0,0,0,0,0,ar,False,None,None,None
OpenAIAPI:gpt-4o-2024-05-13,False,هل يمكن أن أرجع ظهر مقعدي إلى الخلف ، من فضلك .,['هل يمكنني إرجاع مقعدي إلى الخلف، من فضلك؟'],['stop'],<wandb.sdk.data_types.html.Html object at 0x7fc3e85d4a00>,35.08365347103021,54.86208570105134,"[{'role': 'User', 'content': [{'type': 'text', 'text': 'Translate from Syrian Arabic into Modern Standard Arabic. Output only the translation, do NOT output anything else before nor after it.\nممكن رجع مقعدي لورا، لو سمحت؟\nTranslation:'}]}]",,0,0,0,0,0,ar,False,None,None,None
OpenAIAPI:gpt-4o-2024-05-13,False,إنه صحيح هنا .,['ها هو هنا.'],['stop'],<wandb.sdk.data_types.html.Html object at 0x7fc3e85d49a0>,15.97357760615681,25.19899091968766,"[{'role': 'User', 'content': [{'type': 'text', 'text': 'Translate from Syrian Arabic into Modern Standard Arabic. Output only the translation, do NOT output anything else before nor after it.\nليكه هون.\nTranslation:'}]}]",,0,0,0,0,0,ar,False,None,None,None
OpenAIAPI:gpt-4o-2024-05-13,False,اسمي ميتشكو تاناكا ، ورقم الرحلة إلى طوكيو هو خمسة ، صفر ، واحد .,['اسمي ميتشيكو تاناكا، ورقم الرحلة هو خمسة صفر واحد إلى طوكيو.'],['stop'],<wandb.sdk.data_types.html.Html object at 0x7fc3e85ece80>,37.09421756361298,63.61596223556909,"[{'role': 'User', 'content': [{'type': 'text', 'text': 'Translate from Syrian Arabic into Modern Standard Arabic. Output only the translation, do NOT output anything else before nor after it.\nاسمي ميتشيكو تاناكا، ورقم الرحلة هوة خمسة صفر واحد على طوكيو.\nTranslation:'}]}]",,0,0,0,0,0,ar,False,None,None,None
OpenAIAPI:gpt-4o-2024-05-13,False,الملابس الطويلة هي الموضة الآن .,['الأطول هم الموضة الآن.'],['stop'],<wandb.sdk.data_types.html.Html object at 0x7fc3e85ec880>,26.70867978449923,43.76110162820205,"[{'role': 'User', 'content': [{'type': 'text', 'text': 'Translate from Syrian Arabic into Modern Standard Arabic. Output only the translation, do NOT output anything else before nor after it.\nالأطول هنن موضة هلأ.\nTranslation:'}]}]",,0,0,0,0,0,ar,False,None,None,None
OpenAIAPI:gpt-4o-2024-05-13,False,بالتأكيد سوف ترسلهم ، أليس كذلك ؟,['سأرسلهم بالتأكيد، صحيح؟'],['stop'],<wandb.sdk.data_types.html.Html object at 0x7fc3e85ec550>,6.770186228657864,27.501329066059345,"[{'role': 'User', 'content': [{'type': 'text', 'text': 'Translate from Syrian Arabic into Modern Standard Arabic. Output only the translation, do NOT output anything else before nor after it.\nرح تبعتهن عالأكيد، صح؟\nTranslation:'}]}]",,0,0,0,0,0,ar,False,None,None,None
OpenAIAPI:gpt-4o-2024-05-13,False,لا أعرف كثيراً عن النبيذ ؟ ماذا يناسب هذا الطبق ؟,['لا أعرف الكثير عن النبيذ. ما المناسب لهذه الوجبة؟'],['stop'],<wandb.sdk.data_types.html.Html object at 0x7fc3e85ec160>,17.694975149532556,36.53531564983489,"[{'role': 'User', 'content': [{'type': 'text', 'text': 'Translate from Syrian Arabic into Modern Standard Arabic. Output only the translation, do NOT output anything else before nor after it.\nما بعرف كتير عن النبيت. شو المناسب لهي الوجبة؟\nTranslation:'}]}]",,0,0,0,0,0,ar,False,None,None,None
OpenAIAPI:gpt-4o-2024-05-13,False,ملابسه دائماً موضة قديمة .,['ملابسه دائماً تالفة.'],['stop'],<wandb.sdk.data_types.html.Html object at 0x7fc3e85ec070>,40.26190971287384,50.693774466595045,"[{'role': 'User', 'content': [{'type': 'text', 'text': 'Translate from Syrian Arabic into Modern Standard Arabic. Output only the translation, do NOT output anything else before nor after it.\nأواعيه دائماً بطلانة.\nTranslation:'}]}]",,0,0,0,0,0,ar,False,None,None,None
