estimator,completion,generations,finish_reasons,turns,response_spBLEU,response_chrF,_raw_turns,from_cache,chat_preamble,documents,dialectid_score,dialectid_prob,dialectness,macro_prob,macro_score,desired_output_dialect,too_few_tokens,error,error_traceback
Blobheart:command-r,Are there any stewardesses who speak Japanese?,['Are there any flight attendants who speak Japanese?'],['COMPLETE'],<wandb.sdk.data_types.html.Html object at 0x7f7d3e1d5a30>,37.99178428257963,67.68443263123511,"[{'role': 'User', 'content': [{'type': 'text', 'text': 'Translate from Algerian Arabic into English. Output only the translation, do NOT output anything else before nor after it.\nكاين مضيفات يهدرو اللغة اليابانية؟\nTranslation:'}]}]",True,,(),0.0,0.0,0.0,0.0,0.0,en,False,None,None
Blobheart:command-r,"Coffee with cream and sugar, please.","[""Please, I'd like a coffee with cream and sugar.""]",['COMPLETE'],<wandb.sdk.data_types.html.Html object at 0x7f7d3e1498e0>,21.401603033752977,68.94867653018221,"[{'role': 'User', 'content': [{'type': 'text', 'text': 'Translate from Algerian Arabic into English. Output only the translation, do NOT output anything else before nor after it.\nقهوة بالكريمة و السكر، من فضلك.\nTranslation:'}]}]",True,,(),0.0,0.0,0.0,0.0,0.0,en,False,None,None
Blobheart:command-r,Is there any stewardess who speaks Japanese?,['Is there a flight attendant who speaks Japanese?'],['COMPLETE'],<wandb.sdk.data_types.html.Html object at 0x7f7d3e149e20>,40.35278637463991,61.768819267387556,"[{'role': 'User', 'content': [{'type': 'text', 'text': 'Translate from Algerian Arabic into English. Output only the translation, do NOT output anything else before nor after it.\nكاين مضيفة تهدر اللغة اليابانية؟\nTranslation:'}]}]",True,,(),0.0,0.0,0.0,0.0,0.0,en,False,None,None
Blobheart:command-r,I lost my claim tag.,['I lost my receipt card.'],['COMPLETE'],<wandb.sdk.data_types.html.Html object at 0x7f7d3e149610>,26.269098944241588,40.3256044602941,"[{'role': 'User', 'content': [{'type': 'text', 'text': 'Translate from Algerian Arabic into English. Output only the translation, do NOT output anything else before nor after it.\nضاعلي بطاقة الاستلام ديالي.\nTranslation:'}]}]",True,,(),0.0,0.0,0.0,0.0,0.0,en,False,None,None
Blobheart:command-r,Let's get together to discuss this further.,['We succeeded in deepening the question.'],['COMPLETE'],<wandb.sdk.data_types.html.Html object at 0x7f7d3e1490a0>,4.196114906296549,9.903567271495506,"[{'role': 'User', 'content': [{'type': 'text', 'text': 'Translate from Algerian Arabic into English. Output only the translation, do NOT output anything else before nor after it.\nننجحوا في تعميق السؤال.\nTranslation:'}]}]",True,,(),0.0,0.0,0.0,0.0,0.0,en,False,None,None
Blobheart:command-r,I want to see the harbor.,"[""I'd love to see the port.""]",['COMPLETE'],<wandb.sdk.data_types.html.Html object at 0x7f7d3e149d00>,20.164945583740657,38.165818959162614,"[{'role': 'User', 'content': [{'type': 'text', 'text': 'Translate from Algerian Arabic into English. Output only the translation, do NOT output anything else before nor after it.\nراني حاب نشوف الميناء.\nTranslation:'}]}]",True,,(),0.0,0.0,0.0,0.0,0.0,en,False,None,None
Blobheart:command-r,Where's the nearest chemist?,"[""Where's the nearest pharmacy from here?""]",['COMPLETE'],<wandb.sdk.data_types.html.Html object at 0x7f7d3e149a60>,47.987820666906615,62.3694079639002,"[{'role': 'User', 'content': [{'type': 'text', 'text': 'Translate from Algerian Arabic into English. Output only the translation, do NOT output anything else before nor after it.\nوين راهي الصيدلية القريبة من هنا؟\nTranslation:'}]}]",True,,(),0.0,0.0,0.0,0.0,0.0,en,False,None,None
Blobheart:command-r,I think it's scenic.,"[""We think it's awesome.""]",['COMPLETE'],<wandb.sdk.data_types.html.Html object at 0x7f7d3e1490d0>,37.68499164492418,44.953368948907666,"[{'role': 'User', 'content': [{'type': 'text', 'text': 'Translate from Algerian Arabic into English. Output only the translation, do NOT output anything else before nor after it.\nنظن بلي رائع.\nTranslation:'}]}]",True,,(),0.0,0.0,0.0,0.0,0.0,en,False,None,None
Blobheart:command-r,What is playing at the concert hall today?,"[""What's going on in the party hall today?""]",['COMPLETE'],<wandb.sdk.data_types.html.Html object at 0x7f7d3e149280>,15.851165692617148,38.18614233339608,"[{'role': 'User', 'content': [{'type': 'text', 'text': 'Translate from Algerian Arabic into English. Output only the translation, do NOT output anything else before nor after it.\nواش راهو يصرا في صالة الحفلة اليوم؟\nTranslation:'}]}]",True,,(),0.0,0.0,0.0,0.0,0.0,en,False,None,None
Blobheart:command-r,Take me to the hospital.,['Take me to the hospital.'],['COMPLETE'],<wandb.sdk.data_types.html.Html object at 0x7f7d3e149c40>,100.00000000000004,100.0,"[{'role': 'User', 'content': [{'type': 'text', 'text': 'Translate from Algerian Arabic into English. Output only the translation, do NOT output anything else before nor after it.\nاديني للمستشفى.\nTranslation:'}]}]",True,,(),0.0,0.0,0.0,0.0,0.0,en,False,None,None
Blobheart:command-r,"Oh, it's nothing. You're here, anyway.","[""Oh, it's nothing. Now that you're here.""]",['COMPLETE'],<wandb.sdk.data_types.html.Html object at 0x7f7d3e149970>,54.45178846139407,62.21643401478636,"[{'role': 'User', 'content': [{'type': 'text', 'text': 'Translate from Algerian Arabic into English. Output only the translation, do NOT output anything else before nor after it.\nأوه، ماشي حاجة. مادام راك هنا.\nTranslation:'}]}]",True,,(),0.0,0.0,0.0,0.0,0.0,en,False,None,None
Blobheart:command-r,"You were supposed to take flight eight two zero, which took off fifteen minutes ago. All right. I can arrange another flight for you.","['You should have given her Flight 820, which left fifteen minutes ago. Yes, we can book you on the next available flight.']",['COMPLETE'],<wandb.sdk.data_types.html.Html object at 0x7f7d3e149850>,17.951428835337225,33.580228959379646,"[{'role': 'User', 'content': [{'type': 'text', 'text': 'Translate from Algerian Arabic into English. Output only the translation, do NOT output anything else before nor after it.\nكان لازم عليك تدي الرحلة ثمان مئة وعشرون لي راحت عندها خمسة عشر دقيقة. ايه. نقدر نصيبلك رحلة واحدوخرا.\nTranslation:'}]}]",True,,(),0.0,0.0,0.0,0.0,0.0,en,False,None,None
Blobheart:command-r,The tooth is loose.,['The tooth is coming loose.'],['COMPLETE'],<wandb.sdk.data_types.html.Html object at 0x7f7d3e1497f0>,50.000000000000014,75.8671823021417,"[{'role': 'User', 'content': [{'type': 'text', 'text': 'Translate from Algerian Arabic into English. Output only the translation, do NOT output anything else before nor after it.\nالسن راهي تنفك.\nTranslation:'}]}]",True,,(),0.0,0.0,0.0,0.0,0.0,en,False,None,None
Blobheart:command-r,"A non-smoking seat, please.","['A non-smoking area, please.']",['COMPLETE'],<wandb.sdk.data_types.html.Html object at 0x7f7d3e0cbcd0>,59.694917920196445,71.2042767491852,"[{'role': 'User', 'content': [{'type': 'text', 'text': 'Translate from Algerian Arabic into English. Output only the translation, do NOT output anything else before nor after it.\nمكان لغير المدخنين، من فضلك.\nTranslation:'}]}]",True,,(),0.0,0.0,0.0,0.0,0.0,en,False,None,None
Blobheart:command-r,How much are fresh mushrooms?,['How much does fresh mushroom cost?'],['COMPLETE'],<wandb.sdk.data_types.html.Html object at 0x7f7d3e0cbbe0>,16.515821590069027,59.65488195205503,"[{'role': 'User', 'content': [{'type': 'text', 'text': 'Translate from Algerian Arabic into English. Output only the translation, do NOT output anything else before nor after it.\nشحال يدير الفطر الطازج؟\nTranslation:'}]}]",True,,(),0.0,0.0,0.0,0.0,0.0,en,False,None,None
Blobheart:command-r,"If possible, I'd rather not have the tooth out.","[""If possible, we'd prefer not to extract the wisdom tooth.""]",['COMPLETE'],<wandb.sdk.data_types.html.Html object at 0x7f7d3e0cbaf0>,14.62806365365753,41.58093020244979,"[{'role': 'User', 'content': [{'type': 'text', 'text': 'Translate from Algerian Arabic into English. Output only the translation, do NOT output anything else before nor after it.\nاذا ممكن، نفضل متنحيليش الضرسة.\nTranslation:'}]}]",True,,(),0.0,0.0,0.0,0.0,0.0,en,False,None,None
Blobheart:command-r,We'd like a room overlooking the lake.,['We would like a room overlooking the lake.'],['COMPLETE'],<wandb.sdk.data_types.html.Html object at 0x7f7d3e0cba00>,73.69231628533761,88.25348263257582,"[{'role': 'User', 'content': [{'type': 'text', 'text': 'Translate from Algerian Arabic into English. Output only the translation, do NOT output anything else before nor after it.\nرانا حابين غرفة تطل على البحيرة.\nTranslation:'}]}]",True,,(),0.0,0.0,0.0,0.0,0.0,en,False,None,None
Blobheart:command-r,"I understand, but I can't say it.","[""I understand, but I can't tell him.""]",['COMPLETE'],<wandb.sdk.data_types.html.Html object at 0x7f7d3e0cb910>,69.89307622784945,74.54877748404012,"[{'role': 'User', 'content': [{'type': 'text', 'text': 'Translate from Algerian Arabic into English. Output only the translation, do NOT output anything else before nor after it.\nراني فاهم، بصح منقدرش نقوله.\nTranslation:'}]}]",True,,(),0.0,0.0,0.0,0.0,0.0,en,False,None,None
Blobheart:command-r,I'm looking for some cards that are typically Hawaiian.,"[""I'm looking for some Hawaiian-themed greeting cards specifically.""]",['COMPLETE'],<wandb.sdk.data_types.html.Html object at 0x7f7d3e0cb820>,33.50704079514751,56.31776160945427,"[{'role': 'User', 'content': [{'type': 'text', 'text': 'Translate from Algerian Arabic into English. Output only the translation, do NOT output anything else before nor after it.\nراني نحوس على بطاقات تع هاواي خصيصا.\nTranslation:'}]}]",True,,(),0.0,0.0,0.0,0.0,0.0,en,False,None,None
Blobheart:command-r,"Excuse me. Press the shutter, please.",['Sorry. Please press the shutter button.'],['COMPLETE'],<wandb.sdk.data_types.html.Html object at 0x7f7d3e0cb850>,18.04438612975343,44.38620747755754,"[{'role': 'User', 'content': [{'type': 'text', 'text': 'Translate from Algerian Arabic into English. Output only the translation, do NOT output anything else before nor after it.\nالمعذرة. اضغط على زر التصوير، من فضلك.\nTranslation:'}]}]",True,,(),0.0,0.0,0.0,0.0,0.0,en,False,None,None
Blobheart:command-r,Bonsai sounds like an old person's hobby.,"['The art of bonsai, runs a senior activity.']",['COMPLETE'],<wandb.sdk.data_types.html.Html object at 0x7f7d3e0cb3a0>,4.456882760699063,13.893228915169594,"[{'role': 'User', 'content': [{'type': 'text', 'text': 'Translate from Algerian Arabic into English. Output only the translation, do NOT output anything else before nor after it.\nفن بونساي، يدير نشاط لكبار السن.\nTranslation:'}]}]",True,,(),0.0,0.0,0.0,0.0,0.0,en,False,None,None
Blobheart:command-r,Can I have a multiple ticket?,['Can we get multiple tickets?'],['COMPLETE'],<wandb.sdk.data_types.html.Html object at 0x7f7d3e0cb400>,8.643019616048525,49.686217228667594,"[{'role': 'User', 'content': [{'type': 'text', 'text': 'Translate from Algerian Arabic into English. Output only the translation, do NOT output anything else before nor after it.\nنقدر نتحصل على تذاكر متعددة؟\nTranslation:'}]}]",True,,(),0.0,0.0,0.0,0.0,0.0,en,False,None,None
Blobheart:command-r,"I'd like some apples, please.","[""I'd like some apples, please.""]",['COMPLETE'],<wandb.sdk.data_types.html.Html object at 0x7f7d3e0cbc10>,100.00000000000004,100.0,"[{'role': 'User', 'content': [{'type': 'text', 'text': 'Translate from Algerian Arabic into English. Output only the translation, do NOT output anything else before nor after it.\nراني حاب تفاح، من فضلك.\nTranslation:'}]}]",True,,(),0.0,0.0,0.0,0.0,0.0,en,False,None,None
Blobheart:command-r,You did it.,['I gave it to her.'],['COMPLETE'],<wandb.sdk.data_types.html.Html object at 0x7f7d3e0cbe50>,9.652434877402245,12.205146332704912,"[{'role': 'User', 'content': [{'type': 'text', 'text': 'Translate from Algerian Arabic into English. Output only the translation, do NOT output anything else before nor after it.\nدرتها.\nTranslation:'}]}]",True,,(),0.0,0.0,0.0,0.0,0.0,en,False,None,None
Blobheart:command-r,A hundred and thirty-five yen per dollar.,['One hundred and thirty yen to the dollar.'],['COMPLETE'],<wandb.sdk.data_types.html.Html object at 0x7f7d3e0cbfa0>,26.581560693718632,55.536275579782156,"[{'role': 'User', 'content': [{'type': 'text', 'text': 'Translate from Algerian Arabic into English. Output only the translation, do NOT output anything else before nor after it.\nمئة و خمسة و ثلاثون ين للدولار.\nTranslation:'}]}]",True,,(),0.0,0.0,0.0,0.0,0.0,en,False,None,None
Blobheart:command-r,Is it still fully booked?,['If always immortal?'],['COMPLETE'],<wandb.sdk.data_types.html.Html object at 0x7f7d3e0cbf10>,6.870636427700047,9.079815263106417,"[{'role': 'User', 'content': [{'type': 'text', 'text': 'Translate from Algerian Arabic into English. Output only the translation, do NOT output anything else before nor after it.\nاذا دايمن معمر؟\nTranslation:'}]}]",True,,(),0.0,0.0,0.0,0.0,0.0,en,False,None,None
Blobheart:command-r,What's today's opera?,"[""Who's the opera singer today?""]",['COMPLETE'],<wandb.sdk.data_types.html.Html object at 0x7f7d3e0cb520>,11.99014838091355,32.634277305588576,"[{'role': 'User', 'content': [{'type': 'text', 'text': 'Translate from Algerian Arabic into English. Output only the translation, do NOT output anything else before nor after it.\nشكون الأوبرا تع اليوم؟\nTranslation:'}]}]",True,,(),0.0,0.0,0.0,0.0,0.0,en,False,None,None
Blobheart:command-r,I'd like two round-trip tickets to Oxford.,"[""I'd like two return tickets to Oxford.""]",['COMPLETE'],<wandb.sdk.data_types.html.Html object at 0x7f7d3e0cb670>,53.41952993984788,71.50757514224165,"[{'role': 'User', 'content': [{'type': 'text', 'text': 'Translate from Algerian Arabic into English. Output only the translation, do NOT output anything else before nor after it.\nراني حاب تذكرتين ذهاب اياب لأوكسفورد.\nTranslation:'}]}]",True,,(),0.0,0.0,0.0,0.0,0.0,en,False,None,None
Blobheart:command-r,Where can I buy a coupon lift ticket?,['Where can I purchase a lift ticket?'],['COMPLETE'],<wandb.sdk.data_types.html.Html object at 0x7f7d3e0cb550>,27.98263237576258,58.82547397082591,"[{'role': 'User', 'content': [{'type': 'text', 'text': 'Translate from Algerian Arabic into English. Output only the translation, do NOT output anything else before nor after it.\nوين نقدر نشري تذكرة الرفع؟\nTranslation:'}]}]",True,,(),0.0,0.0,0.0,0.0,0.0,en,False,None,None
Blobheart:command-r,Have you ever heard of a Golden Week in Japan?,['Have you heard of Golden Week in Japan?'],['COMPLETE'],<wandb.sdk.data_types.html.Html object at 0x7f7d3e0cb580>,45.812176049148576,72.83899490365728,"[{'role': 'User', 'content': [{'type': 'text', 'text': 'Translate from Algerian Arabic into English. Output only the translation, do NOT output anything else before nor after it.\nاذا سمعت بأسبوع الذهب فاليابان؟\nTranslation:'}]}]",True,,(),0.0,0.0,0.0,0.0,0.0,en,False,None,None
Blobheart:command-r,It's all the way down the hall.,"[""He's at the end of his tether.""]",['COMPLETE'],<wandb.sdk.data_types.html.Html object at 0x7f7d3e0cb2b0>,8.913765521398126,16.007382898556568,"[{'role': 'User', 'content': [{'type': 'text', 'text': 'Translate from Algerian Arabic into English. Output only the translation, do NOT output anything else before nor after it.\nهو في نهاية الهول.\nTranslation:'}]}]",True,,(),0.0,0.0,0.0,0.0,0.0,en,False,None,None
Blobheart:command-r,"Tell me a good spot of this river, please.","['Can you tell me a nice place along this river, please?']",['COMPLETE'],<wandb.sdk.data_types.html.Html object at 0x7f7d3e0cb340>,22.997519112894437,50.907873340179755,"[{'role': 'User', 'content': [{'type': 'text', 'text': 'Translate from Algerian Arabic into English. Output only the translation, do NOT output anything else before nor after it.\nقلي على مكان جميل على هاذ النهر، من فضلك.\nTranslation:'}]}]",True,,(),0.0,0.0,0.0,0.0,0.0,en,False,None,None
Blobheart:command-r,Our hiking trip should be lots of fun.,['Our tour is going to be awesome.'],['COMPLETE'],<wandb.sdk.data_types.html.Html object at 0x7f7d3e0cb220>,5.660233915657916,17.861444737568064,"[{'role': 'User', 'content': [{'type': 'text', 'text': 'Translate from Algerian Arabic into English. Output only the translation, do NOT output anything else before nor after it.\nالجولة تاعنا رايحا تكون هايلة.\nTranslation:'}]}]",True,,(),0.0,0.0,0.0,0.0,0.0,en,False,None,None
Blobheart:command-r,Could you send it to my address in Japan by collect international parcel post?,['Could you send it to my address in Japan for an international compensation?'],['COMPLETE'],<wandb.sdk.data_types.html.Html object at 0x7f7d3e0cb3d0>,54.21806974540424,67.10009915049272,"[{'role': 'User', 'content': [{'type': 'text', 'text': 'Translate from Algerian Arabic into English. Output only the translation, do NOT output anything else before nor after it.\nتقدر تبعثو لعنواني في اليابان مقابل تعويض دولي؟\nTranslation:'}]}]",True,,(),0.0,0.0,0.0,0.0,0.0,en,False,None,None
Blobheart:command-r,"The emergency exits are located in the front, middle, and back of this plane.","['The emergency exits are located at the front, center, and rear of the device.']",['COMPLETE'],<wandb.sdk.data_types.html.Html object at 0x7f7d3e0cba60>,35.98590234416894,58.13442472001192,"[{'role': 'User', 'content': [{'type': 'text', 'text': 'Translate from Algerian Arabic into English. Output only the translation, do NOT output anything else before nor after it.\nمخارج الطوارئ جايين فالقدام، فالوسط، و من وراء الجهاز.\nTranslation:'}]}]",True,,(),0.0,0.0,0.0,0.0,0.0,en,False,None,None
Blobheart:command-r,I'm looking for something dressy.,"[""I'm looking for an outfit that's stylish.""]",['COMPLETE'],<wandb.sdk.data_types.html.Html object at 0x7f7d3e0cb0d0>,27.824623288353134,45.70890374569762,"[{'role': 'User', 'content': [{'type': 'text', 'text': 'Translate from Algerian Arabic into English. Output only the translation, do NOT output anything else before nor after it.\nراني نحوس على لبسة تكون أنيقة.\nTranslation:'}]}]",True,,(),0.0,0.0,0.0,0.0,0.0,en,False,None,None
Blobheart:command-r,Okay. I'll pick you up at your hotel at eight o'clock.,"[""Agreeed. I'll meet you at your hotel at eight.""]",['COMPLETE'],<wandb.sdk.data_types.html.Html object at 0x7f7d3e0cb100>,35.477305389018234,49.67888975690795,"[{'role': 'User', 'content': [{'type': 'text', 'text': 'Translate from Algerian Arabic into English. Output only the translation, do NOT output anything else before nor after it.\nموافق. نجي نديك للفندق ديالك على الثامنة.\nTranslation:'}]}]",True,,(),0.0,0.0,0.0,0.0,0.0,en,False,None,None
Blobheart:command-r,What street is this?,['What is the name of this road?'],['COMPLETE'],<wandb.sdk.data_types.html.Html object at 0x7f7d3e0cbb50>,7.809849842300637,35.051193535901454,"[{'role': 'User', 'content': [{'type': 'text', 'text': 'Translate from Algerian Arabic into English. Output only the translation, do NOT output anything else before nor after it.\nواسمها هاذ الطريق؟\nTranslation:'}]}]",True,,(),0.0,0.0,0.0,0.0,0.0,en,False,None,None
Blobheart:command-r,August twenty-ninth.,['Twenty-ninth of August.'],['COMPLETE'],<wandb.sdk.data_types.html.Html object at 0x7f7d3e0cb490>,20.164945583740657,60.74249276577445,"[{'role': 'User', 'content': [{'type': 'text', 'text': 'Translate from Algerian Arabic into English. Output only the translation, do NOT output anything else before nor after it.\nالتاسع و عشرون أوت.\nTranslation:'}]}]",True,,(),0.0,0.0,0.0,0.0,0.0,en,False,None,None
Blobheart:command-r,Do you want to settle the bill now?,['Could you please check my bill?'],['COMPLETE'],<wandb.sdk.data_types.html.Html object at 0x7f7d3e0cb160>,5.630400552901077,17.354140350335456,"[{'role': 'User', 'content': [{'type': 'text', 'text': 'Translate from Algerian Arabic into English. Output only the translation, do NOT output anything else before nor after it.\nتقدر تتحقق من الفاتورة ديالي دوكا؟\nTranslation:'}]}]",True,,(),0.0,0.0,0.0,0.0,0.0,en,False,None,None
Blobheart:command-r,I don't have any money.,"[""I don't have any money.""]",['COMPLETE'],<wandb.sdk.data_types.html.Html object at 0x7f7d3e10c7f0>,100.00000000000004,100.0,"[{'role': 'User', 'content': [{'type': 'text', 'text': 'Translate from Algerian Arabic into English. Output only the translation, do NOT output anything else before nor after it.\nمعنديش الدراهم.\nTranslation:'}]}]",True,,(),0.0,0.0,0.0,0.0,0.0,en,False,None,None
Blobheart:command-r,Our top-seller for the last four years has been the AX-four five zero copier.,['The need that has been emphasized over the past four years is the copying machine AX four hundred and fifty.'],['COMPLETE'],<wandb.sdk.data_types.html.Html object at 0x7f7d3e10c3d0>,5.538030403862677,33.53257388665067,"[{'role': 'User', 'content': [{'type': 'text', 'text': 'Translate from Algerian Arabic into English. Output only the translation, do NOT output anything else before nor after it.\nالحاجة لي بعناها كثر هاذ السنوات الأربعة الماضية هي آلة النسخ ايه إيكس أربعمئة و خمسون.\nTranslation:'}]}]",True,,(),0.0,0.0,0.0,0.0,0.0,en,False,None,None
Blobheart:command-r,It fits just right.,['Quite good.'],['COMPLETE'],<wandb.sdk.data_types.html.Html object at 0x7f7d3e10c6a0>,12.44023474812678,7.846535968547444,"[{'role': 'User', 'content': [{'type': 'text', 'text': 'Translate from Algerian Arabic into English. Output only the translation, do NOT output anything else before nor after it.\nمليح تماما.\nTranslation:'}]}]",True,,(),0.0,0.0,0.0,0.0,0.0,en,False,None,None
Blobheart:command-r,I'd like to check my valuables.,['I want to put the important things first.'],['COMPLETE'],<wandb.sdk.data_types.html.Html object at 0x7f7d3e10cb80>,5.61480827173619,9.753161052124367,"[{'role': 'User', 'content': [{'type': 'text', 'text': 'Translate from Algerian Arabic into English. Output only the translation, do NOT output anything else before nor after it.\nراني حاب نحط الأغراض المهمة.\nTranslation:'}]}]",True,,(),0.0,0.0,0.0,0.0,0.0,en,False,None,None
Blobheart:command-r,Mr. Kobayashi has been looking for you.,['Mr. Kobayashi is looking for you.'],['COMPLETE'],<wandb.sdk.data_types.html.Html object at 0x7f7d3e10c7c0>,59.54165059120785,71.41744010906251,"[{'role': 'User', 'content': [{'type': 'text', 'text': 'Translate from Algerian Arabic into English. Output only the translation, do NOT output anything else before nor after it.\nالسيد كوباياشي راهو يحوس عليك.\nTranslation:'}]}]",True,,(),0.0,0.0,0.0,0.0,0.0,en,False,None,None
Blobheart:command-r,I would like someplace small.,"[""I'd like a small place.""]",['COMPLETE'],<wandb.sdk.data_types.html.Html object at 0x7f7d3e10c460>,7.809849842300637,32.47917720612697,"[{'role': 'User', 'content': [{'type': 'text', 'text': 'Translate from Algerian Arabic into English. Output only the translation, do NOT output anything else before nor after it.\nراني حاب مكان صغير.\nTranslation:'}]}]",True,,(),0.0,0.0,0.0,0.0,0.0,en,False,None,None
Blobheart:command-r,"Can you lend me a towrope, please?",['Could you please lend me a rope to tow with?'],['COMPLETE'],<wandb.sdk.data_types.html.Html object at 0x7f7d3e10c430>,16.108992769687397,44.121366324515535,"[{'role': 'User', 'content': [{'type': 'text', 'text': 'Translate from Algerian Arabic into English. Output only the translation, do NOT output anything else before nor after it.\nتقدر تسلفلي حبل تع الجر، من فضلك؟\nTranslation:'}]}]",True,,(),0.0,0.0,0.0,0.0,0.0,en,False,None,None
Blobheart:command-r,Do you have any vacant seats for London?,['Are there any places left for London?'],['COMPLETE'],<wandb.sdk.data_types.html.Html object at 0x7f7d3e10c3a0>,15.181939159382823,34.43511675788512,"[{'role': 'User', 'content': [{'type': 'text', 'text': 'Translate from Algerian Arabic into English. Output only the translation, do NOT output anything else before nor after it.\nبقاو أماكن للندن؟\nTranslation:'}]}]",True,,(),0.0,0.0,0.0,0.0,0.0,en,False,None,None
Blobheart:command-r,Do you still have seats for tonight's performance?,['Do you still have spots available for the evening show?'],['COMPLETE'],<wandb.sdk.data_types.html.Html object at 0x7f7d3e10c2e0>,23.462350320527996,43.88227148096418,"[{'role': 'User', 'content': [{'type': 'text', 'text': 'Translate from Algerian Arabic into English. Output only the translation, do NOT output anything else before nor after it.\nمازال عندكم أماكن لعرض المساء؟\nTranslation:'}]}]",True,,(),0.0,0.0,0.0,0.0,0.0,en,False,None,None
Blobheart:command-r,Lovely idea.,['Young idea.'],['COMPLETE'],<wandb.sdk.data_types.html.Html object at 0x7f7d3e10cee0>,0.0,35.95261849704823,"[{'role': 'User', 'content': [{'type': 'text', 'text': 'Translate from Algerian Arabic into English. Output only the translation, do NOT output anything else before nor after it.\nفكرة شابة.\nTranslation:'}]}]",True,,(),0.0,0.0,0.0,0.0,0.0,en,False,None,None
Blobheart:command-r,"Sure, take your time.","['Sure, take your time.']",['COMPLETE'],<wandb.sdk.data_types.html.Html object at 0x7f7d3e10ce80>,100.00000000000004,100.0,"[{'role': 'User', 'content': [{'type': 'text', 'text': 'Translate from Algerian Arabic into English. Output only the translation, do NOT output anything else before nor after it.\nأكيد، خوذ وقتك.\nTranslation:'}]}]",True,,(),0.0,0.0,0.0,0.0,0.0,en,False,None,None
Blobheart:command-r,How many bags can I bring onto the plane?,['How many passengers can fit in the plane?'],['COMPLETE'],<wandb.sdk.data_types.html.Html object at 0x7f7d3e10c550>,18.60045401920258,46.11851130640717,"[{'role': 'User', 'content': [{'type': 'text', 'text': 'Translate from Algerian Arabic into English. Output only the translation, do NOT output anything else before nor after it.\nشحال من ساك نقدر ندي فالطيارة؟\nTranslation:'}]}]",True,,(),0.0,0.0,0.0,0.0,0.0,en,False,None,None
Blobheart:command-r,Could you send a taxi to the main entrance of Westminster Mall?,['Could you send me a taxi to the main entrance of Centre Westminster please?'],['COMPLETE'],<wandb.sdk.data_types.html.Html object at 0x7f7d3e10c4c0>,55.33409598501604,77.29646042449994,"[{'role': 'User', 'content': [{'type': 'text', 'text': 'Translate from Algerian Arabic into English. Output only the translation, do NOT output anything else before nor after it.\nتقدر تبعثلي طاكسي للدخلة الرئيسية تع مركز واستمينستر؟\nTranslation:'}]}]",True,,(),0.0,0.0,0.0,0.0,0.0,en,False,None,None
Blobheart:command-r,How much is the fare? Would you write the fare out on a piece of paper?,['How much is the fare? Can you write the fare on a piece of paper?'],['COMPLETE'],<wandb.sdk.data_types.html.Html object at 0x7f7d3e10c5e0>,66.99564302243967,79.79503114986912,"[{'role': 'User', 'content': [{'type': 'text', 'text': 'Translate from Algerian Arabic into English. Output only the translation, do NOT output anything else before nor after it.\nشحال سعر التوصيلة؟ تقدر تكتبلي سعر التوصيلة على ورقة؟\nTranslation:'}]}]",True,,(),0.0,0.0,0.0,0.0,0.0,en,False,None,None
Blobheart:command-r,Where did Mr. Jones learn Japanese?,['Mr. Jones learned Japanese in California.'],['COMPLETE'],<wandb.sdk.data_types.html.Html object at 0x7f7d3e10cd00>,22.089591134157878,53.31904649656869,"[{'role': 'User', 'content': [{'type': 'text', 'text': 'Translate from Algerian Arabic into English. Output only the translation, do NOT output anything else before nor after it.\nوين تعلم السيد جونس اليابانية؟\nTranslation:'}]}]",True,,(),0.0,0.0,0.0,0.0,0.0,en,False,None,None
Blobheart:command-r,I'll make a couple of ham sandwiches.,"[""Let's get two pork sandwiches.""]",['COMPLETE'],<wandb.sdk.data_types.html.Html object at 0x7f7d3e10cd90>,22.652581507881553,31.089773741648663,"[{'role': 'User', 'content': [{'type': 'text', 'text': 'Translate from Algerian Arabic into English. Output only the translation, do NOT output anything else before nor after it.\nناخذ اثنين سندويتش بلحم الخنزير.\nTranslation:'}]}]",True,,(),0.0,0.0,0.0,0.0,0.0,en,False,None,None
Blobheart:command-r,"To Tokyo, please.","['To Tokyo, please.']",['COMPLETE'],<wandb.sdk.data_types.html.Html object at 0x7f7d3e10ccd0>,100.00000000000004,100.0,"[{'role': 'User', 'content': [{'type': 'text', 'text': 'Translate from Algerian Arabic into English. Output only the translation, do NOT output anything else before nor after it.\nلطوكيو، من فضلك.\nTranslation:'}]}]",True,,(),0.0,0.0,0.0,0.0,0.0,en,False,None,None
Blobheart:command-r,I can't seem to get hot water.,"[""I couldn't reach the hot water.""]",['COMPLETE'],<wandb.sdk.data_types.html.Html object at 0x7f7d3e10c9d0>,20.90067144241745,39.904450759484995,"[{'role': 'User', 'content': [{'type': 'text', 'text': 'Translate from Algerian Arabic into English. Output only the translation, do NOT output anything else before nor after it.\nمقدرتش نصيب الماء السخون.\nTranslation:'}]}]",True,,(),0.0,0.0,0.0,0.0,0.0,en,False,None,None
Blobheart:command-r,Is there s movie theater around here?,['Is there a theater nearby?'],['COMPLETE'],<wandb.sdk.data_types.html.Html object at 0x7f7d3e10c130>,14.575161396875705,35.83048123842438,"[{'role': 'User', 'content': [{'type': 'text', 'text': 'Translate from Algerian Arabic into English. Output only the translation, do NOT output anything else before nor after it.\nاذا كاين مسرح قريب من هنا؟\nTranslation:'}]}]",True,,(),0.0,0.0,0.0,0.0,0.0,en,False,None,None
Blobheart:command-r,"Where will the tour end, and when?",['When is the trip paid for?'],['COMPLETE'],<wandb.sdk.data_types.html.Html object at 0x7f7d3e10c070>,5.868924818816531,15.448588426872305,"[{'role': 'User', 'content': [{'type': 'text', 'text': 'Translate from Algerian Arabic into English. Output only the translation, do NOT output anything else before nor after it.\nوين أو وقتاش تخلاص الرحلة؟\nTranslation:'}]}]",True,,(),0.0,0.0,0.0,0.0,0.0,en,False,None,None
Blobheart:command-r,"If one is available, can you reserve a table by the window?","[""If there's an empty table, could you reserve us a spot near an outlet?""]",['COMPLETE'],<wandb.sdk.data_types.html.Html object at 0x7f7d3e10c160>,5.538003944406129,33.677403329805394,"[{'role': 'User', 'content': [{'type': 'text', 'text': 'Translate from Algerian Arabic into English. Output only the translation, do NOT output anything else before nor after it.\nاذا كاين طاولة فارغة، تقدر تحجزلنا مكان قريب من الطاقة؟\nTranslation:'}]}]",True,,(),0.0,0.0,0.0,0.0,0.0,en,False,None,None
Blobheart:command-r,Good idea. When do you plan to come?,['A good idea. When were you planning on coming?'],['COMPLETE'],<wandb.sdk.data_types.html.Html object at 0x7f7d3e10c8b0>,15.851165692617148,49.292064578584615,"[{'role': 'User', 'content': [{'type': 'text', 'text': 'Translate from Algerian Arabic into English. Output only the translation, do NOT output anything else before nor after it.\nفكرة جيدة. وقتاش راك تخمم باش تجي؟\nTranslation:'}]}]",True,,(),0.0,0.0,0.0,0.0,0.0,en,False,None,None
Blobheart:command-r,"It is closed on Mondays, but a different day should be okay. I think it's open from nine to five.","[""Closed on Mondays, but another day won't be a problem. I think it's open from 9 a.m. to 5 p.m.""]",['COMPLETE'],<wandb.sdk.data_types.html.Html object at 0x7f7d3e10ce50>,32.536834829575575,49.79382214945642,"[{'role': 'User', 'content': [{'type': 'text', 'text': 'Translate from Algerian Arabic into English. Output only the translation, do NOT output anything else before nor after it.\nمغلوق يوم الاثنين، بصح يوم آخرماهوش رايح يدير مشكل. نظن بلي يكون مفتوح من التاسعة صباحا حتى الخمسة تع لعشية.\nTranslation:'}]}]",True,,(),0.0,0.0,0.0,0.0,0.0,en,False,None,None
Blobheart:command-r,"A tight permanent, please.",['Please drive carefully.'],['COMPLETE'],<wandb.sdk.data_types.html.Html object at 0x7f7d3e10cdf0>,8.745825313180626,14.42558523103687,"[{'role': 'User', 'content': [{'type': 'text', 'text': 'Translate from Algerian Arabic into English. Output only the translation, do NOT output anything else before nor after it.\nبرمانونت قوي، من فضلك.\nTranslation:'}]}]",True,,(),0.0,0.0,0.0,0.0,0.0,en,False,None,None
Blobheart:command-r,"No, please don't. Would you save your questions for the end of my talk, when I ask for them?","['No, please. Could you keep your questions until the end of my speech, when I invite you to do so?']",['COMPLETE'],<wandb.sdk.data_types.html.Html object at 0x7f7d3e10c970>,19.978801989899186,49.80224721147096,"[{'role': 'User', 'content': [{'type': 'text', 'text': 'Translate from Algerian Arabic into English. Output only the translation, do NOT output anything else before nor after it.\nلالا. من فضلك. اذا تقدر تحتفظ بالأسئلة ديالك حتى لآخر خطابي، كي ندعوك؟\nTranslation:'}]}]",True,,(),0.0,0.0,0.0,0.0,0.0,en,False,None,None
Blobheart:command-r,Since when?,['When was it?'],['COMPLETE'],<wandb.sdk.data_types.html.Html object at 0x7f7d3e10c8e0>,15.97357760615681,15.787169463513854,"[{'role': 'User', 'content': [{'type': 'text', 'text': 'Translate from Algerian Arabic into English. Output only the translation, do NOT output anything else before nor after it.\nمن وقتاش؟\nTranslation:'}]}]",True,,(),0.0,0.0,0.0,0.0,0.0,en,False,None,None
Blobheart:command-r,Out.,['Out there.'],['COMPLETE'],<wandb.sdk.data_types.html.Html object at 0x7f7d3e10cb50>,0.0,43.22121386728128,"[{'role': 'User', 'content': [{'type': 'text', 'text': 'Translate from Algerian Arabic into English. Output only the translation, do NOT output anything else before nor after it.\nفي الخارج.\nTranslation:'}]}]",True,,(),0.0,0.0,0.0,0.0,0.0,en,False,None,None
Blobheart:command-r,How was it?,['How was it?'],['COMPLETE'],<wandb.sdk.data_types.html.Html object at 0x7f7d3e0d4d00>,100.00000000000004,100.0,"[{'role': 'User', 'content': [{'type': 'text', 'text': 'Translate from Algerian Arabic into English. Output only the translation, do NOT output anything else before nor after it.\nكيفاش كان؟\nTranslation:'}]}]",True,,(),0.0,0.0,0.0,0.0,0.0,en,False,None,None
Blobheart:command-r,You shouldn't watch TV all the time.,"[""You don't have to watch TV all the time.""]",['COMPLETE'],<wandb.sdk.data_types.html.Html object at 0x7f7d3e0d4bb0>,48.326978309062184,66.74990139185533,"[{'role': 'User', 'content': [{'type': 'text', 'text': 'Translate from Algerian Arabic into English. Output only the translation, do NOT output anything else before nor after it.\nمالازمش تشوف التلفزيون في كل وقت.\nTranslation:'}]}]",True,,(),0.0,0.0,0.0,0.0,0.0,en,False,None,None
Blobheart:command-r,All right. Could you write the address once more on this envelope?,['Agreeable. Could you please write the address on this envelope again?'],['COMPLETE'],<wandb.sdk.data_types.html.Html object at 0x7f7d3e0d4e20>,36.00565854285029,62.298360681060416,"[{'role': 'User', 'content': [{'type': 'text', 'text': 'Translate from Algerian Arabic into English. Output only the translation, do NOT output anything else before nor after it.\nموافق. تقدر تكتبلي مرة أخرى العنوان على هاذ الغلاف؟\nTranslation:'}]}]",True,,(),0.0,0.0,0.0,0.0,0.0,en,False,None,None
Blobheart:command-r,What time does the post office close?,['When does the post office close?'],['COMPLETE'],<wandb.sdk.data_types.html.Html object at 0x7f7d3e0d4820>,70.1396726799769,75.90841906719396,"[{'role': 'User', 'content': [{'type': 'text', 'text': 'Translate from Algerian Arabic into English. Output only the translation, do NOT output anything else before nor after it.\nوقتاش يغلق مركز البريد؟\nTranslation:'}]}]",True,,(),0.0,0.0,0.0,0.0,0.0,en,False,None,None
Blobheart:command-r,How many drinks are included in the price?,['How many drinks are included in the price?'],['COMPLETE'],<wandb.sdk.data_types.html.Html object at 0x7f7d3e0d4850>,100.00000000000004,100.0,"[{'role': 'User', 'content': [{'type': 'text', 'text': 'Translate from Algerian Arabic into English. Output only the translation, do NOT output anything else before nor after it.\nشحال من مشروبات داخلين فالسعر؟\nTranslation:'}]}]",True,,(),0.0,0.0,0.0,0.0,0.0,en,False,None,None
Blobheart:command-r,I'm locked out of my room.,"[""I'm standing outside my room.""]",['COMPLETE'],<wandb.sdk.data_types.html.Html object at 0x7f7d3e0d4160>,26.924761780320434,37.114790884897154,"[{'role': 'User', 'content': [{'type': 'text', 'text': 'Translate from Algerian Arabic into English. Output only the translation, do NOT output anything else before nor after it.\nراني حاصل خارج الغرفة ديالي.\nTranslation:'}]}]",True,,(),0.0,0.0,0.0,0.0,0.0,en,False,None,None
Blobheart:command-r,"I would like a loose permanent, please.","[""I'd like a light permanent, please.""]",['COMPLETE'],<wandb.sdk.data_types.html.Html object at 0x7f7d3e0d4fd0>,32.46679154750989,62.6430510937475,"[{'role': 'User', 'content': [{'type': 'text', 'text': 'Translate from Algerian Arabic into English. Output only the translation, do NOT output anything else before nor after it.\nراني حاب برمانونت خفيفة من فضلك.\nTranslation:'}]}]",True,,(),0.0,0.0,0.0,0.0,0.0,en,False,None,None
Blobheart:command-r,Let me sleep until nine o'clock.,['Let me sleep until nine.'],['COMPLETE'],<wandb.sdk.data_types.html.Html object at 0x7f7d3e0d4f70>,40.83056064145291,73.6537532677909,"[{'role': 'User', 'content': [{'type': 'text', 'text': 'Translate from Algerian Arabic into English. Output only the translation, do NOT output anything else before nor after it.\nخليني نرقد حتى التسعة.\nTranslation:'}]}]",True,,(),0.0,0.0,0.0,0.0,0.0,en,False,None,None
Blobheart:command-r,Please say it again more slowly.,['Please slow down.'],['COMPLETE'],<wandb.sdk.data_types.html.Html object at 0x7f7d3e0d4520>,7.733712583165139,26.88962316406981,"[{'role': 'User', 'content': [{'type': 'text', 'text': 'Translate from Algerian Arabic into English. Output only the translation, do NOT output anything else before nor after it.\nمن فضلك عاود بتمهل.\nTranslation:'}]}]",True,,(),0.0,0.0,0.0,0.0,0.0,en,False,None,None
Blobheart:command-r,What a quick service.,['How fast is this service!'],['COMPLETE'],<wandb.sdk.data_types.html.Html object at 0x7f7d3e0d4670>,8.116697886877475,25.43582327559337,"[{'role': 'User', 'content': [{'type': 'text', 'text': 'Translate from Algerian Arabic into English. Output only the translation, do NOT output anything else before nor after it.\nشحال سريعة هاذ الخدمة.\nTranslation:'}]}]",True,,(),0.0,0.0,0.0,0.0,0.0,en,False,None,None
Blobheart:command-r,"Chicken, please.","['Chicken, please.']",['COMPLETE'],<wandb.sdk.data_types.html.Html object at 0x7f7d3e0d4550>,100.00000000000004,100.0,"[{'role': 'User', 'content': [{'type': 'text', 'text': 'Translate from Algerian Arabic into English. Output only the translation, do NOT output anything else before nor after it.\nدجاج، من فضلك.\nTranslation:'}]}]",True,,(),0.0,0.0,0.0,0.0,0.0,en,False,None,None
Blobheart:command-r,It's a sharp pain.,['Severe pain.'],['COMPLETE'],<wandb.sdk.data_types.html.Html object at 0x7f7d3e0d4580>,11.752701606523267,24.55570559627035,"[{'role': 'User', 'content': [{'type': 'text', 'text': 'Translate from Algerian Arabic into English. Output only the translation, do NOT output anything else before nor after it.\nألم حاد.\nTranslation:'}]}]",True,,(),0.0,0.0,0.0,0.0,0.0,en,False,None,None
Blobheart:command-r,Can I hire rackets?,['Can we rent a tent?'],['COMPLETE'],<wandb.sdk.data_types.html.Html object at 0x7f7d3e0d4340>,9.652434877402245,16.245846139982604,"[{'role': 'User', 'content': [{'type': 'text', 'text': 'Translate from Algerian Arabic into English. Output only the translation, do NOT output anything else before nor after it.\nنقدر نكري مضارب؟\nTranslation:'}]}]",True,,(),0.0,0.0,0.0,0.0,0.0,en,False,None,None
Blobheart:command-r,Will you take me to Canterbury and bring me back?,['Can you give me a Canterbury and bring me back?'],['COMPLETE'],<wandb.sdk.data_types.html.Html object at 0x7f7d3e0d43d0>,59.14601686848579,65.25430419171731,"[{'role': 'User', 'content': [{'type': 'text', 'text': 'Translate from Algerian Arabic into English. Output only the translation, do NOT output anything else before nor after it.\nتقدر تديني لكانترباري و ترجعني؟\nTranslation:'}]}]",True,,(),0.0,0.0,0.0,0.0,0.0,en,False,None,None
Blobheart:command-r,Where is the cathedral?,['Where is the cathedral located?'],['COMPLETE'],<wandb.sdk.data_types.html.Html object at 0x7f7d3e0d42b0>,64.34588841607616,86.99850307966297,"[{'role': 'User', 'content': [{'type': 'text', 'text': 'Translate from Algerian Arabic into English. Output only the translation, do NOT output anything else before nor after it.\nوين راهي الكاتدرائية؟\nTranslation:'}]}]",True,,(),0.0,0.0,0.0,0.0,0.0,en,False,None,None
Blobheart:command-r,What are cysts?,['What are cysts?'],['COMPLETE'],<wandb.sdk.data_types.html.Html object at 0x7f7d3e0d4a90>,100.00000000000004,100.0,"[{'role': 'User', 'content': [{'type': 'text', 'text': 'Translate from Algerian Arabic into English. Output only the translation, do NOT output anything else before nor after it.\nواش هما الخراجات؟\nTranslation:'}]}]",True,,(),0.0,0.0,0.0,0.0,0.0,en,False,None,None
Blobheart:command-r,"Then, please give me a new reservation.","['Imala, please make me a new booking.']",['COMPLETE'],<wandb.sdk.data_types.html.Html object at 0x7f7d3e0d4b20>,18.36028134946796,37.50633053304956,"[{'role': 'User', 'content': [{'type': 'text', 'text': 'Translate from Algerian Arabic into English. Output only the translation, do NOT output anything else before nor after it.\nإمالا، ديرلي حجز جديد، من فضلك.\nTranslation:'}]}]",True,,(),0.0,0.0,0.0,0.0,0.0,en,False,None,None
Blobheart:command-r,"Thank you, that's enough.","[""He woke up. That's what happened.""]",['COMPLETE'],<wandb.sdk.data_types.html.Html object at 0x7f7d3e0d4a60>,9.287528999566801,19.916041908182564,"[{'role': 'User', 'content': [{'type': 'text', 'text': 'Translate from Algerian Arabic into English. Output only the translation, do NOT output anything else before nor after it.\nصحا. هذا ماكان.\nTranslation:'}]}]",True,,(),0.0,0.0,0.0,0.0,0.0,en,False,None,None
Blobheart:command-r,I passed that test with flying colors.,['I succeeded in this exam with flying colors.'],['COMPLETE'],<wandb.sdk.data_types.html.Html object at 0x7f7d3e0d40d0>,36.72056269893591,52.94524584113641,"[{'role': 'User', 'content': [{'type': 'text', 'text': 'Translate from Algerian Arabic into English. Output only the translation, do NOT output anything else before nor after it.\nنجحت في هاذ الامتحان بكل سهولة.\nTranslation:'}]}]",True,,(),0.0,0.0,0.0,0.0,0.0,en,False,None,None
Blobheart:command-r,We have excellent white wine.,['We have excellent white wine.'],['COMPLETE'],<wandb.sdk.data_types.html.Html object at 0x7f7d3e0d4be0>,100.00000000000004,100.0,"[{'role': 'User', 'content': [{'type': 'text', 'text': 'Translate from Algerian Arabic into English. Output only the translation, do NOT output anything else before nor after it.\nعندنا نبيذ أبيض هايل.\nTranslation:'}]}]",True,,(),0.0,0.0,0.0,0.0,0.0,en,False,None,None
Blobheart:command-r,These are too large.,['Too old.'],['COMPLETE'],<wandb.sdk.data_types.html.Html object at 0x7f7d3e0d4b80>,0.0,9.667039638217595,"[{'role': 'User', 'content': [{'type': 'text', 'text': 'Translate from Algerian Arabic into English. Output only the translation, do NOT output anything else before nor after it.\nكبار بزاف.\nTranslation:'}]}]",True,,(),0.0,0.0,0.0,0.0,0.0,en,False,None,None
Blobheart:command-r,May I leave it anywhere in the country?,['Can we place it anywhere in the country?'],['COMPLETE'],<wandb.sdk.data_types.html.Html object at 0x7f7d3e0d4940>,58.73949094699213,71.92498818669591,"[{'role': 'User', 'content': [{'type': 'text', 'text': 'Translate from Algerian Arabic into English. Output only the translation, do NOT output anything else before nor after it.\nنقدر نخليه في أي مكان فالبلد؟\nTranslation:'}]}]",True,,(),0.0,0.0,0.0,0.0,0.0,en,False,None,None
Blobheart:command-r,He snatched my wallet and ran away.,['He tucked his wallet away and ran off.'],['COMPLETE'],<wandb.sdk.data_types.html.Html object at 0x7f7d3e0d4cd0>,12.192091596713041,41.36108954169537,"[{'role': 'User', 'content': [{'type': 'text', 'text': 'Translate from Algerian Arabic into English. Output only the translation, do NOT output anything else before nor after it.\nادالي محفظة النقود و هرب.\nTranslation:'}]}]",True,,(),0.0,0.0,0.0,0.0,0.0,en,False,None,None
Blobheart:command-r,The limousine will stop at the North gate first.,['The limousine first stops at the North Gate.'],['COMPLETE'],<wandb.sdk.data_types.html.Html object at 0x7f7d3e0d4790>,32.649710286280516,59.65822226310661,"[{'role': 'User', 'content': [{'type': 'text', 'text': 'Translate from Algerian Arabic into English. Output only the translation, do NOT output anything else before nor after it.\nالليموزين تحبس أولا عند باب الشمال.\nTranslation:'}]}]",True,,(),0.0,0.0,0.0,0.0,0.0,en,False,None,None
Blobheart:command-r,Could I try on a nine?,['Can we try a size 9?'],['COMPLETE'],<wandb.sdk.data_types.html.Html object at 0x7f7d3e0d4d60>,8.643019616048525,15.403103191104641,"[{'role': 'User', 'content': [{'type': 'text', 'text': 'Translate from Algerian Arabic into English. Output only the translation, do NOT output anything else before nor after it.\nنقدر نجرب مقاس تسعة؟\nTranslation:'}]}]",True,,(),0.0,0.0,0.0,0.0,0.0,en,False,None,None
Blobheart:command-r,This fresh?,['Is it fresh?'],['COMPLETE'],<wandb.sdk.data_types.html.Html object at 0x7f7d3e0d44f0>,31.947155212313625,48.90847600070487,"[{'role': 'User', 'content': [{'type': 'text', 'text': 'Translate from Algerian Arabic into English. Output only the translation, do NOT output anything else before nor after it.\nاذا طازج؟\nTranslation:'}]}]",True,,(),0.0,0.0,0.0,0.0,0.0,en,False,None,None
Blobheart:command-r,Where can I pick up my baggage?,['Where can I get my luggage?'],['COMPLETE'],<wandb.sdk.data_types.html.Html object at 0x7f7d3e0d41f0>,23.87517132417733,47.29630471886213,"[{'role': 'User', 'content': [{'type': 'text', 'text': 'Translate from Algerian Arabic into English. Output only the translation, do NOT output anything else before nor after it.\nمنين نقدر نجيب الأمتعة دياولي؟\nTranslation:'}]}]",True,,(),0.0,0.0,0.0,0.0,0.0,en,False,None,None
Blobheart:command-r,Please change these yen into pounds.,['Could you please exchange this money for pounds?'],['COMPLETE'],<wandb.sdk.data_types.html.Html object at 0x7f7d3e06aca0>,4.767707020457095,32.3915246624494,"[{'role': 'User', 'content': [{'type': 'text', 'text': 'Translate from Algerian Arabic into English. Output only the translation, do NOT output anything else before nor after it.\nمن فضلك تقدر تبدل هاذ الين لجنيهات.\nTranslation:'}]}]",True,,(),0.0,0.0,0.0,0.0,0.0,en,False,None,None
Blobheart:command-r,It's between bakery and butcher shop.,"[""Between the bakery and the butcher's.""]",['COMPLETE'],<wandb.sdk.data_types.html.Html object at 0x7f7d3e06a490>,19.156928817239653,46.02700871706363,"[{'role': 'User', 'content': [{'type': 'text', 'text': 'Translate from Algerian Arabic into English. Output only the translation, do NOT output anything else before nor after it.\nبين المخبزة و الجزار.\nTranslation:'}]}]",True,,(),0.0,0.0,0.0,0.0,0.0,en,False,None,None
Blobheart:command-r,I'd like a twin bed room. How much is the room per night?,"[""I'd like a double room. How much is it per night?""]",['COMPLETE'],<wandb.sdk.data_types.html.Html object at 0x7f7d3e06ac10>,50.528155133702434,62.057839058709696,"[{'role': 'User', 'content': [{'type': 'text', 'text': 'Translate from Algerian Arabic into English. Output only the translation, do NOT output anything else before nor after it.\nراني حاب غرفة مزدوجة. شحال السعر ديالها لليلة؟\nTranslation:'}]}]",True,,(),0.0,0.0,0.0,0.0,0.0,en,False,None,None
Blobheart:command-r,What do you think about sexual harassment in the work place?,"[""What's your opinion on sexual harassment in the workplace?""]",['COMPLETE'],<wandb.sdk.data_types.html.Html object at 0x7f7d3e06ab20>,42.61082723917019,59.25764096647907,"[{'role': 'User', 'content': [{'type': 'text', 'text': 'Translate from Algerian Arabic into English. Output only the translation, do NOT output anything else before nor after it.\nواش رايك فالتحرش الجنسي في أماكن العمل؟\nTranslation:'}]}]",True,,(),0.0,0.0,0.0,0.0,0.0,en,False,None,None
Blobheart:command-r,In what way is your product different from your competitors?,"[""How does your product differ from competitors' offerings?""]",['COMPLETE'],<wandb.sdk.data_types.html.Html object at 0x7f7d3e06aa30>,15.727800941615351,48.678445603071914,"[{'role': 'User', 'content': [{'type': 'text', 'text': 'Translate from Algerian Arabic into English. Output only the translation, do NOT output anything else before nor after it.\nكيفاش يختلف المنتوج ديالكم على المنافسين؟\nTranslation:'}]}]",True,,(),0.0,0.0,0.0,0.0,0.0,en,False,None,None
Blobheart:command-r,Of course not. Why you say if?,['Of course not. Why are you saying such a thing?'],['COMPLETE'],<wandb.sdk.data_types.html.Html object at 0x7f7d3e06a610>,34.48444257953326,67.48282603480861,"[{'role': 'User', 'content': [{'type': 'text', 'text': 'Translate from Algerian Arabic into English. Output only the translation, do NOT output anything else before nor after it.\nأكيد لالا. وعلاش راك تقول هكذا؟\nTranslation:'}]}]",True,,(),0.0,0.0,0.0,0.0,0.0,en,False,None,None
Blobheart:command-r,"Hello, your party is on the line. Go ahead, please.","['Good morning, your private speaker is on. Please speak.']",['COMPLETE'],<wandb.sdk.data_types.html.Html object at 0x7f7d3e06a460>,8.972971553870872,27.532228637488142,"[{'role': 'User', 'content': [{'type': 'text', 'text': 'Translate from Algerian Arabic into English. Output only the translation, do NOT output anything else before nor after it.\nصباح الخير، المتحدث الخاص بك متصل. تكلم، من فضلك.\nTranslation:'}]}]",True,,(),0.0,0.0,0.0,0.0,0.0,en,False,None,None
Blobheart:command-r,I would buy this if I were you.,"['If I were in your place, I would buy it.']",['COMPLETE'],<wandb.sdk.data_types.html.Html object at 0x7f7d3e06a160>,16.59038701421971,49.273025533096146,"[{'role': 'User', 'content': [{'type': 'text', 'text': 'Translate from Algerian Arabic into English. Output only the translation, do NOT output anything else before nor after it.\nلوكان جيت في بلاصتك نشريها.\nTranslation:'}]}]",True,,(),0.0,0.0,0.0,0.0,0.0,en,False,None,None
Blobheart:command-r,Is there a boutique around here?,['Is there a shop nearby?'],['COMPLETE'],<wandb.sdk.data_types.html.Html object at 0x7f7d3e06a7c0>,22.772101321113862,34.90373566841772,"[{'role': 'User', 'content': [{'type': 'text', 'text': 'Translate from Algerian Arabic into English. Output only the translation, do NOT output anything else before nor after it.\nكاين محل ماشي بعيد؟\nTranslation:'}]}]",True,,(),0.0,0.0,0.0,0.0,0.0,en,False,None,None
Blobheart:command-r,I think you've made a mistake. The room was prepaid. I have a receipt.,['I think I made a mistake. The room has already been booked. I have the receipt.'],['COMPLETE'],<wandb.sdk.data_types.html.Html object at 0x7f7d3e06a850>,36.39412530979475,60.12925503506198,"[{'role': 'User', 'content': [{'type': 'text', 'text': 'Translate from Algerian Arabic into English. Output only the translation, do NOT output anything else before nor after it.\nنظن بلي درت غلطة. الغرفة مخلصة من قبل. عندي الوصل.\nTranslation:'}]}]",True,,(),0.0,0.0,0.0,0.0,0.0,en,False,None,None
Blobheart:command-r,Is there a afternoon tour?,['Is there a flight after midday?'],['COMPLETE'],<wandb.sdk.data_types.html.Html object at 0x7f7d3e06a730>,22.089591134157878,42.66415773225082,"[{'role': 'User', 'content': [{'type': 'text', 'text': 'Translate from Algerian Arabic into English. Output only the translation, do NOT output anything else before nor after it.\nكاين رحلة بعد منتصف النهار؟\nTranslation:'}]}]",True,,(),0.0,0.0,0.0,0.0,0.0,en,False,None,None
Blobheart:command-r,Is there a less expensive restaurant near here?,['Is there any cheaper place around?'],['COMPLETE'],<wandb.sdk.data_types.html.Html object at 0x7f7d3e06ae80>,10.786826322527466,24.893719639524516,"[{'role': 'User', 'content': [{'type': 'text', 'text': 'Translate from Algerian Arabic into English. Output only the translation, do NOT output anything else before nor after it.\nاذا كاين ارخص رخيص فالنواحي؟\nTranslation:'}]}]",True,,(),0.0,0.0,0.0,0.0,0.0,en,False,None,None
Blobheart:command-r,This is wrong.,['Fallacious.'],['COMPLETE'],<wandb.sdk.data_types.html.Html object at 0x7f7d3e06af10>,15.97357760615681,7.7978424015009375,"[{'role': 'User', 'content': [{'type': 'text', 'text': 'Translate from Algerian Arabic into English. Output only the translation, do NOT output anything else before nor after it.\nغالط.\nTranslation:'}]}]",True,,(),0.0,0.0,0.0,0.0,0.0,en,False,None,None
Blobheart:command-r,A subcompact would be the best.,['A better sub-program would be.'],['COMPLETE'],<wandb.sdk.data_types.html.Html object at 0x7f7d3e06ae50>,10.816059393812111,33.346500377378355,"[{'role': 'User', 'content': [{'type': 'text', 'text': 'Translate from Algerian Arabic into English. Output only the translation, do NOT output anything else before nor after it.\nبرنامج فرعي يكون أفضل.\nTranslation:'}]}]",True,,(),0.0,0.0,0.0,0.0,0.0,en,False,None,None
Blobheart:command-r,"Yes, sir. I come here for breakfast every day, Monday through Friday, before I go to work.","['A. Sir. I usually have my breakfast here every day, from Monday to Friday, before going to work.']",['COMPLETE'],<wandb.sdk.data_types.html.Html object at 0x7f7d3e06a1f0>,16.217331037826323,51.49674459862991,"[{'role': 'User', 'content': [{'type': 'text', 'text': 'Translate from Algerian Arabic into English. Output only the translation, do NOT output anything else before nor after it.\nإيه. سيدي. نجي ناخذ فطور الصباح ديالي هنا كل يوم، من الاثنين إلى الجمعة، قبل الذهاب إلى العمل.\nTranslation:'}]}]",True,,(),0.0,0.0,0.0,0.0,0.0,en,False,None,None
Blobheart:command-r,"Your seat number is thirty-two A. Then, go straight down this aisle. It's the window seat.","[""Your place is thirty two A. Go to the end of the corridor, it's right in front of the power plant.""]",['COMPLETE'],<wandb.sdk.data_types.html.Html object at 0x7f7d3e06a340>,7.881926575633942,25.64202973449789,"[{'role': 'User', 'content': [{'type': 'text', 'text': 'Translate from Algerian Arabic into English. Output only the translation, do NOT output anything else before nor after it.\nبلاصتك هي اثنان و ثلاثون ايه. أمشي لاخر فالكولواغ، البلاصة جايا قدام الطاقة.\nTranslation:'}]}]",True,,(),0.0,0.0,0.0,0.0,0.0,en,False,None,None
Blobheart:command-r,That smells very nice. How much is it?,['It smells very young. How much does it cost?'],['COMPLETE'],<wandb.sdk.data_types.html.Html object at 0x7f7d3e06a220>,22.781556051062047,52.22954476777622,"[{'role': 'User', 'content': [{'type': 'text', 'text': 'Translate from Algerian Arabic into English. Output only the translation, do NOT output anything else before nor after it.\nريحة بزاف شابة. شحال تسوا؟\nTranslation:'}]}]",True,,(),0.0,0.0,0.0,0.0,0.0,en,False,None,None
Blobheart:command-r,Could you send someone?,['Can you tell one of them to come?'],['COMPLETE'],<wandb.sdk.data_types.html.Html object at 0x7f7d3e06a250>,5.669791110976001,20.124725742205882,"[{'role': 'User', 'content': [{'type': 'text', 'text': 'Translate from Algerian Arabic into English. Output only the translation, do NOT output anything else before nor after it.\nتقدر تقول لكاش واحد يجي؟\nTranslation:'}]}]",True,,(),0.0,0.0,0.0,0.0,0.0,en,False,None,None
Blobheart:command-r,Could I have some coffee?,['Can we get some coffee?'],['COMPLETE'],<wandb.sdk.data_types.html.Html object at 0x7f7d3e06a880>,30.213753973567677,47.94924522251877,"[{'role': 'User', 'content': [{'type': 'text', 'text': 'Translate from Algerian Arabic into English. Output only the translation, do NOT output anything else before nor after it.\nنقدر نتحصل على قهوة؟\nTranslation:'}]}]",True,,(),0.0,0.0,0.0,0.0,0.0,en,False,None,None
Blobheart:command-r,"Okay, sir. Please be in your room until the doctor comes.","['Okay, sir. Please stay in your room until the doctor arrives.']",['COMPLETE'],<wandb.sdk.data_types.html.Html object at 0x7f7d3e06aa00>,58.282339541526554,77.13552289615353,"[{'role': 'User', 'content': [{'type': 'text', 'text': 'Translate from Algerian Arabic into English. Output only the translation, do NOT output anything else before nor after it.\nموافق، سيدي. من فضلك ابق فالغرفة ديالك حتى يجي الطبيب.\nTranslation:'}]}]",True,,(),0.0,0.0,0.0,0.0,0.0,en,False,None,None
Blobheart:command-r,Please tell him I'm waiting for his phone call.,"[""Please tell him I'm waiting for his call.""]",['COMPLETE'],<wandb.sdk.data_types.html.Html object at 0x7f7d3e06ad30>,77.72460244048297,82.48783591123085,"[{'role': 'User', 'content': [{'type': 'text', 'text': 'Translate from Algerian Arabic into English. Output only the translation, do NOT output anything else before nor after it.\nمن فضلك قولو بلي راني نستنا فالاتصال الهاتفي ديالو.\nTranslation:'}]}]",True,,(),0.0,0.0,0.0,0.0,0.0,en,False,None,None
Blobheart:command-r,"Extra mustard, please.",['Please add a little motorcycle.'],['COMPLETE'],<wandb.sdk.data_types.html.Html object at 0x7f7d3e06aa90>,6.567274736060395,17.07876029081357,"[{'role': 'User', 'content': [{'type': 'text', 'text': 'Translate from Algerian Arabic into English. Output only the translation, do NOT output anything else before nor after it.\nزيدلي شوية موتارد، من فضلك.\nTranslation:'}]}]",True,,(),0.0,0.0,0.0,0.0,0.0,en,False,None,None
Blobheart:command-r,Can you recommend an excursion?,['Could you recommend me a trip?'],['COMPLETE'],<wandb.sdk.data_types.html.Html object at 0x7f7d3e06ac40>,12.600736402830258,41.61027638637147,"[{'role': 'User', 'content': [{'type': 'text', 'text': 'Translate from Algerian Arabic into English. Output only the translation, do NOT output anything else before nor after it.\nتقدر تنصحني برحلة؟\nTranslation:'}]}]",True,,(),0.0,0.0,0.0,0.0,0.0,en,False,None,None
Blobheart:command-r,How can I take it?,['How can I help him?'],['COMPLETE'],<wandb.sdk.data_types.html.Html object at 0x7f7d3e06a8b0>,32.46679154750991,43.8097723005635,"[{'role': 'User', 'content': [{'type': 'text', 'text': 'Translate from Algerian Arabic into English. Output only the translation, do NOT output anything else before nor after it.\nكيفاش نقدرنديه؟\nTranslation:'}]}]",True,,(),0.0,0.0,0.0,0.0,0.0,en,False,None,None
Blobheart:command-r,I wonder what I should get for him?,"[""I'm wondering what I could get him as a gift?""]",['COMPLETE'],<wandb.sdk.data_types.html.Html object at 0x7f7d3e06a9a0>,7.474875887495341,40.701235170735565,"[{'role': 'User', 'content': [{'type': 'text', 'text': 'Translate from Algerian Arabic into English. Output only the translation, do NOT output anything else before nor after it.\nراني نتساءل واش نقدر نصيبلو كهدية؟\nTranslation:'}]}]",True,,(),0.0,0.0,0.0,0.0,0.0,en,False,None,None
Blobheart:command-r,Do I have to leave all my luggage in the cloakroom?,['Do we have to leave all our luggage in the baggage storage?'],['COMPLETE'],<wandb.sdk.data_types.html.Html object at 0x7f7d3e06a8e0>,34.79159475128446,56.75333987290152,"[{'role': 'User', 'content': [{'type': 'text', 'text': 'Translate from Algerian Arabic into English. Output only the translation, do NOT output anything else before nor after it.\nلازم نخلي كامل الأمتعة دياولي في غرفة الامانات؟\nTranslation:'}]}]",True,,(),0.0,0.0,0.0,0.0,0.0,en,False,None,None
Blobheart:command-r,I lost track of a registered mail.,['My departed one followed the registered mail.'],['COMPLETE'],<wandb.sdk.data_types.html.Html object at 0x7f7d3e06a4c0>,17.747405280050266,46.278362114504965,"[{'role': 'User', 'content': [{'type': 'text', 'text': 'Translate from Algerian Arabic into English. Output only the translation, do NOT output anything else before nor after it.\nراحلي أثر تع البريد المسجل.\nTranslation:'}]}]",True,,(),0.0,0.0,0.0,0.0,0.0,en,False,None,None
Blobheart:command-r,It's nothing difficult nor mysterious.,"[""He doesn't have anything difficult or mysterious.""]",['COMPLETE'],<wandb.sdk.data_types.html.Html object at 0x7f7d3e0b1e20>,23.462350320527996,59.91808547750889,"[{'role': 'User', 'content': [{'type': 'text', 'text': 'Translate from Algerian Arabic into English. Output only the translation, do NOT output anything else before nor after it.\nماعندو حتى حاجة صعيبة و لا غامضة.\nTranslation:'}]}]",True,,(),0.0,0.0,0.0,0.0,0.0,en,False,None,None
Blobheart:command-r,"Yes. Reservation for six nights, please. Beginning July twenty-third.","['A. Please book for six nights, starting June 23rd.']",['COMPLETE'],<wandb.sdk.data_types.html.Html object at 0x7f7d3e0b1d30>,17.539562233006052,33.68796885412848,"[{'role': 'User', 'content': [{'type': 'text', 'text': 'Translate from Algerian Arabic into English. Output only the translation, do NOT output anything else before nor after it.\nإيه. حجز لستة ليال من فضلك. من الثالث و العشرون جوان.\nTranslation:'}]}]",True,,(),0.0,0.0,0.0,0.0,0.0,en,False,None,None
Blobheart:command-r,"To this place, please.","['To this place, please.']",['COMPLETE'],<wandb.sdk.data_types.html.Html object at 0x7f7d3e0b1cd0>,100.00000000000004,100.0,"[{'role': 'User', 'content': [{'type': 'text', 'text': 'Translate from Algerian Arabic into English. Output only the translation, do NOT output anything else before nor after it.\nلهاذ المكان، من فضلك.\nTranslation:'}]}]",True,,(),0.0,0.0,0.0,0.0,0.0,en,False,None,None
Blobheart:command-r,Are these cigarettes mild?,['Are these light cigarettes?'],['COMPLETE'],<wandb.sdk.data_types.html.Html object at 0x7f7d3e0b1dc0>,24.274588585366175,61.137894305498634,"[{'role': 'User', 'content': [{'type': 'text', 'text': 'Translate from Algerian Arabic into English. Output only the translation, do NOT output anything else before nor after it.\nهاذو سجائر خفيفة؟\nTranslation:'}]}]",True,,(),0.0,0.0,0.0,0.0,0.0,en,False,None,None
Blobheart:command-r,Can you include some small change?,['Can you put some cream?'],['COMPLETE'],<wandb.sdk.data_types.html.Html object at 0x7f7d3e0b1910>,16.341219448835542,27.568824238326684,"[{'role': 'User', 'content': [{'type': 'text', 'text': 'Translate from Algerian Arabic into English. Output only the translation, do NOT output anything else before nor after it.\nتقدر تحط ضرف؟\nTranslation:'}]}]",True,,(),0.0,0.0,0.0,0.0,0.0,en,False,None,None
Blobheart:command-r,Do you live around here?,['Do you live among us?'],['COMPLETE'],<wandb.sdk.data_types.html.Html object at 0x7f7d3e0b1550>,32.46679154750991,48.81237244938501,"[{'role': 'User', 'content': [{'type': 'text', 'text': 'Translate from Algerian Arabic into English. Output only the translation, do NOT output anything else before nor after it.\nتسكن منا؟\nTranslation:'}]}]",True,,(),0.0,0.0,0.0,0.0,0.0,en,False,None,None
Blobheart:command-r,Where are the foreign language books?,['Where are the books in a foreign language?'],['COMPLETE'],<wandb.sdk.data_types.html.Html object at 0x7f7d3e0b1070>,24.274588585366175,78.2667131663632,"[{'role': 'User', 'content': [{'type': 'text', 'text': 'Translate from Algerian Arabic into English. Output only the translation, do NOT output anything else before nor after it.\nوين راهم الكتب باللغة الأجنبية؟\nTranslation:'}]}]",True,,(),0.0,0.0,0.0,0.0,0.0,en,False,None,None
Blobheart:command-r,There's a flower shop across the avenue.,"[""There's a flower shop across the street.""]",['COMPLETE'],<wandb.sdk.data_types.html.Html object at 0x7f7d3e0b10a0>,73.69231628533761,79.25310435062386,"[{'role': 'User', 'content': [{'type': 'text', 'text': 'Translate from Algerian Arabic into English. Output only the translation, do NOT output anything else before nor after it.\nكاين محل أزهار في الجهة الأخرى من الشارع.\nTranslation:'}]}]",True,,(),0.0,0.0,0.0,0.0,0.0,en,False,None,None
Blobheart:command-r,We're waiting for our friends to come.,"[""We're waiting for our friends to arrive.""]",['COMPLETE'],<wandb.sdk.data_types.html.Html object at 0x7f7d3e0b1160>,78.25422900366438,82.4570341591422,"[{'role': 'User', 'content': [{'type': 'text', 'text': 'Translate from Algerian Arabic into English. Output only the translation, do NOT output anything else before nor after it.\nرانا نستناو يجو صحابنا.\nTranslation:'}]}]",True,,(),0.0,0.0,0.0,0.0,0.0,en,False,None,None
Blobheart:command-r,Where can I rent skies and shoes?,['Where can we rent skiing equipment and shoes?'],['COMPLETE'],<wandb.sdk.data_types.html.Html object at 0x7f7d3e0b1f10>,22.957488466614326,60.521349619680656,"[{'role': 'User', 'content': [{'type': 'text', 'text': 'Translate from Algerian Arabic into English. Output only the translation, do NOT output anything else before nor after it.\nوين نقدر نكري أغراض التزحلق و الأحذية؟\nTranslation:'}]}]",True,,(),0.0,0.0,0.0,0.0,0.0,en,False,None,None
Blobheart:command-r,May I see the car?,['Can we see the car?'],['COMPLETE'],<wandb.sdk.data_types.html.Html object at 0x7f7d3e0b1fa0>,50.81327481546149,64.20991298930142,"[{'role': 'User', 'content': [{'type': 'text', 'text': 'Translate from Algerian Arabic into English. Output only the translation, do NOT output anything else before nor after it.\nنقدر نشوف السيارة؟\nTranslation:'}]}]",True,,(),0.0,0.0,0.0,0.0,0.0,en,False,None,None
Blobheart:command-r,You can't really do design work without a computer anymore.,"[""It's not impossible to make a design without a computer.""]",['COMPLETE'],<wandb.sdk.data_types.html.Html object at 0x7f7d3e0b16d0>,13.674406678232565,40.35735845364318,"[{'role': 'User', 'content': [{'type': 'text', 'text': 'Translate from Algerian Arabic into English. Output only the translation, do NOT output anything else before nor after it.\nولا مستحيل باش دير تصميم بلا كمبيوتر.\nTranslation:'}]}]",True,,(),0.0,0.0,0.0,0.0,0.0,en,False,None,None
Blobheart:command-r,Are you going to school here?,['Where do you go to school?'],['COMPLETE'],<wandb.sdk.data_types.html.Html object at 0x7f7d3e0b1760>,15.619699684601283,43.26451254527609,"[{'role': 'User', 'content': [{'type': 'text', 'text': 'Translate from Algerian Arabic into English. Output only the translation, do NOT output anything else before nor after it.\nهنا لي تروح للمدرسة؟\nTranslation:'}]}]",True,,(),0.0,0.0,0.0,0.0,0.0,en,False,None,None
Blobheart:command-r,We'll wait. Please call us when you've ready.,"[""We're waiting. Please call us back when you're available.""]",['COMPLETE'],<wandb.sdk.data_types.html.Html object at 0x7f7d3e0b16a0>,27.22589423069701,51.60349798091177,"[{'role': 'User', 'content': [{'type': 'text', 'text': 'Translate from Algerian Arabic into English. Output only the translation, do NOT output anything else before nor after it.\nرانا نستناو. من فضلك اتصل بينا كي تكون واجد.\nTranslation:'}]}]",True,,(),0.0,0.0,0.0,0.0,0.0,en,False,None,None
Blobheart:command-r,Excuse me. Is there any bridge near here?,['Forgive me. Is there a bridge nearby?'],['COMPLETE'],<wandb.sdk.data_types.html.Html object at 0x7f7d3e0b1b20>,28.997844147152072,53.96580403165518,"[{'role': 'User', 'content': [{'type': 'text', 'text': 'Translate from Algerian Arabic into English. Output only the translation, do NOT output anything else before nor after it.\nسامحني. كاين جسر قريب من هنا؟\nTranslation:'}]}]",True,,(),0.0,0.0,0.0,0.0,0.0,en,False,None,None
Blobheart:command-r,How long will it take to order?,['How long does it take to place an order?'],['COMPLETE'],<wandb.sdk.data_types.html.Html object at 0x7f7d3e0b1190>,22.957488466614326,59.075099626853586,"[{'role': 'User', 'content': [{'type': 'text', 'text': 'Translate from Algerian Arabic into English. Output only the translation, do NOT output anything else before nor after it.\nشحال لازم من وقت باش ندير طلب؟\nTranslation:'}]}]",True,,(),0.0,0.0,0.0,0.0,0.0,en,False,None,None
Blobheart:command-r,I'm with my friends.,"[""I'm with my friends.""]",['COMPLETE'],<wandb.sdk.data_types.html.Html object at 0x7f7d3e0b12e0>,100.00000000000004,100.0,"[{'role': 'User', 'content': [{'type': 'text', 'text': 'Translate from Algerian Arabic into English. Output only the translation, do NOT output anything else before nor after it.\nراني مع صحابي.\nTranslation:'}]}]",True,,(),0.0,0.0,0.0,0.0,0.0,en,False,None,None
Blobheart:command-r,I'm on Highway one near Morro Bay.,"[""I'm on Highway One near Morro Bay.""]",['COMPLETE'],<wandb.sdk.data_types.html.Html object at 0x7f7d3e0b11c0>,73.48889200874659,84.18637300702518,"[{'role': 'User', 'content': [{'type': 'text', 'text': 'Translate from Algerian Arabic into English. Output only the translation, do NOT output anything else before nor after it.\nراني في الطريق السريع رقم واحد، قريب من مورو باي.\nTranslation:'}]}]",True,,(),0.0,0.0,0.0,0.0,0.0,en,False,None,None
Blobheart:command-r,Should the ladies wear formal dresses?,['Do the ladies have to wear formal dresses?'],['COMPLETE'],<wandb.sdk.data_types.html.Html object at 0x7f7d3e0b11f0>,45.180100180492246,71.89439913787814,"[{'role': 'User', 'content': [{'type': 'text', 'text': 'Translate from Algerian Arabic into English. Output only the translation, do NOT output anything else before nor after it.\nاذا لازم على السيدات يلبسوا فستان رسمي؟\nTranslation:'}]}]",True,,(),0.0,0.0,0.0,0.0,0.0,en,False,None,None
Blobheart:command-r,Does that include tax?,"[""If there's a taxi coming in?""]",['COMPLETE'],<wandb.sdk.data_types.html.Html object at 0x7f7d3e0b19a0>,4.767707020457095,15.187130576494805,"[{'role': 'User', 'content': [{'type': 'text', 'text': 'Translate from Algerian Arabic into English. Output only the translation, do NOT output anything else before nor after it.\nاذا لي طاكس داخلين؟\nTranslation:'}]}]",True,,(),0.0,0.0,0.0,0.0,0.0,en,False,None,None
Blobheart:command-r,"There are so many tourists around the building, who seem to have gathered to take a look at what's going on.",['There are many tourists interested in this building. They probably want to see what it looks like inside.'],['COMPLETE'],<wandb.sdk.data_types.html.Html object at 0x7f7d3e0b1a30>,7.3991265506666,33.289255753731425,"[{'role': 'User', 'content': [{'type': 'text', 'text': 'Translate from Algerian Arabic into English. Output only the translation, do NOT output anything else before nor after it.\nكاين بزاف السياح دايرين بهاذ المبنى. وقيلا تلايمو باش يشوفو واش كاين.\nTranslation:'}]}]",True,,(),0.0,0.0,0.0,0.0,0.0,en,False,None,None
Blobheart:command-r,"I would like a swim suit in a small, please.","[""I'd like a small-sized swimming costume, please.""]",['COMPLETE'],<wandb.sdk.data_types.html.Html object at 0x7f7d3e0b18e0>,14.865996369027277,44.348433519813646,"[{'role': 'User', 'content': [{'type': 'text', 'text': 'Translate from Algerian Arabic into English. Output only the translation, do NOT output anything else before nor after it.\nراني حاب لباس سباحة بمقاس صغير، من فضلك.\nTranslation:'}]}]",True,,(),0.0,0.0,0.0,0.0,0.0,en,False,None,None
Blobheart:command-r,Give me some cigarettes.,['Give me cigarettes.'],['COMPLETE'],<wandb.sdk.data_types.html.Html object at 0x7f7d3e0b1bb0>,40.93653765389909,73.57819173128385,"[{'role': 'User', 'content': [{'type': 'text', 'text': 'Translate from Algerian Arabic into English. Output only the translation, do NOT output anything else before nor after it.\nاعطيني سجائر.\nTranslation:'}]}]",True,,(),0.0,0.0,0.0,0.0,0.0,en,False,None,None
Blobheart:command-r,Would you stand with me for a picture?,['Do you want to take a picture with me?'],['COMPLETE'],<wandb.sdk.data_types.html.Html object at 0x7f7d3e0b1370>,13.134549472120794,40.80108537092556,"[{'role': 'User', 'content': [{'type': 'text', 'text': 'Translate from Algerian Arabic into English. Output only the translation, do NOT output anything else before nor after it.\nاذا تحب تاخذ صورة معايا؟\nTranslation:'}]}]",True,,(),0.0,0.0,0.0,0.0,0.0,en,False,None,None
Blobheart:command-r,How about this plastic models?,['What do you think of these plastic models?'],['COMPLETE'],<wandb.sdk.data_types.html.Html object at 0x7f7d3e0b1ca0>,17.747405280050266,50.95594241713005,"[{'role': 'User', 'content': [{'type': 'text', 'text': 'Translate from Algerian Arabic into English. Output only the translation, do NOT output anything else before nor after it.\nواش رايك في هاذ النماذج من البلاستيك؟\nTranslation:'}]}]",True,,(),0.0,0.0,0.0,0.0,0.0,en,False,None,None
Blobheart:command-r,Do ladies accept that?,['Do women accept this?'],['COMPLETE'],<wandb.sdk.data_types.html.Html object at 0x7f7d3e0b1b50>,14.058533129758727,36.94584858367232,"[{'role': 'User', 'content': [{'type': 'text', 'text': 'Translate from Algerian Arabic into English. Output only the translation, do NOT output anything else before nor after it.\nالنسا يقبلو بهاذا؟\nTranslation:'}]}]",True,,(),0.0,0.0,0.0,0.0,0.0,en,False,None,None
Blobheart:command-r,Wait a minute. I may have left it in the restroom.,['Wait a minute. I think I left it in the bathroom.'],['COMPLETE'],<wandb.sdk.data_types.html.Html object at 0x7f7d3e0b1040>,48.41524713034602,60.698776197499406,"[{'role': 'User', 'content': [{'type': 'text', 'text': 'Translate from Algerian Arabic into English. Output only the translation, do NOT output anything else before nor after it.\nاستنا دقيقة. وقيلا نسيتو فالمرحاض.\nTranslation:'}]}]",True,,(),0.0,0.0,0.0,0.0,0.0,en,False,None,None
Blobheart:command-r,"Dry sherry, please.","['Dry cherry, please.']",['COMPLETE'],<wandb.sdk.data_types.html.Html object at 0x7f7d3e0b1b80>,42.38365628278778,74.86795679810386,"[{'role': 'User', 'content': [{'type': 'text', 'text': 'Translate from Algerian Arabic into English. Output only the translation, do NOT output anything else before nor after it.\nدراي شيري، من فضلك.\nTranslation:'}]}]",True,,(),0.0,0.0,0.0,0.0,0.0,en,False,None,None
Blobheart:command-r,I don't have anything to declare.,['I have nothing to declare.'],['COMPLETE'],<wandb.sdk.data_types.html.Html object at 0x7f7d3e0b8880>,29.640095400745814,58.169946355883994,"[{'role': 'User', 'content': [{'type': 'text', 'text': 'Translate from Algerian Arabic into English. Output only the translation, do NOT output anything else before nor after it.\nماعندي حتى حاجة نصرح بيها.\nTranslation:'}]}]",True,,(),0.0,0.0,0.0,0.0,0.0,en,False,None,None
Blobheart:command-r,We have shrimp Newburg and roast leg of lamb.,"[""Let's have the Newberg shrimp and grilled squid.""]",['COMPLETE'],<wandb.sdk.data_types.html.Html object at 0x7f7d3e0b8910>,10.521495173810226,25.876637586151496,"[{'role': 'User', 'content': [{'type': 'text', 'text': 'Translate from Algerian Arabic into English. Output only the translation, do NOT output anything else before nor after it.\nناخذو جمبري نيوبرغ و جيغو مشوي.\nTranslation:'}]}]",True,,(),0.0,0.0,0.0,0.0,0.0,en,False,None,None
Blobheart:command-r,The budget is under one thousand dollars.,['The budget is under a thousand dollars.'],['COMPLETE'],<wandb.sdk.data_types.html.Html object at 0x7f7d3e0b8a90>,50.000000000000014,82.71250491671654,"[{'role': 'User', 'content': [{'type': 'text', 'text': 'Translate from Algerian Arabic into English. Output only the translation, do NOT output anything else before nor after it.\nالميزانية أقل من ألف دولار.\nTranslation:'}]}]",True,,(),0.0,0.0,0.0,0.0,0.0,en,False,None,None
Blobheart:command-r,This was already broken when I opened the package.,"['The group opened it, and it was broken.']",['COMPLETE'],<wandb.sdk.data_types.html.Html object at 0x7f7d3e0b8970>,5.934202609760488,25.06011451705409,"[{'role': 'User', 'content': [{'type': 'text', 'text': 'Translate from Algerian Arabic into English. Output only the translation, do NOT output anything else before nor after it.\nكان مكسر كي فتحت المجموعة.\nTranslation:'}]}]",True,,(),0.0,0.0,0.0,0.0,0.0,en,False,None,None
Blobheart:command-r,It's hard for us to speak English fluently.,"[""It's difficult for us to speak English fluently.""]",['COMPLETE'],<wandb.sdk.data_types.html.Html object at 0x7f7d3e0b88b0>,73.48889200874659,79.73591660867706,"[{'role': 'User', 'content': [{'type': 'text', 'text': 'Translate from Algerian Arabic into English. Output only the translation, do NOT output anything else before nor after it.\nصعيب علينا باش نهدرو الانجليزية بطلاقة.\nTranslation:'}]}]",True,,(),0.0,0.0,0.0,0.0,0.0,en,False,None,None
Blobheart:command-r,"Why, thank you very much. Uh, can I go up to the top?","[""Yeah, that's great. Oh, can we go up to the top floor?""]",['COMPLETE'],<wandb.sdk.data_types.html.Html object at 0x7f7d3e0b8700>,25.28116869739494,39.21103473698476,"[{'role': 'User', 'content': [{'type': 'text', 'text': 'Translate from Algerian Arabic into English. Output only the translation, do NOT output anything else before nor after it.\nايييه، صحا بزاف. أووه، اذا نقدر نطلع للطابق الأخير؟\nTranslation:'}]}]",True,,(),0.0,0.0,0.0,0.0,0.0,en,False,None,None
Blobheart:command-r,"Oh, I'm sorry. There's been trouble and we're fixing it. Would you wait for about thirty minutes?","['Oh, sorry. There was a problem but we fixed it. Can you wait half an hour?']",['COMPLETE'],<wandb.sdk.data_types.html.Html object at 0x7f7d3e0b86d0>,7.907230535102365,30.115270338099336,"[{'role': 'User', 'content': [{'type': 'text', 'text': 'Translate from Algerian Arabic into English. Output only the translation, do NOT output anything else before nor after it.\nأوه، اعتذر. كان كاين مشكل و حليناه. تقدر تصبر واحد الثلاثين دقيقة؟\nTranslation:'}]}]",True,,(),0.0,0.0,0.0,0.0,0.0,en,False,None,None
Blobheart:command-r,I'd like a cheaper hotel.,"[""I'm looking for a hotel with good value.""]",['COMPLETE'],<wandb.sdk.data_types.html.Html object at 0x7f7d3e0b8580>,9.425159511373677,21.180256023197675,"[{'role': 'User', 'content': [{'type': 'text', 'text': 'Translate from Algerian Arabic into English. Output only the translation, do NOT output anything else before nor after it.\nراني حاب فندق بالسعر المليح.\nTranslation:'}]}]",True,,(),0.0,0.0,0.0,0.0,0.0,en,False,None,None
Blobheart:command-r,"I'm sorry, he's not in at the moment.","[""I apologize, he's kind of absent at the moment.""]",['COMPLETE'],<wandb.sdk.data_types.html.Html object at 0x7f7d3e0b88e0>,33.88714363186177,46.70290361557008,"[{'role': 'User', 'content': [{'type': 'text', 'text': 'Translate from Algerian Arabic into English. Output only the translation, do NOT output anything else before nor after it.\nأعتذر، راهو غائب دوكا.\nTranslation:'}]}]",True,,(),0.0,0.0,0.0,0.0,0.0,en,False,None,None
Blobheart:command-r,We have a twin room with a bath for eighty-five dollars.,['We have a double room available for eighty-five dollars.'],['COMPLETE'],<wandb.sdk.data_types.html.Html object at 0x7f7d3e0b8160>,54.59709700160347,59.55747411513747,"[{'role': 'User', 'content': [{'type': 'text', 'text': 'Translate from Algerian Arabic into English. Output only the translation, do NOT output anything else before nor after it.\nعندنا غرفة بزوج بناك فيها بينواغ سومتها خمسة و ثمانون دولار.\nTranslation:'}]}]",True,,(),0.0,0.0,0.0,0.0,0.0,en,False,None,None
Blobheart:command-r,"Oh, no. Please hurry. We are late.","[""Oh, la la. Please hurry. We're running late.""]",['COMPLETE'],<wandb.sdk.data_types.html.Html object at 0x7f7d3e0b8610>,40.016016019224985,60.61673180890814,"[{'role': 'User', 'content': [{'type': 'text', 'text': 'Translate from Algerian Arabic into English. Output only the translation, do NOT output anything else before nor after it.\nأوه، لالا. من فضلك، أسرع. رانا متأخرين.\nTranslation:'}]}]",True,,(),0.0,0.0,0.0,0.0,0.0,en,False,None,None
Blobheart:command-r,Okay. Is the Sheraton Hotel around there?,['Okay. Is there a Sheraton hotel around here?'],['COMPLETE'],<wandb.sdk.data_types.html.Html object at 0x7f7d3e0b8070>,19.72940627795883,65.10915156814174,"[{'role': 'User', 'content': [{'type': 'text', 'text': 'Translate from Algerian Arabic into English. Output only the translation, do NOT output anything else before nor after it.\nموافق. كاين فندق الشيراطون فالنواحي؟\nTranslation:'}]}]",True,,(),0.0,0.0,0.0,0.0,0.0,en,False,None,None
Blobheart:command-r,Should I say yes or no?,['What should we say yes or no?'],['COMPLETE'],<wandb.sdk.data_types.html.Html object at 0x7f7d3e0b8100>,51.697315395717055,65.70022363751839,"[{'role': 'User', 'content': [{'type': 'text', 'text': 'Translate from Algerian Arabic into English. Output only the translation, do NOT output anything else before nor after it.\nواش لازم نقول إيه ولا لالا؟\nTranslation:'}]}]",True,,(),0.0,0.0,0.0,0.0,0.0,en,False,None,None
Blobheart:command-r,This is room twelve o seven.,"[""Here's room one hundred and twenty-seven.""]",['COMPLETE'],<wandb.sdk.data_types.html.Html object at 0x7f7d3e0b8f40>,4.065425428798724,26.948960425022523,"[{'role': 'User', 'content': [{'type': 'text', 'text': 'Translate from Algerian Arabic into English. Output only the translation, do NOT output anything else before nor after it.\nهاك الغرفة ألف و مئتين و سبعة.\nTranslation:'}]}]",True,,(),0.0,0.0,0.0,0.0,0.0,en,False,None,None
Blobheart:command-r,We moved to this house a year ago.,['We moved into this house a year ago.'],['COMPLETE'],<wandb.sdk.data_types.html.Html object at 0x7f7d3e0b8fd0>,66.06328636027612,86.37023138901615,"[{'role': 'User', 'content': [{'type': 'text', 'text': 'Translate from Algerian Arabic into English. Output only the translation, do NOT output anything else before nor after it.\nانتقلنا إلى هاذ البيت عندها عام.\nTranslation:'}]}]",True,,(),0.0,0.0,0.0,0.0,0.0,en,False,None,None
Blobheart:command-r,What number should I call from here?,['What number can we call from here?'],['COMPLETE'],<wandb.sdk.data_types.html.Html object at 0x7f7d3e0b8eb0>,41.11336169005198,65.94372078389902,"[{'role': 'User', 'content': [{'type': 'text', 'text': 'Translate from Algerian Arabic into English. Output only the translation, do NOT output anything else before nor after it.\nأي رقم نقدر نتصل بيه منا؟\nTranslation:'}]}]",True,,(),0.0,0.0,0.0,0.0,0.0,en,False,None,None
Blobheart:command-r,Our budget is about fifty dollars in total for three people.,['Our budget is about fifty bucks for all three of us.'],['COMPLETE'],<wandb.sdk.data_types.html.Html object at 0x7f7d3e0b8c40>,38.720157050710164,50.99200829312146,"[{'role': 'User', 'content': [{'type': 'text', 'text': 'Translate from Algerian Arabic into English. Output only the translation, do NOT output anything else before nor after it.\nالميزانية تاعنا هي حوالي خمسين دولار كامل لينا حنا الثلاثة.\nTranslation:'}]}]",True,,(),0.0,0.0,0.0,0.0,0.0,en,False,None,None
Blobheart:command-r,I want a different room.,"[""I'd like another room.""]",['COMPLETE'],<wandb.sdk.data_types.html.Html object at 0x7f7d3e0b8cd0>,14.535768424205482,24.144038257012433,"[{'role': 'User', 'content': [{'type': 'text', 'text': 'Translate from Algerian Arabic into English. Output only the translation, do NOT output anything else before nor after it.\nراني حاب غرفة أخرى.\nTranslation:'}]}]",True,,(),0.0,0.0,0.0,0.0,0.0,en,False,None,None
Blobheart:command-r,May I have the name and the number of the party you're calling?,['Can you give me the name and number of the person you want to call?'],['COMPLETE'],<wandb.sdk.data_types.html.Html object at 0x7f7d3e0b8c10>,16.451929399933114,44.64682206442563,"[{'role': 'User', 'content': [{'type': 'text', 'text': 'Translate from Algerian Arabic into English. Output only the translation, do NOT output anything else before nor after it.\nتقدر تعطيني الإسم و الرقم تع الشخص لي راك حاب تتصل بيه؟\nTranslation:'}]}]",True,,(),0.0,0.0,0.0,0.0,0.0,en,False,None,None
Blobheart:command-r,Let's apply a cold compress to relieve the pain.,"[""I'll apply some cold compresses to reduce the pain.""]",['COMPLETE'],<wandb.sdk.data_types.html.Html object at 0x7f7d3e0b8310>,15.05770286076146,52.33434625852198,"[{'role': 'User', 'content': [{'type': 'text', 'text': 'Translate from Algerian Arabic into English. Output only the translation, do NOT output anything else before nor after it.\nدوك ندير كمادة باردة باش انقص الوجع.\nTranslation:'}]}]",True,,(),0.0,0.0,0.0,0.0,0.0,en,False,None,None
Blobheart:command-r,Here is my passport.,"[""Here's my passport.""]",['COMPLETE'],<wandb.sdk.data_types.html.Html object at 0x7f7d3e0b8460>,43.47208719449914,71.12232482251171,"[{'role': 'User', 'content': [{'type': 'text', 'text': 'Translate from Algerian Arabic into English. Output only the translation, do NOT output anything else before nor after it.\nهاك جواز السفر ديالي.\nTranslation:'}]}]",True,,(),0.0,0.0,0.0,0.0,0.0,en,False,None,None
Blobheart:command-r,It's still too expensive. Couldn't I have it for three dollars?,"[""Always too expensive. Can't we get it for three dollars?""]",['COMPLETE'],<wandb.sdk.data_types.html.Html object at 0x7f7d3e0b8340>,29.363075328744014,58.28133143933536,"[{'role': 'User', 'content': [{'type': 'text', 'text': 'Translate from Algerian Arabic into English. Output only the translation, do NOT output anything else before nor after it.\nدايمن بزاف غالي. منقدرش نتحصل عليه بثلاثة دولار؟\nTranslation:'}]}]",True,,(),0.0,0.0,0.0,0.0,0.0,en,False,None,None
Blobheart:command-r,I think there is a mistake in the bill.,"[""We think there's a mistake in the observation.""]",['COMPLETE'],<wandb.sdk.data_types.html.Html object at 0x7f7d3e0b8370>,26.20251007173262,60.29083905790319,"[{'role': 'User', 'content': [{'type': 'text', 'text': 'Translate from Algerian Arabic into English. Output only the translation, do NOT output anything else before nor after it.\nنظن بلي كاين خطأ فالملاحظة.\nTranslation:'}]}]",True,,(),0.0,0.0,0.0,0.0,0.0,en,False,None,None
Blobheart:command-r,"Yes, but not too strong.","['Yes, but not that strong.']",['COMPLETE'],<wandb.sdk.data_types.html.Html object at 0x7f7d3e0b8130>,48.892302243490086,73.24147848114042,"[{'role': 'User', 'content': [{'type': 'text', 'text': 'Translate from Algerian Arabic into English. Output only the translation, do NOT output anything else before nor after it.\nايه، بصح ماشي بزاف قوي.\nTranslation:'}]}]",True,,(),0.0,0.0,0.0,0.0,0.0,en,False,None,None
Blobheart:command-r,The area code is three. The phone number is two three four three four zero zero.,['The area code is three. The phone number is two three four three four zero zero.'],['COMPLETE'],<wandb.sdk.data_types.html.Html object at 0x7f7d3e0b8760>,100.00000000000004,100.0,"[{'role': 'User', 'content': [{'type': 'text', 'text': 'Translate from Algerian Arabic into English. Output only the translation, do NOT output anything else before nor after it.\nالرمز الجهوي هو ثلاثة. رقم الهاتف هو اثنان ثلاثة أربعة ثلاثة أربعة صفر صفر.\nTranslation:'}]}]",True,,(),0.0,0.0,0.0,0.0,0.0,en,False,None,None
Blobheart:command-r,"I'd like a single room with a bath for eighty dollars, please.","[""I'd like a room with a balcony for ninety dollars, please.""]",['COMPLETE'],<wandb.sdk.data_types.html.Html object at 0x7f7d3e0b81f0>,41.15109772030928,63.94799195197827,"[{'role': 'User', 'content': [{'type': 'text', 'text': 'Translate from Algerian Arabic into English. Output only the translation, do NOT output anything else before nor after it.\nراني حاب غرفة فيها بينواغ بتسعون دولار، من فضلك.\nTranslation:'}]}]",True,,(),0.0,0.0,0.0,0.0,0.0,en,False,None,None
Blobheart:command-r,What time is Terminal Man being shown?,['When does the airport terminal close?'],['COMPLETE'],<wandb.sdk.data_types.html.Html object at 0x7f7d3e0b8280>,5.693025330278465,19.108342929234514,"[{'role': 'User', 'content': [{'type': 'text', 'text': 'Translate from Algerian Arabic into English. Output only the translation, do NOT output anything else before nor after it.\nوقتاش يجوز ترمينال مان؟\nTranslation:'}]}]",True,,(),0.0,0.0,0.0,0.0,0.0,en,False,None,None
Blobheart:command-r,Please input your PIN.,['Please enter your identification number.'],['COMPLETE'],<wandb.sdk.data_types.html.Html object at 0x7f7d3e0917f0>,8.643019616048525,28.87432871674803,"[{'role': 'User', 'content': [{'type': 'text', 'text': 'Translate from Algerian Arabic into English. Output only the translation, do NOT output anything else before nor after it.\nمن فضلك دخل رقم التعريف ديالك.\nTranslation:'}]}]",True,,(),0.0,0.0,0.0,0.0,0.0,en,False,None,None
Blobheart:command-r,Could you weigh this package?,['Can you weigh this package for me?'],['COMPLETE'],<wandb.sdk.data_types.html.Html object at 0x7f7d3e091bb0>,46.713797772819994,72.21438041935491,"[{'role': 'User', 'content': [{'type': 'text', 'text': 'Translate from Algerian Arabic into English. Output only the translation, do NOT output anything else before nor after it.\nتقدر توزنلي هاذ الحزمة؟\nTranslation:'}]}]",True,,(),0.0,0.0,0.0,0.0,0.0,en,False,None,None
Blobheart:command-r,"Here's a twenty and give me two dollars change, please.","[""Here's a twenty, give me back two dollars, please.""]",['COMPLETE'],<wandb.sdk.data_types.html.Html object at 0x7f7d3e091130>,48.109772909788084,64.8245465682581,"[{'role': 'User', 'content': [{'type': 'text', 'text': 'Translate from Algerian Arabic into English. Output only the translation, do NOT output anything else before nor after it.\nهاك ورقة تع عشرين، رجعلي زوج دولار، من فضلك.\nTranslation:'}]}]",True,,(),0.0,0.0,0.0,0.0,0.0,en,False,None,None
Blobheart:command-r,D twelve is my seat number. Where is it?,"[""My seat number is twelve. Where's mine?""]",['COMPLETE'],<wandb.sdk.data_types.html.Html object at 0x7f7d3e091220>,12.605968092174914,50.09396998358541,"[{'role': 'User', 'content': [{'type': 'text', 'text': 'Translate from Algerian Arabic into English. Output only the translation, do NOT output anything else before nor after it.\nرقم المقعد ديالي هو دي اثناعشر. وين جاي؟\nTranslation:'}]}]",True,,(),0.0,0.0,0.0,0.0,0.0,en,False,None,None
Blobheart:command-r,At which station should I get off to go to the Empire State Building?,['Which station should I get off at to get to the Empire State Building?'],['COMPLETE'],<wandb.sdk.data_types.html.Html object at 0x7f7d3e091760>,58.282339541526554,80.97249395757895,"[{'role': 'User', 'content': [{'type': 'text', 'text': 'Translate from Algerian Arabic into English. Output only the translation, do NOT output anything else before nor after it.\nواش من المحطة لي لازم نحبس فيها باش نروح ل أمبير ستايت بيلدينغ؟\nTranslation:'}]}]",True,,(),0.0,0.0,0.0,0.0,0.0,en,False,None,None
Blobheart:command-r,"One for New York, please.","['One ticket to New York, please.']",['COMPLETE'],<wandb.sdk.data_types.html.Html object at 0x7f7d3e091e50>,54.10822690539397,70.46362746331741,"[{'role': 'User', 'content': [{'type': 'text', 'text': 'Translate from Algerian Arabic into English. Output only the translation, do NOT output anything else before nor after it.\nشخص واحد لنيويورك، من فضلك.\nTranslation:'}]}]",True,,(),0.0,0.0,0.0,0.0,0.0,en,False,None,None
Blobheart:command-r,"Sorry, this space is already taken.","['Forgive me, this place is doomed.']",['COMPLETE'],<wandb.sdk.data_types.html.Html object at 0x7f7d3e091d60>,9.980099403873663,25.58579825751509,"[{'role': 'User', 'content': [{'type': 'text', 'text': 'Translate from Algerian Arabic into English. Output only the translation, do NOT output anything else before nor after it.\nسامحني، هاذ البلاصة محكومة.\nTranslation:'}]}]",True,,(),0.0,0.0,0.0,0.0,0.0,en,False,None,None
Blobheart:command-r,"Hi, that's a really beautiful dress.","['Peace, this robe is very stylish.']",['COMPLETE'],<wandb.sdk.data_types.html.Html object at 0x7f7d3e091df0>,5.0735520042259505,13.082155219387145,"[{'role': 'User', 'content': [{'type': 'text', 'text': 'Translate from Algerian Arabic into English. Output only the translation, do NOT output anything else before nor after it.\nسلام، هاذي روبا شابة بزاف.\nTranslation:'}]}]",True,,(),0.0,0.0,0.0,0.0,0.0,en,False,None,None
Blobheart:command-r,Excuse me. May I get through?,['Excuse me. Can we cross?'],['COMPLETE'],<wandb.sdk.data_types.html.Html object at 0x7f7d3e091cd0>,22.772101321113862,36.54525923824152,"[{'role': 'User', 'content': [{'type': 'text', 'text': 'Translate from Algerian Arabic into English. Output only the translation, do NOT output anything else before nor after it.\nالمعذرة. نقدر نجوز؟\nTranslation:'}]}]",True,,(),0.0,0.0,0.0,0.0,0.0,en,False,None,None
Blobheart:command-r,"Then, you'll come to a shopping street. If you follow the street you'll get to the station.","['Then take the trade route. To follow the path, head for the station.']",['COMPLETE'],<wandb.sdk.data_types.html.Html object at 0x7f7d3e0913a0>,7.808676176463575,29.92141806477864,"[{'role': 'User', 'content': [{'type': 'text', 'text': 'Translate from Algerian Arabic into English. Output only the translation, do NOT output anything else before nor after it.\nممبعد، توصل على طريق تجارية. كي تتبع الطريق، توصل للمحطة.\nTranslation:'}]}]",True,,(),0.0,0.0,0.0,0.0,0.0,en,False,None,None
Blobheart:command-r,I've missed my stop.,['I missed my chance.'],['COMPLETE'],<wandb.sdk.data_types.html.Html object at 0x7f7d3e091430>,17.030578356760866,41.03460169679568,"[{'role': 'User', 'content': [{'type': 'text', 'text': 'Translate from Algerian Arabic into English. Output only the translation, do NOT output anything else before nor after it.\nفاتني الموقف ديالي.\nTranslation:'}]}]",True,,(),0.0,0.0,0.0,0.0,0.0,en,False,None,None
Blobheart:command-r,"Yes, I'd like something to read.","[""Yes, I'd like something to read.""]",['COMPLETE'],<wandb.sdk.data_types.html.Html object at 0x7f7d3e091370>,100.00000000000004,100.0,"[{'role': 'User', 'content': [{'type': 'text', 'text': 'Translate from Algerian Arabic into English. Output only the translation, do NOT output anything else before nor after it.\nايه، راني حاب كاش حاجة نقراها.\nTranslation:'}]}]",True,,(),0.0,0.0,0.0,0.0,0.0,en,False,None,None
Blobheart:command-r,Which movie do you recommend?,['What movie should I watch?'],['COMPLETE'],<wandb.sdk.data_types.html.Html object at 0x7f7d3e0918b0>,9.652434877402245,18.02959232940717,"[{'role': 'User', 'content': [{'type': 'text', 'text': 'Translate from Algerian Arabic into English. Output only the translation, do NOT output anything else before nor after it.\nواش من فيلم تنصحني بيه؟\nTranslation:'}]}]",True,,(),0.0,0.0,0.0,0.0,0.0,en,False,None,None
Blobheart:command-r,I need a present for anniversary.,['I need a gift for an anniversary.'],['COMPLETE'],<wandb.sdk.data_types.html.Html object at 0x7f7d3e091a00>,31.02016197007,63.71765593310149,"[{'role': 'User', 'content': [{'type': 'text', 'text': 'Translate from Algerian Arabic into English. Output only the translation, do NOT output anything else before nor after it.\nلازملي هدية لذكرى سنوية.\nTranslation:'}]}]",True,,(),0.0,0.0,0.0,0.0,0.0,en,False,None,None
Blobheart:command-r,Is there a live band or a DJ?,['Is there a live band or a DJ?'],['COMPLETE'],<wandb.sdk.data_types.html.Html object at 0x7f7d3e0918e0>,100.00000000000004,100.0,"[{'role': 'User', 'content': [{'type': 'text', 'text': 'Translate from Algerian Arabic into English. Output only the translation, do NOT output anything else before nor after it.\nاذا كاين فرقة لايف ولا ديجي؟\nTranslation:'}]}]",True,,(),0.0,0.0,0.0,0.0,0.0,en,False,None,None
Blobheart:command-r,I'd like some pajamas.,['I want a pajama.'],['COMPLETE'],<wandb.sdk.data_types.html.Html object at 0x7f7d3e091910>,7.654112967106117,20.38208910389361,"[{'role': 'User', 'content': [{'type': 'text', 'text': 'Translate from Algerian Arabic into English. Output only the translation, do NOT output anything else before nor after it.\nراني حاب بيجاما.\nTranslation:'}]}]",True,,(),0.0,0.0,0.0,0.0,0.0,en,False,None,None
Blobheart:command-r,"It's colder than usual this year, but not cold enough for snow.","[""It's colder than usual this year, but it's not the cold of snow.""]",['COMPLETE'],<wandb.sdk.data_types.html.Html object at 0x7f7d3e091490>,56.53636138834073,69.87177317990017,"[{'role': 'User', 'content': [{'type': 'text', 'text': 'Translate from Algerian Arabic into English. Output only the translation, do NOT output anything else before nor after it.\nكاين البرد كثر من العادة هاذ العام، بصح ماشي برد تع ثلج.\nTranslation:'}]}]",True,,(),0.0,0.0,0.0,0.0,0.0,en,False,None,None
Blobheart:command-r,"May I recline my seat, please?","['Can I recline my seat, please?']",['COMPLETE'],<wandb.sdk.data_types.html.Html object at 0x7f7d3e091e20>,86.33400213704509,87.09359119141726,"[{'role': 'User', 'content': [{'type': 'text', 'text': 'Translate from Algerian Arabic into English. Output only the translation, do NOT output anything else before nor after it.\nاذا نقدر نميل المقعد ديالي، من فضلك؟\nTranslation:'}]}]",True,,(),0.0,0.0,0.0,0.0,0.0,en,False,None,None
Blobheart:command-r,It's right here.,['Here it stops.'],['COMPLETE'],<wandb.sdk.data_types.html.Html object at 0x7f7d3e091250>,8.745825313180626,13.548861938033896,"[{'role': 'User', 'content': [{'type': 'text', 'text': 'Translate from Algerian Arabic into English. Output only the translation, do NOT output anything else before nor after it.\nهنا برك.\nTranslation:'}]}]",True,,(),0.0,0.0,0.0,0.0,0.0,en,False,None,None
Blobheart:command-r,"My name is Michiko Tanaka, and the flight number is five o one for Tokyo.",['My name is Michiko Tanaka and my flight number is five hundred and one to Tokyo.'],['COMPLETE'],<wandb.sdk.data_types.html.Html object at 0x7f7d3e091c10>,48.740622698799406,67.97646484256474,"[{'role': 'User', 'content': [{'type': 'text', 'text': 'Translate from Algerian Arabic into English. Output only the translation, do NOT output anything else before nor after it.\nاسمي هو ميشيكو طاناكا و رقم الرحلة ديالي هو خمسمئة و واحد لطوكيو.\nTranslation:'}]}]",True,,(),0.0,0.0,0.0,0.0,0.0,en,False,None,None
Blobheart:command-r,The longer ones are in vogue now.,['The tall ones are the only ones who are famous.'],['COMPLETE'],<wandb.sdk.data_types.html.Html object at 0x7f7d3e0916a0>,8.913765521398126,28.95834711573927,"[{'role': 'User', 'content': [{'type': 'text', 'text': 'Translate from Algerian Arabic into English. Output only the translation, do NOT output anything else before nor after it.\nالطوال هما لي راهم مشهورين دوكا.\nTranslation:'}]}]",True,,(),0.0,0.0,0.0,0.0,0.0,en,False,None,None
Blobheart:command-r,"You will definitely send them, right?","[""They'll send it to me, for sure, yeah?""]",['COMPLETE'],<wandb.sdk.data_types.html.Html object at 0x7f7d3e091f70>,4.065425428798724,16.78213290886046,"[{'role': 'User', 'content': [{'type': 'text', 'text': 'Translate from Algerian Arabic into English. Output only the translation, do NOT output anything else before nor after it.\nتبعثهوملي أكيد، ياك؟\nTranslation:'}]}]",True,,(),0.0,0.0,0.0,0.0,0.0,en,False,None,None
Blobheart:command-r,I don't know very much about wine. What is good for this dish?,"[""I don't know much about wine. Would it go well with this dish?""]",['COMPLETE'],<wandb.sdk.data_types.html.Html object at 0x7f7d3e091b50>,42.9513694636652,58.44324012367821,"[{'role': 'User', 'content': [{'type': 'text', 'text': 'Translate from Algerian Arabic into English. Output only the translation, do NOT output anything else before nor after it.\nأنا مانعرفش مليح النبيذ. واش يجي مليح مع هاذ الطبق؟\nTranslation:'}]}]",True,,(),0.0,0.0,0.0,0.0,0.0,en,False,None,None
Blobheart:command-r,His clothes are always out of fashion.,['These clothes are always out of fashion.'],['COMPLETE'],<wandb.sdk.data_types.html.Html object at 0x7f7d3e091850>,84.08964152537145,88.49297883585724,"[{'role': 'User', 'content': [{'type': 'text', 'text': 'Translate from Algerian Arabic into English. Output only the translation, do NOT output anything else before nor after it.\nهاذ الملابس راهم دايمن خارج الموضة.\nTranslation:'}]}]",True,,(),0.0,0.0,0.0,0.0,0.0,en,False,None,None
