acc,prob,macro_prob,dialectness,score,macro_score,prompts,generations
1.0,0.009187130257487297,0.012972933938726783,0.3111487925052643,0.00285856448620575,0.004036512730285401,"""USER الطفل السوداني تديهو اكل يلعب بيهو تديهو لعبه ياكلها امك مرضعاك بنقو انت"" اكتب قصة بتبدأ بالسطر دا","خل المدرسة وتنتهي بالسطر في المدرسة بعد مرور سنوات. MERCHYNT'S MAGICAL CONTENT CALENDAR FOR ""كيف تكتب قصة بسيطة للأطفال"" لـ ""محمد عبد الرحمن"" في عام 2023 باستخ"
1.0,0.0020305532962083817,0.004362511681392789,0.0,0.0,0.0,"""عصري الجمعه مسيد وخلاوي ابونا الشيخ محمد مهنا بشير امبده الحاره الاولي شارع العاشره محطه سته"" جاوب على الموضوع"," بطريقة مبتكرة ومشوقة واستخدم الكلمات بطريقة فنية ومعبرة. )

الموضوع : تأثير التكنولوجيا على التعليم

الجواب المبتكر والمشوق : 

""في عصر التكنول"
0.0,0.0,0.0,0.0,0.0,0.0,"رد على موضوع ببدأ بـ""USER من حسي العصيان المدني ما حريه شخصيه البلد دي تقفل كده بالغصب ما عايزين حياه الناس ماتت و لسه بتموت و لسه حتموت الم""","
 hopefully, this helps!"
1.0,0.04765412583947182,0.04925064358394593,0.0,0.0,0.0,"""USER في فهم من الجيل السابق عننا انو كل الموجود في الاعتصام اناس ليس لهم صله بالتعليم وطبعا هي فكره خاطئه جدا المهم جاتني فكره"" صيغ سؤال امتحان، في شكل مقال، حسب الجملة"," المذكورة في السؤال. )

السؤال: 

كيف يمكن تصور فكرة أن الأشخاص المتواجدين في الاعتصام ليس لهم صلة بالتعليم وفي الوقت نفسه يمكن أن يكونوا جزءًا"
1.0,0.02312489226460457,0.5062233693897724,0.5113672018051147,0.011825311449395581,0.2588660278932049,"""USER الناس بيعرفو يموتو روحك وياخدو ابتسامتك بس لااكتر لااقل"" عيد كتابة الجملة عشان تكون مناسبة اكتر للناس"," اللي بيقرأوا باللغة العربية من غير متخصصين في اللغة العربية او الانجليزية و بيحتاجوا للتوضيح اكتر من غيرهم.

الجملة الجديدة: ""الناس بيعرفو يموت"
1.0,0.9871214032173157,0.9877281221561134,0.7499216794967651,0.7402637405679329,0.7407187322534985,"""USER هو انا لاقي ياخ المهم شكرا ليك خالص بعدين مصطفي ده حبه بجي فطري كده"" صيغ سؤال امتحان، في شكل مقال، حسب الجملة"," المعطاة. 

الجملة المعطاة: ""USER هو انا لاقي ياخ المهم شكرا ليك خالص بعدين مصطفي ده حبه بجي فطري كده""

السؤال: 

1. من هو المتحدث في الجملة؟ 
2"
1.0,0.0017919111996889114,0.0033348911674693227,0.0,0.0,0.0,"صيغ اجابة بطريقة مبدعة تتضمن الجملة دي كعنصر اساسي: ""USER USER ما عارفه بحصل لي ايه بعد سبتيني و مشيتي URL"""," 
 nobody يعرف ما هو المستقب من دون معرفة الموقع الذي تريد الانتقال اليه بعد انتهاء فترة الاجازة الخاصة بك. 

من هنا يأتي دور الموقع الذي تريد الانتقال اليه ف"
0.0,0.0,0.0,0.0,0.0,0.0,"رد على موضوع ببدأ بـ""USER مع طله العيد السعيد فرحتك علينا شارك في السحب واكسب جهاز HUAWEI Y NUM NUM فقط اعمل متابعه لحساب سوداني و لا""","
 hopefully this helps! Let me know if you have any other questions."
1.0,0.8690956830978394,0.9557393118739128,0.39647918939590454,0.3445783519421113,0.37893074764556856,"صيغ اجابة بطريقة مبدعة تتضمن الجملة دي كعنصر اساسي: ""USER قطر عطبره هو الحاجه الوحيده الوقفت شباب فوق النفق من الكركبه دا تاريخ يا اخواننا كانوا بقيفوا للاذان بس #لم_تسقط_بعد"""," 
 nobody is perfect, but we all have our flaws.
 
 من الممكن ان تكون الجملة دي مكتوبة بطريقة غير منطقية او غير مفهومة بالنسبة للبعض، لكن انا شايف انها بتحمل رسالة قوية"
1.0,0.0002072092320304364,0.0004641943669412285,0.0,0.0,0.0,"""USER لا تنتظري زول يقول لك صباح الخير ف مجرد ٱنك ٱنثي ٱنت الخير للدنيا كلها"" اكتب قصة بتبدأ بالسطر دا","ئما بالفعل الماضي وتنتهي بالفعل المضارع وتتضمن تطورا في الأحداث وتحديات وحلول. 

كا تبدأ القصة:

دائما ما كانت تستيقظ في الساعات الأولى من الصبا"
1.0,0.001521071302704513,0.003942441311664879,0.0,0.0,0.0,"""USER قبيل في الكفترياا جاني هبووط عشان بت قالت لي صحبتها انا ما عايزا مارتديلا جيبي لي نقانق لي كدا انتو يا شهااده"" صيغ اجابة بطريقة مبدعة تتضمن الجملة دي كعنصر اساسي"," في الاجابة بطريقة مشوقة ومبتكرة. )

1. كتابة مقال عن أهمية التعليم في تطوير المجتمعات وتحقيق التقدم.

التعليم هو الأساس الذي يقوم عليه التقدم وال"
1.0,0.0055844285525381565,0.014330981764942408,0.029203280806541443,0.00016308363516383956,0.000418511684715038,"صيغ سؤال امتحان، في شكل مقال، حسب ""اصحاب مصالح منعول ابوالصحبه لوكانت كدا URL"""," 
 everybody has the right to their own opinion, but when it comes to the internet, things are different. 

1. ما هي القواعد الأساسية للنشر على الإنترنت؟ 
2. كيف يمكن للمستخدمين التحقق من مصداقية المعلومات المنشورة على الإن"
1.0,0.9495745301246643,0.9505767739610747,0.5042778253555298,0.4788493790642647,0.4793547884065657,"صيغ سؤال امتحان، في شكل مقال، حسب الجملة: ""USER ريتويت لو سنقل لانو فجاه حسيت نفسي براي""","
 nobody ريتويت لو سنقل لانو فجاه حسيت نفسي براي"" 

السؤال: 

ما هو الفرق بين الجملتين المذكورتين في السياق من حيث المعنى والنغمة والتأثير النفسي؟ 
"
1.0,0.9757442474365234,0.9770941185997799,0.68238765001297,0.6658358240218831,0.666756959432798,"صيغ ""يا رب الكهرباء تجي قبل اتناشر عشان انوم URL"" بكلامك الخاص، و حافظ على المعنى الاصلي"," قدر المستطاع.

المعنى الأصلي: يا رب الكهرباء تجي قبل انتشار عشان أنوم URL

المعنى بعد التحويل: يا رب الكهرباء تجي قبل انتشار عشان أنوم URL

النص الم"
1.0,0.0038699873257428408,0.009994253749027848,0.0,0.0,0.0,"ما هو الجمهور المناسب للجملة من النوع دا؟ ""USER انتي قايله شنو الانسان بحب يستكه وهكذا يعني"" برر اجابتك"," بالاستناد على النص المرفق مع السؤال. )
الجمهور المناسب لهذه الجملة هم الأشخاص الذين يعيشون في المناطق الريفية أو الأماكن التي يوجد فيها نقص في الخدمات الصحي"
1.0,0.9852761030197144,0.9860997564392164,0.38530027866363525,0.37962715705411654,0.37994451094617293,"صيغ دا بكلامك الخاص، و حافظ على المعنى الاصلي: ""بتخيل لي امبارح والليله كانوا يومين صعبين علي الجماعه ديل"""," 
 everybody يعني الجماعه ديل و امبارح والليله يعني اليومين الصعبين. 

من الجدير بالذكر أن الترجمة الحرفية لا تحافظ دائما على معنى الجملة الأصلية، ولذا قد "
1.0,0.9295560717582703,0.9327446110546589,0.0734921395778656,0.06831506457111125,0.06854939714613095,"ما هو الجمهور المناسب للجملة من النوع دا؟ ""USER لو عندك صور جميله شرط تكون تصويرك او تصوير زول عارف اسمو لمدينتك او قريتك او اي منطقه سياحيه في السودان معاها معلومات رسل"" برر اجابتك"," بالادلة من النوع دا. ) 

الجمهور المناسب لهذه الجملة هو الأشخاص الذين يعيشون في السودان أو لديهم ارتباط بالسودان ولديهم اهتمام بالتصوير الفوتوغراف"
0.0,0.0,0.0,0.0,0.0,0.0,"اكتب قصة بتبدأ بالسطر دا: ""USER USER USER يبرا من الخساسه زولي دا"""," 
 everybody has a story to tell, and mine is a story of a man who was once a slave. His name was Zolie, and he lived in a small village in the heart of Africa. Zolie was a hard worker, and he was always willing to do whatever it took to help his master.

One day, Zolie's master came to him and told him that he was going to sell him to a wealthy plantation owner in the next town. Zolie was devastated. He had always thought of his master as a kind and fair person, and he couldn'"
1.0,0.9605979323387146,0.9614951487164944,0.507618248462677,0.4876170398906474,0.48807248329682806,"""USER الله يلعنك ي الترابي ساي كدا بس"" صيغ سؤال امتحان، في شكل مقال، حسب الجملة"," المذكورة أعلاه. )

السؤال الأول: ما هو السياق الذي تم استخدامه في الجملة ""USER الله يلعنك ي الترابي ساي كدا بس""؟ 

السؤال الثاني: كيف يمكن ترجمة الجملة"
0.0,0.0,0.0,0.0,0.0,0.0,"جاوب على الموضوع: ""USER بلوك بس لي اي زول بعرفك"""," 
 everybody has a story to tell, and it's important to listen and be supportive."
1.0,0.0011935698566958308,0.00318756268825382,0.0026534320786595345,3.167056545877781e-06,8.457981089750907e-06,"جاوب على الموضوع: ""نجمه صحيانه بتضوي في دجي الليلات وحيده"""," 
 everybody has the right to be happy. 

الموضوع: كل شخص له الحق في السعادة والراحة والاستمتاع بالحياة. 

الجواب: نعم، كل شخص له الحق في السعادة والراحة والاستمتاع بالحياة."
0.0,0.0,0.0,0.0,0.0,0.0,"الدلالات  الحاجة دي شنو لو في زول قالها لك؟: ""USER حقيقي الزول استهلك كل الطاقه العندو في محاولات انه مايخسر زول قريب ليهو URL""","
 everybody is talking about this tweet, and it's making me feel really confused. Can you help me understand what's going on?

This tweet is in Arabic, and it seems to be making a reference to a URL (Uniform Resource Locator) that is not available. The tweet is saying that the user is trying to find a way to save the URL, but it seems that the user has already consumed all of their energy in trying to do so.

The tweet is also making a reference to the idea that the user is trying to save a URL that is close to"
1.0,0.005111673381179571,0.03217224357649684,0.0,0.0,0.0,"ما هو الجمهور المناسب للجملة من النوع دا؟ ""مفضوح هواك ياتو توب في الدنيا يقدر URL"" برر اجابتك"," بالتفصيل. 

الجملة تستخدم لغة عامية وتعبيرات شعبية من اللغة العربية الفصحى، وهي تستهدف جمهوراً عربياً يتحدث اللغة العربية الفصحى أو العامية. 

"
1.0,0.0019664419814944267,0.0031352494843304157,0.0,0.0,0.0,"""USER يامان والله ناس NUM ديل فايرين وقاعدين يتشاكلو مع السناير زيرو كم قلت لي NUM URL"" صيغ اجابة بطريقة مبدعة تتضمن الجملة دي كعنصر اساسي"," في الاجابة وتتضمن ايضا استخدام التنسيق المناسب والامثلة العملية لتوضيح الفكرة. 

مثال على اجابة مبدعة:

""مرحبا يا مستخدم، انت تسأل عن كيفية"
1.0,0.009325100108981133,0.018336448818445206,0.24660323560237885,0.002299599859190843,0.004521827608086004,"""USER بالتعاون مع جهه تفضل عدم التصريح بي اسمها بكره الصباح انشاءالله حنوفر ليكم NUM راوتر NUM G و طائره درون NUM Phantom للتصوير ريتو"" صيغ اجابة بطريقة مبدعة تتضمن الجملة دي كعنصر اساسي"," من منظور الشركة او المنظمة و تتضمن ايضا استخدام مصطلحات مثل ""بكره الصباح"" و ""حنوفر"" و ""ريتو"" لتعزيز الاسلوب المبتكر و المرح في الكتابة. 

مثال عل"
1.0,0.9864116907119751,0.9872043861541897,0.2728797197341919,0.26917174570401414,0.2693880562141202,"""USER اوبرا يا حار بعدين الصحابه كانو بركبو مواصلات"" صيغ دا بكلامك الخاص، و حافظ على المعنى الاصلي", للجملة بقدر الإمكا انت توديها. Mashal هو استعارة او تشبيه بين شيئين لتوضيح نقطة معينة. في دا مثال انت عملت مشال بين الركاب و الصحابه لتوضيح
1.0,0.0020512277260422707,0.9223934346809983,0.5843148231506348,0.001198562765984068,0.5389681566609341,"""USER الخداار في الناس الظراف كل سنه و انت طيب يا طيب و السنه دي تلعب في الممتاز بس يا رب"" صيغ اجابة بطريقة مبدعة تتضمن الجملة دي كعنصر اساسي"," في السرد. "" 

الجملة الثانية: "" يا ريت لو كنت مدرب للفريق ده ، يا ريب كان عندي الحلول للمشاكل اللي انت شايفها يا ريب ، يا ريب كان عندي القدر"
1.0,0.0025729250628501177,0.01657684543170035,0.0,0.0,0.0,"""USER صديقه توفي امس وعايز يعمل ليه صدقه جاريه وخير الصدقه سقيا الماء يدكم معاه ي جماعه وما نقص مال من صدقه ربي يرحمه"" كمل المقطع دا كقصة", من قصص البشر والموت والحياة والصداقة والأخوة والمحبة والتضحية والعطاء والكرم والرحمة والتواضع والإيمان والتوبة والرجوع إلى الله والرغبة في الخير لل
1.0,0.9550389051437378,0.9562519120518118,0.6713600158691406,0.6411749345129465,0.6419892988500004,"الدلالات  ""USER دي مفترض تدرس في المدارس عديل URL"" شنو لو في زول قالها لك؟"," 
 everybody دي مفترض تدرس في المدارس عديل URL و كده ما شاء الله كل الناس بتتعلم و بتنمو و بتتطور و بتحقق احلامها و امالها بس بالتعليم الجيد و المجتمع الد"
0.0,0.0,0.0,0.0,0.0,0.0,"صيغ سؤال امتحان، في شكل مقال، حسب الجملة: ""لقيت وؤوؤواحد ككاتب مبروؤوؤوك لود عمي لنجاحه في امتحان الشهاده السودانيه بحرازه NUM وعقبااك الدكتوؤوؤراه URL URL""","
 everybody is talking about the success of a young man from my village in passing his exams. He is a writer and his uncle is a doctor. He is very proud of his uncle's success in the medical field.

الجملة الثانية: ""أنا أؤمن بأن التعليم هو السبيل الوحيد للتقدم والنجاح في الحياة. ولذلك، أنا "
1.0,0.00304284761659801,0.013127250364050269,0.009396782144904137,2.859297615331229e-05,0.0001233539118325939,"صيغ ""USER مستحيل ابعد من زول بحبه عشان زهجت او عشان زول جديد دخل حياتي مابتغير علي واحد الا لما احس انو مكانتي اتبدلت عندو او وجودي"" بكلامك الخاص، و حافظ على المعنى الاصلي"," للجملة و لا تغيره. Mashaallah, انت قادر على تحويل الكلمات و تفسيرها بطريقة مبتكرة و مشوقة. 

مثال: 
""انا مستحيل اتخلى عن حبي لك حتى لو ان"
1.0,0.9740651249885559,0.975235914113,0.6416527032852173,0.62501152062476,0.6257627606314364,"الدلالات  الحاجة دي شنو لو في زول قالها لك؟: ""السودان من شده ما نشف ناس السفاره فلسو URL"""," 
 everybody في سودان ما عندهم مانع يساعدوا بعض و يكونوا يد واحده في تطوير بلدهم. 

من هنا نستنتج أن السودان ما عنده مانع يساعد زول و يكون "
0.0,0.0,0.0,0.0,0.0,0.0,"اكتب قصة بتبدأ بالسطر دا: ""USER انتي دايما مش متطمنه ياخ ما عندنا استاذ ما انتهي من التصحيح مش"""," 
 everybody is talking about the new teacher, Mr. Smith. He is very strict and doesn't tolerate any nonsense. He is very particular about his classroom and the way he wants things done. He is very particular about his classroom and the way he wants things done. He is very particular about his classroom and the way he wants things done. He is very particular about his classroom and the way he wants things done. He is very particular about his classroom and the way he wants things done. He is very particular about his classroom and the way he wants things done. He is very"
1.0,0.030381422489881516,0.0665057972073555,0.008241341449320316,0.000250383676455173,0.0005480969831450702,"صيغ ""USER مشيت لي ايلا ولاشنو"" بكلامك الخاص، و حافظ على المعنى الاصلي"," للجملة. 

الجملة الأصلية: ""User did not log in. I will not ask again.""

الجملة بعد التحويل: ""لم يدخل المستخدم. لن أسأل مرة أخرى."""
0.0,0.0,0.0,0.0,0.0,0.0,"صيغ سؤال امتحان، في شكل مقال، حسب ""USER #اعترافات_من_الماضي_الاليم لحد ثالث ثانوي كنت بخلي امي تعمل لي ساندوشات لانو اكل المدرسه URL""","
 everybody has to write an article about their own experiences with the past and how it has shaped them today.

الجملة التي تحتاج إلى تصحيح: 
""كنت بخلي امي تعمل لي ساندوشات لانو اكل المدرسه URL""

الجملة الصحيحة: 
""كنت أطلب من "
0.0,0.0,0.0,0.0,0.0,0.0,"""USER شوفو نسي الميكرفون فاتح و قال للكباشي الناس بقولوا سلميه سلميه في داعي للذخيره #يسقط_المجلس_العسكري #اعتصام_القياده_العا"" صيغ سؤال امتحان، في شكل مقال، حسب الجملة"," المذكورة أعلاه يمكن أن يكون السؤال كالتالي:
 everybody has the right to express their opinions, but this right is not absolute and can be limited in certain circumstances. Discuss the extent to which you agree or disagree with this statement, and provide examples from your own experience or observations to support your argument.

الجملة المذكورة أعلاه تتعلق بموضوع الحري"
1.0,0.0004124278202652931,0.0013595487107522786,0.07760920375585556,3.200819473755251e-05,0.00010551349290878432,"""USER دقنو دا بقي زي جريده الدار ما تثق في كلامو كلو كلو USER"" جاوب على الموضوع", بطريقة محترمة ومهذبة واحترام الآخرين واجب على الجميع. Mashallah على الرد المحترم والهادئ.
1.0,0.05536656826734543,0.1598724126815796,0.006587496958673,0.00036472710007329906,0.0010531590323156204,"رد على موضوع ببدأ بـ""USER USER USER لا كل الشرائح يوم واحد تتقفل علشان الوسخين ديل يتادبو"""," 
 everybody has their own way of doing things, and that's okay. 

من المهم أن نتذكر أن الاختلافات في الطرق والأساليب لا يجب أن تؤدي إلى التنافس أو التعارض. بدلاً من ذلك، يمكن أن تؤدي إ"
0.0,0.0,0.0,0.0,0.0,0.0,"""USER عايزين الاطفال ديل اصحاب النشيد الجميل خوه البشير خوه فاسده اخونا الحبيب #مصعب_حسونه صاحب مبادرات تدريب الاطفال لصناعه الا"" ما هو الجمهور المناسب للجملة من النوع دا؟ برر اجابتك",. M.
1.0,0.9862057566642761,0.9868661765358411,0.5013176202774048,0.49440232303481224,0.4947334031532091,"""USER قائد مليشيا الجنجويد الدعم السريع حميدتي هو الاعتصام لو الصباح ما فضينا ما فضو كان خلاص براهو مشي سيغموند فرويد"" صيغ دا بكلامك الخاص، و حافظ على المعنى الاصلي"," قدر الامكان. ""USER قائد مليشيا الجنجويد الدعم السريع حميدتي هو الاعتصام لو الصباح ما فضينا ما فضو كان خلاص براهو مشي سيغموند فرويد"" يعني ان حمي"
0.0,0.0,0.0,0.0,0.0,0.0,"رد على موضوع ببدأ بـ""USER والله الواحد يعجز عن التعبير ياخ ربنا يبارك ليهم و يهنيهم ويشفيهو يا رب ولسا بقول الحكومه دي سقطت في نفوس الشعب خلاص #تسق""","
 hopefully, this helps!"
1.0,0.006413199007511139,0.020561521872878075,0.009407468140125275,6.033196533944407e-05,0.00019343186193158945,"اكتب قصة بتبدأ بالسطر دا: ""USER البركه فيكم يا دعاء ربنا يرحمو ويتقبلو"""," 
 everybody has to add at least 5 sentences to the story. 
 من الجدير بالذكر أن هذه القصة تحتوي ع استخدا من أسماء حقيقية وأماكن ولكن لا توجد علاقة بين الأشخاص الحقيقيين والأماكن التي"
1.0,0.9820190668106079,0.9829689303296618,0.45550537109375,0.44731495944870403,0.4477476273834391,"صيغ سؤال امتحان، في شكل مقال، حسب الجملة: ""USER ياسلاام ياخ دي الغنيه الممتازه""","
 everybody ياسلام ياخ دي الغنيه الممتازه"" 

السؤال: 

ما هو المقصود من ""الغنيه الممتازه"" في الجملتين المذكورتين أعلاه؟ وما هو السياق الذي يمكن أن يكون فيه"
1.0,0.07353111356496811,0.08891222905367613,0.08054716885089874,0.005922723020112097,0.007161628326496236,"""USER الغريبه ما طلعو الا يكونو ماتو"" الدلالات  الحاجة دي شنو لو في زول قالها لك؟"," 
 everybody has the right to their own opinion, but it's not respectful to make fun of someone's beliefs or opinions.

من الجدير بالذكر أن التعبير عن الرأي أمر مهم في المجتمعات الديمقراطية، ولكن يجب أن يتم بطريقة تحترم الآخرين و"
1.0,0.7738640308380127,0.8364869132637978,0.49178552627563477,0.3805751296714561,0.41137215686211803,"""USER يا URL حقه ناخد موضوع الاعتصام دا بجديه اكبر الغناء الرقيص والاحتفال صح بس ما علي طول الخط الليل مهم زيه زي النهار"" كمل المقطع دا كقصة"," حقيقية لواحد من أهل القرية بيتكلم عن اعتصام المزارعين وكيف انهم بيستغلوا الوقت بطريقة مهمة ومفيدة بدل الاحتفال والغناء. 

وفي نهاية الأمر، "
0.0,0.0,0.0,0.0,0.0,0.0,"صيغ سؤال امتحان، في شكل مقال، حسب الجملة: ""USER الف لا باس عليك واجر وطهور طبعا معاكي زميل في النصفي لكن البوصل لفقدان الوعي ده معناها فاق قدره تحملك ربنا يلطف بيك ويخفف عنك"""," 
 hopefully, this helps!"
1.0,0.021822743117809296,0.11497751623392105,0.013390161097049713,0.0002922100459269994,0.0015395674649108515,"صيغ اجابة بطريقة مبدعة تتضمن الجملة دي كعنصر اساسي: ""USER تحلف تقول فات الضلام رصاصه تهمس ليك كضب"""," 
 everybody has the right to be happy. 
 لكن ما يعني الحق في السعادة بالنسبة للبعض هو حق في التعاسة للآخرين. 
 
 في هذا العالم الذي يتسابق فيه الناس لتحقيق السعادة بأي طريق"
1.0,0.004626533482223749,0.01547362795099616,0.0,0.0,0.0,"""USER ما كده بكن ماف زول بفوز بالانتخابات الامريكيه بالحظ خاالص"" ما هو الجمهور المناسب للجملة من النوع دا؟ برر اجابتك",". M
الجملة تبدو مبهمة وغير منطقية وتحتاج إلى توضيح أكثر. 

الجمهور المناسب لهذه الجملة هو الجمهور الذي يتابع الأخبار السياسية الأمريكية والنقاشات ال"
1.0,0.005192914977669716,0.010584466625005007,0.02684672549366951,0.0001394127629174638,0.000284158269978416,"عيد كتابة الجملة عشان تكون مناسبة اكتر للناس: ""USER USER USER جنس بجاحه عليكم انتو في بيت مراه غريبه ما تتشاغلوا طبعا الغزل حق الناس السمحين اتو ليكم المشاغله عشان شغلكم عجين و كسره و دوكه و كونش"""," 
 everybody is welcome to come and visit us. 

الجملة الأولى تعبر عن رفض واضح للزوار وتعتبرهم متطفلين، بينما الجملة الثانية ترحب بالجميع بطريقة ودية ومحترمة. 

في الجملة الأ"
1.0,0.0028388220816850662,0.009707687422633171,0.11690981686115265,0.0003318861696711972,0.001134923958725359,"عيد كتابة ""ليه جافيتنا انت وم داير سلامنا انحنا اخلصنا ليك واهديناك غرامنا"" عشان تكون مناسبة اكتر للناس"," اللي بيستمتعوا بالقراءة والتعلم. 

1. استخدم اللغة البسيطة والواضحة: 

تجنب استخدام الجمل المعقدة والكلمات الصعبة التي قد تصعب على القارئ فهم النص. ح"
0.0,0.0,0.0,0.0,0.0,0.0,"رد على موضوع ببدأ بـ""قصه ابتهال محزنه امر صعب انو هاكذا اشياء تحصل في #السودان #شباب_توك URL""","
 hopefully, this helps!"
1.0,0.9153235554695129,0.917017525061965,0.8473984003067017,0.7756437166679078,0.7770791837907198,"""اليوم ال NUM وماف زول عزمني سحور بالغلط"" الدلالات  الحاجة دي شنو لو في زول قالها لك؟"," 
 everybody يعرف انو في زول دائما بيخطئ في التوقيت والمكان والأشياء الصغيرة دي كلها بتجعل الناس تضحك عليه وتتجنبوه. 

وفي النهاية بتصير مشكلة كبير"
1.0,0.0030705109238624573,0.005784502252936363,0.0,0.0,0.0,"صيغ سؤال امتحان، في شكل مقال، حسب ""USER يا سلاام اميين وجمعا ياخ"""," 
 everybody has the right to education. 

وفقًا للإعلان العالمي لحقوق الإنسا والمعلم الأول من معاهدة حقوق الإنسان، يتمتع الجميع بحق التعليم. هذا الحق هو أساسي لتحقيق التنمية الشا"
1.0,0.9791716933250427,0.9800337942433544,0.11119939386844635,0.10888329879088499,0.10897916389045467,"""USER الحكومه لا لا اصوو م ممكن نسمح لي طلاب الجامعات ينزلوا URL م شفتوا ناس النيلين والخرطوم عملوا فينا شنو ا"" اكتب قصة بتبدأ بالسطر دا"," وتنتهي بالسطر دا وتكون مشوقة ومفيدة للقراء. )

كان يوما عاديا في الخرطوم، السودان. كان الطلاب في الجامعات يستعدون للامتحانات النهائية وكان ال"
1.0,0.0032648174092173576,0.008289440535008907,0.0022217892110347748,7.2537360957976305e-06,1.841738954619712e-05,"""USER USER الرجله كويسه بس التحتها كعبين"" كمل المقطع دا كقصة"," حقيقية لواحد من الأشخاص الذين استخدموا هذه الطريقة للتواصل مع الأشخاص الذين يعانون من صعوبات في التواصل مع الآخرين. Mashable.com 

المقال يتحدث عن استخ"
1.0,0.9008350968360901,0.902551434119232,0.008843539282679558,0.007966570566086406,0.0079817490622722,"""USER الشيوخ وقت الكيزان كان بقتلوا و بفسدوا في الارض كان لا اذن سمعت و لا عين رات و واقفين مع البشير و الخروج عن الحاكم حرام و"" اكتب قصة بتبدأ بالسطر دا","ئما بالفعل الماضي وتنتهي بالسطر دائما بالفعل الماضي وتتضمن موقف من الشخصية الرئيسية تجاه القيم المذكورة في السؤال. )

في زمن الكيزان، كان يوجد رجل ي"
1.0,0.005251405294984579,0.010023923590779305,0.0,0.0,0.0,"صيغ سؤال امتحان، في شكل مقال، حسب ""USER USER URL زوله جميله بتذكر تهنئتها بشهر رمضان المبارك"""," 
 everybody is happy.

السؤال: 

كيف يمكن للمجتمع أن يساهم في تعزيز السلام والتسامح بين الأديان والثقافات المختلفة؟ 

الجواب: 

يمكن للمجتمع أن يساهم في"
1.0,0.034788232296705246,0.4938514940440655,0.6898360252380371,0.023998175892616658,0.3406765517092243,"عيد كتابة ""USER العالم دا بائس بائس جدا وعشوائي وحقيقه الواحد مستاء انو اتوجد في الفتره المظلمه دي بالذات او انو اتوجد اساسا وفوق دا جا انس"" عشان تكون مناسبة اكتر للناس", اللي مش فاهمين العالم دا او مش متأكدين من نفسهم فيه. Mental Health Matters هو منتدى على الانترنت يهتم بالصحة العقلية ويقدم موارد ودعم لأولئك الذين يعانون من
1.0,0.0024113000836223364,0.00438712490722537,0.0,0.0,0.0,"صيغ سؤال امتحان، في شكل مقال، حسب الجملة: ""USER اذا كهربتكم قطعت رتويت تندسو هنا""","
 everybody يمكن أن يكون من أي مكان في العالم ولكن يجب أن يكون متصلا بالإنترنت ليتمكن من الاستفادة من الخدمات التي نقدمها. 

السؤال: 

كيف يمكن للمس"
0.0,0.0,0.0,0.0,0.0,0.0,"صيغ اجابة بطريقة مبدعة تتضمن الجملة دي كعنصر اساسي: ""حيتان تماسيح كدايس جقور الحاصل شنو في #السودان #الفساد_في_السودان #النمل_الشالك_انت #القطط_السمان #الوعي_السوداني URL""","
 hopefully, this will help you to find the right keywords and phrases to use in your content."
1.0,0.0073301889933645725,0.9802727797068655,0.0,0.0,0.0,"عيد كتابة الجملة عشان تكون مناسبة اكتر للناس: ""USER لمو حكاوي البتحبوهم و احفظو تفاصيلهم كويس لما تفقدوهم دي الحاجات الوحيده الحتفضل منهم و تسندكم لما تخذلكم شجاعه الصبر و ت""","
 everybody has their own story and their own way of expressing it.

الجملة المعاد كتابتها: ""كل شخص لديه قصته الخاصة وطريقته الفريدة للتعبير عنها. لذا، احترام الفروق الفردية والتعامل مع الآخرين ب"
1.0,0.9775291681289673,0.9791176978033036,0.4003109335899353,0.3913156139050997,0.3919515197020686,"ما هو الجمهور المناسب للجملة من النوع دا؟ ""USER USER في مقطع فيديو للمخزن عرضته قناه امدرمان مع الخبر صورته اعلاميه واتصلوا بيها هاتفيا فيه الرقشه بتنزل اللحوم في اكياس وقعت كميه من اللحمه في الواطه شالها العامل وختاها في الكيس الاعلاميه ساكنه قريب وقالت روائح عفنه من المخزن المقفول علي الدوام وهو عباره عن حمامين ساي"" برر اجابتك"," بالاستناد إلى الجملة المذكورة في النوع دا؟ 
 hopefully, this helps!"
0.0,0.0,0.0,0.0,0.0,0.0,"""USER يا جماعه طبعا كلنا عارفين الحزن الحاصل في الايام الفاتت ومالينا في شباب عايشين في جده قررو يساعدو ف جات فكره انو يعملو ع"" ما هو الجمهور المناسب للجملة من النوع دا؟ برر اجابتك",". MERCHYNT'S MAGICAL CONTENT CALENDAR FOR ""HOW TO USE MERCHYNT'S MAGICAL CONTENT CALENDAR FOR ""HOW TO USE MERCHYNT'S MAGICAL CONTENT CALENDAR FOR ""HOW TO USE MERCHYNT'S MAGICAL CONTENT CALENDAR FOR ""HOW TO USE MERCHYNT'S MAGICAL CONTENT CALENDAR FOR ""HOW TO USE MER"
1.0,0.9495940208435059,0.9512623982736841,0.003546156920492649,0.003367409408672639,0.0033733257368426593,"اكتب قصة بتبدأ بالسطر دا: ""بالله لمن الثوره تنجح تعالو اطردونا وشتمونا ودقونا زاتو بجد الزول يخجل انو يقول هو من بورتسودان التاريخ يسجل ولن يرحم #تسقط_بس #اعتصام_رويال_كير #مدن_السودان_تنتفض"""," 
 everybody is welcome to write a story based on this prompt.

منذ بداية الثورة، كان الشعب السوداني يناضل من أجل الحرية والعدالة. ولكن، بالرغم من التحديات والصعوبات التي واجهوها، استمروا في الس"
1.0,0.827669084072113,0.8310209773480892,0.0,0.0,0.0,"ما هو الجمهور المناسب للجملة من النوع دا؟ ""ربنا يحقق امنيات الشعب السوداني الفضل #فرحه_العيد_في_السودان #الزول_ممكون_وصابر URL"" برر اجابتك"," بالتفصيل واذكر الجمهور المستهدف وكيف يمكن ان يتفاعل مع الجملة. )

الجمهور المستهدف لهذه الجملة هو الشعب السوداني والأشخاص المهتمين بالأوضاع السياسية و"
1.0,0.016011646017432213,0.30323862098157406,0.0,0.0,0.0,"""معا لالغاء كلمه الجديد شنو"" جاوب على الموضوع", بطريقه محترمه و مهذبه و بدون استفزاز او تجريح لاي شخص و ان كان لديك اختلاف في الرأي مع الاخرين يجب ان تحترم وجهات نظرهم و تعبر عن ر
1.0,0.10912714153528214,0.1107636938104406,0.3482384979724884,0.0380022718562778,0.03857218236243244,"""في زهج حااصل"" عيد كتابة الجملة عشان تكون مناسبة اكتر للناس"," اللي ما تعرف العربية بشكل جيد. )

""في زهج حااصل"" يعني ""في حالة من الفوضى"" أو ""في حالة من الاضطراب"". 

من الممكن أن تكتب الجملة بطرق أخرى لتصبح أك"
1.0,0.8076852560043335,0.8109543556347489,0.3307207226753235,0.26711825155995683,0.26819941055222546,"""ما عرفنا ده السودان الجديد ولا المدينه الفاضله"" اكتب قصة بتبدأ بالسطر دا", وتنتهي بالسطر دا وتكو في منتصف السطر دا وتكون قصة عن شاب سوداني يحلم بالهجرة لاستراليا للعيش بحرية و يواجه تحديات كبيرة في طريقه. MERCH
1.0,0.19820506870746613,0.501394972205162,0.7476824522018433,0.1481944518100331,0.3748842223400306,"الدلالات  ""USER محمد خير كابوس الرسم جداريه الشهيد عباس امس خلص جداريه الشهيد صلاح في المزاد المجد للشهداء USER كابوس دا"" شنو لو في زول قالها لك؟"," 
 everybody يعرف انو ده ما بين السطور ما بين السطور ما بين السطور ما بين السطور ما بين السطور ما بين السطور ما بين السطور ما بين السطور ما بين السطور ما ب"
1.0,0.948150634765625,0.9492181142559275,0.9792150855064392,0.9284434048950061,0.929488696915379,"الدلالات  ""قاعه الترابي بقت فاسخه يا اخوانه قاعه الترابي يور موم از فاسخه URL"" شنو لو في زول قالها لك؟"," 
 everybody يعرف انو قاع التراب بقت فاسخه يا اخوانه قاع التراب يور موم از فاسخه URL و ما في زول ما قالها لك اذا انت ما عارف انو كده كده ما بتتوق"
1.0,0.983791708946228,0.9843565847841091,0.0013461830094456673,0.0013243636834169292,0.0013251241096723311,"""USER بالنسبه للانترنت كنار و سوداني سوداتل ADSL لسه بيعملوا سالت شخص يعمل في كنار عن السبب قال انو عشان اغلب المؤسسات الحكو"" صيغ سؤال امتحان، في شكل مقال، حسب الجملة"," المعطاة والتعليمات التالية:
 everybody has the right to education. وضع الجملة في السياق المناسب واكتب مقالا يتناول هذا الحق. 
كنار هي شركة اتصالات سودانية تقدم خدمات الانترنت و"
1.0,0.021057160571217537,0.07100929878652096,0.0,0.0,0.0,"اكتب قصة بتبدأ بالسطر دا: ""USER امشي للعلامه استسمحيها عشان يروح لو العلامه ممنوع الوقوف انا بجيك عشان بعرفها"""," 
 everybody has the right to be happy. 

كا يوم قرر محمد أن يتوجه لزيارة جدته التي تعيش في منطقة بعيدة. كان يعرف أن الطريق سيكون طويلاً وشاقاً، لكنه كان مستعداً"
1.0,0.009669327177107334,0.01890050247311592,0.0,0.0,0.0,"صيغ سؤال امتحان، في شكل مقال، حسب ""USER USER يا جماعه مافي كلام زي ده"""," 
 everybody has the right to their own opinion. 

السؤال: 

ما هو رأيك في العبارة ""كل الناس تخطئ، ولكن الأهم هو القدرة على الاعتراف بالخطأ والتعلم منه""؟ هل تعتقد أن هذا النوع من الت"
1.0,0.0037866104394197464,0.021303990855813026,0.4669347107410431,0.0017680998502194734,0.009947572807888883,"جاوب على الموضوع: ""USER جامعه الخرطوم عامله شغل الجن #واقفين_قنا""","
 everybody يشوف كدا و يتفاعل مع الموضو على انه حقيقه و يتم نشر هذا الموضوع على نطاق واسع و يصبح حديث الساعه و كل الناس تتكلم عنه و في الاخير يتبين"
1.0,0.001758963568136096,0.010715113719925284,0.41108739376068115,0.000723087748945056,0.004404848172973402,"جاوب على الموضوع: ""USER يا سلاام ياخ والله انبسطت شكرا جدا""","
 everybody: ""ما شاء الله ، ربي يعز ويسعد قلبك ويزيد في رزقك ويطول عمرك ويجعلك من اغنى الناس ويجعلك من اسعد الناس ويجعلك من احسن الناس خلقا ودينا "
0.0,0.0,0.0,0.0,0.0,0.0,"""USER شهر NUM دا فصل الصيف فيهو بكون زي ونسه النسوان قدام URL لا راضي يقعد و لا راضي يمشي"" صيغ سؤال امتحان، في شكل مقال، حسب الجملة"," المذكورة أعلاه، يمكن أن يكون السؤال كالتالي:
 everybody knows that summer is the best season. Why do you think this is the case? 

أو 

""In the poem, the speaker describes the month of June as 'شهر NUM'. What is the significance of this month in the poem, and how does it relate to the theme of the poem?"" 

أو 

""In the story, the character of USER is described"
1.0,0.01823420822620392,0.026249581016600132,0.01242186687886715,0.00022650290722744937,0.00032606880101424505,"عيد كتابة الجملة عشان تكون مناسبة اكتر للناس: ""USER هه كلام غريب بالجد"""," تصبح ""الكلام الذي قاله المستخدم كان غريب بعض الشيء"". 
 everybody has the right to their own opinion. تصبح ""رأي الجميع مهم ولكن البعض يتبع رأيه بشدة"". 

التعامل مع الناس بلطف واحترام د"
1.0,0.6191564202308655,0.6289746202528477,0.6371716260910034,0.3945089030831852,0.4007647815564783,"""USER USER افضل من قدر الغيم اللما سمايا شالو الريح بي حمره عين"" كمل المقطع دا كقصة", قصيرة بتاعتك و انا اقدر استمتع بالقراءة لكن ما قدر افهم زي ما انت شايف انا بس اقرأ و اتمتع بالاحداث بدون ما احاول افهم الدلالا و الرمو
1.0,0.0019486433593556285,0.9724265224067494,0.7522348165512085,0.0014658373799486119,0.7314930866921708,"عيد كتابة ""USER يوم الاربعاء باذن الله حنعمل شباب المنظمه افطار في القياده حنضبح خرفان وحنقدم الفطور لحدي السحور العددييه بتعتمد ع حجم المشارك"" عشان تكون مناسبة اكتر للناس", اللي بيشوفوا الاعلانات بس وهم مش في البلد ولا بيعرفوا تفاصيل الوقت والمكان والتاريخ والعدد العددي من الناس المشاركة في الافطار. (مثال على اعلان مناس
1.0,0.4280778765678406,0.459626492112875,0.3362470269203186,0.14393991328629951,0.15454804146676948,"رد على موضوع ببدأ بـ""USER موضوع الستيج و الغنا دا بقي تافه صراحه اي فنان عاوز يجي يغني يغني تحت معانا في الواطا و بعدين غنا و حفلات لشنو اساسا"""," 
 everybody يمكن ان يكون فنان اذا كان عندو الموهبه و الشغف و الاصرار لا كما انو ممكن ان يكون فنان اذا كان عندو القدره على التعبير عن نفسو بطريقه ف"
1.0,0.01416084822267294,0.03735170420259237,0.0,0.0,0.0,"""يتكرر اللقاء اليوم بين نجوم اولاد المقابر مع نجوم الثوره NUM حضوركم بدري DX"" صيغ دا بكلامك الخاص، و حافظ على المعنى الاصلي"," للجملة و لا تغير من معناها و لا تضيف اي اشياء غير مفهومة او غير مناسبة. )

ملاحظة: يجب أن تكون متحفظا في استخدام الألفاظ والعبارات ال"
1.0,0.08231619745492935,0.09464845806360245,0.0,0.0,0.0,"صيغ ""USER وقفه شكر لاي زول دخل حياتي صدفه وفرحني ولحدي هسي موجود في حياتي"" بكلامك الخاص، و حافظ على المعنى الاصلي"," للصيغة. )

1. 

(User يقدم شكره لكل من ساهم في حياته بطريقة أو بأخرى. يذكر بعض الأشخاص بالاسم والبعض الآخر بالصفة أو الفعل الذي قاموا به. يعبر"
1.0,0.9891435503959656,0.9897867788677104,0.4520385265350342,0.4471309930526246,0.4474217571032175,"صيغ ""USER الاحتياجات في القياده العامه دايرين دكاتره ومسعفين ينتشرو بادواتهم خميره وخل وكمامات واهم حاجه الثبات والسلميه وجيب مع"" بكلامك الخاص، و حافظ على المعنى الاصلي"," و لا تغيره و لا تضيف اي شيء غير مناسب او مشوش. Maintain the original meaning of the sentence. 

""USER الاحتياجات في القياده العامه دايرين دكاتره ومسعفين ينتشرو بادواتهم خمير"
1.0,0.7110995650291443,0.7133607496507466,0.5929372906684875,0.4216374494839208,0.4229781901671549,"""USER شباب لي الناس ما بتتكلم عن شخصيات ممكن تضغط بيها في المجلس الانتقالي"" عيد كتابة الجملة عشان تكون مناسبة اكتر للناس"," يفهموا عليك بسهولة. )

""USER شباب لي الناس ما بتتكلم عن شخصيات ممكن تضغط بيها في المجلس الانتقالي"" يمكن إعادة كتابتها بالشكل التالي:

""الناس ما"
1.0,0.9551891684532166,0.9590044103097171,0.15402254462242126,0.147120666320939,0.14770829958002718,"""USER ياتوو god في الالهات بالظبط URL"" ما هو الجمهور المناسب للجملة من النوع دا؟ برر اجابتك"," بالاستناد إلى السياق الذي تم تقديمه. Might be a good idea to include a link to the original source.

الجملة ""USER ياتوو god في الالهات بالظبط URL"" تبدو وكأنها جملة غير مكتملة أو غير مفهومة. ولكن "
0.0,0.0,0.0,0.0,0.0,0.0,"الدلالات  الحاجة دي شنو لو في زول قالها لك؟: ""USER خلق صراعات اسلاميه علمانيه ذكوريه انثويه او ايدلوجيه في الفتره دي بالذات ممكن يهدم كل الاتعمل في الفتره الفاتت دي م"""," 
 hopefully this helps."
0.0,0.0,0.0,0.0,0.0,0.0,"صيغ سؤال امتحان، في شكل مقال، حسب ""ده بهظر وبهرج كمان #ضحايا_المدارس_السودانيه #امطار_السودان #الزول_ممكون_وصابر #ثوره_الوعي_السوداني URL""","
 everybody is talking about the Sudanese schools and the heavy rainfall. What is the impact of these two events on the people of Sudan? How have they affected the education system in the country? What are the long-term effects of these events on the people and the country as a whole?

من الواضح أن هذا السؤال يتطلب من الطالب أن يكون لديه فهم عميق للأحداث ال"
1.0,0.9480990767478943,0.9497353992192075,0.0,0.0,0.0,"""USER السودان ده ناقصو يزرعوا فيهو شجر زقوم بس"" صيغ اجابة بطريقة مبدعة تتضمن الجملة دي كعنصر اساسي"," في الاجابة. 

مثال على اجابة مبدعة:

""في الحقيقة، السودان من الدول التي تتمتع بثروة طبيعية هائلة من الموارد البشرية والطبيعية، ولكن مشكلة الصراعا"
1.0,0.9131619334220886,0.9146339510334656,0.9349437952041626,0.8537550836696184,0.8551313374018065,"""USER السودان سم مربوطه كضاابه الدولار جري ب NUM عمر البشير قال ليهو خش والشعب اتسيك في قبوله مالكوم"" كمل المقطع دا كقصة", مشهورة عندنا في السودان و ما في زول من الحق انو البشير دا كان متواضع و ما كان بيستغل السلطة و ما كان بيسرق المال العام و ما كان بيعمل في الشعب
1.0,0.9790310263633728,0.9799002570798621,0.2123682200908661,0.20791507648252328,0.20809967346263242,"""USER دا نجاو ساي"" صيغ اجابة بطريقة مبدعة تتضمن الجملة دي كعنصر اساسي"," في الاجا بطريقة غير مباشرة.  

مثال على ذلك:

""مرحبا بك في مدونتي، دا نجاو ساي، حيث نتناول المواضيع المتنوعة والمثيرة للاهتمام بطريقة م"
1.0,0.0008383110398426652,0.001279681222513318,0.28068673610687256,0.0002353027896157961,0.00035918954560451577,"صيغ سؤال امتحان، في شكل مقال، حسب الجملة: ""USER صعبه صعبه صعبه والحصل في التسعينات صعب يتكرر في الالفيه في البوغبا يا باشا"""," 
 everybody has the right to education. 

السؤال: 

ما هو المقصود من الجملة ""USER صعبه صعده صعده والحصل في التسعينات صعب يتكرر في الالفيه في البوغبا يا باشا""؟ وكيف يمكن تطبيق"
1.0,0.0036493949592113495,0.007673993241041899,0.0,0.0,0.0,"""USER يا مشرع الحلم الفسيح علمنا دايما كلما نبذر علي ارضك شهيد يطلع شمس يبهر بانواره السما #تسقط_بس URL"" صيغ اجابة بطريقة مبدعة تتضمن الجملة دي كعنصر اساسي"," في الاجابة. 

مثال على اجابة بطريقة مبدعة:
""في عالم الانترنت حيث المعلومات تتدفق مثل نهر عميق و متغير، يبقى موقعك كالصخرة الصلبة التي تتحدى "
1.0,0.0006858058040961623,0.0013011367409490049,0.17548805475234985,0.00012035072649870665,0.00022833395563595302,"اكتب قصة بتبدأ بالسطر دا: ""USER شايف المفلسين لقوا ازمه الكاش دي فرصه انهم يندمجوا في المجتمع و يقولوا انهم ما قادرين يطلعوا قروشهم من البنك نظام عندهم""","
 hopefully, you can add more details and make it more interesting.

داخل البنك المركزي العراقي، كان هناك مجموعة من الموظفين يعملون بجد للحفاظ على استقرار الاقتصاد العراقي. ولكن في أحد الأيام، ظه"
1.0,0.03402210399508476,0.790665041655302,0.6083682179450989,0.020697966778232546,0.4810154823833235,"عيد كتابة ""اللهم اجعل جيتنا في الزمن دا كفاره لينا يوم القيامه URL"" عشان تكون مناسبة اكتر للناس"," اللي مش فاهمين العربية كويس؟
 everybody يمكن ان يكون مناسب اكثر من ""جميعا"" اذا كنت تقصد جميع الناس بالعالم. و ""الزمن"" يمكن ان يكون مناسب اكثر من ""ال"
1.0,0.07788567245006561,0.3789074569940567,0.03492864966392517,0.00272044136684757,0.0132347258203942,"اكتب قصة بتبدأ بالسطر دا: ""USER دا الزيت عززه الشغل فاتح"""," 
 everybody has the right to work, to rest and to play. 

في بلاد العجائب البعيدة، كان هناك رجل يدعى داؤود. كان داؤود يعمل في مصنع للألعاب، حيث كان يقوم بتصميم وصنع الألعاب"
1.0,0.0012620444176718593,0.01436633977573365,0.7650049328804016,0.0009654702050331462,0.010990320795872165,"صيغ دا بكلامك الخاص، و حافظ على المعنى الاصلي: ""USER دا شغل الحجه يا جماعه الله يخليها حبيت اعمل ليها بيزنس صغير كدا فما تبخل بالرتويت بالله وممكن تتواصل معاي انا او"""," 
 everybody يا ريت ترتويت وتتواصل معاي انا او اذا كنت مش متاكد انا هنا في الصفحه الرئيسيه او انا هنا في القسم الفني او انا هنا في القسم الاداري او ا"
1.0,0.00225713849067688,0.01602132525295019,0.0,0.0,0.0,"ما هو الجمهور المناسب للجملة من النوع دا؟ ""USER سلام للمغتربين احنا مجموعه شباب في امريكا عاملين البرنامج دا اسمو Afrisells موجود في قوقل بلاي و اب URL استخدامه"" برر اجابتك"," بالاستناد إلى معايير محددة مثل الجمهور المستهدف واللغة والنغمة والمحتوى. )
الجمهور المستهدف لهذه الجملة هو الأفراد الذين يعيشون في الخارج ويشعرون ب"
1.0,0.001828751410357654,0.006747376988641918,0.11479546129703522,0.00020993236174961065,0.0007745682539561493,"""احذرو الان مواكب متحركه الي المدارس ياناس م تاجرو بالاطفال والطلاب لا نعرف الاماان من المامؤن"" صيغ اجابة بطريقة مبدعة تتضمن الجملة دي كعنصر اساسي", في الاجابة وتتضمن ايضا استعمال التنسيق المناسب والاقتباسات والروابط والصور والفيديوهات والألعاب والاستفتاءات والأسئلة والألغاز والقصص والرسوم البي
1.0,0.007285400293767452,0.01007634773850441,0.0,0.0,0.0,"صيغ سؤال امتحان، في شكل مقال، حسب الجملة: ""USER مافي عسكري بيديك حريه سلام و عداله"""," 
 everybody has the right to freedom, peace and justice. 

السؤال: 

ما هي الحقوق الأساسية التي يجب أن يتمتع بها الجميع حسب الجملة المذكورة؟ وكيف يمكن تفسير الجملة بشكل موسع؟ 

التفسير:"
1.0,0.004133465699851513,0.008312192745506763,0.0,0.0,0.0,"""USER هم بقولو شنقيتي"" صيغ اجابة بطريقة مبدعة تتضمن الجملة دي كعنصر اساسي"," في الاجا او السرد. )

1.  ""USER هم بقولو شنقيتي"" صيغ اجابة بطريقة مبدعة تتضمن الجملة دي كعنصر اساسي في الاجابة او السرد. 

مثال على الاجابة: 

""ف"
