estimator,completion,generations,finish_reasons,turns,response_spBLEU,response_chrF,_raw_turns,from_cache,chat_preamble,dialectid_score,dialectid_prob,dialectness,macro_prob,macro_score,desired_output_dialect,too_few_tokens,error,tool_calls,tool_results
Blobheart:command-r-plus,هل توجد مضيفات يتحدثن اليابانية ؟,['هل هناك أي مضيفة تتحدث اليابانية؟'],['COMPLETE'],<wandb.sdk.data_types.html.Html object at 0x7fc3ed255f70>,13.147601201284163,36.77961149156801,"[{'role': 'User', 'content': [{'type': 'text', 'text': 'Translate from Egyptian Arabic into Modern Standard Arabic. Output only the translation, do NOT output anything else before nor after it.\nفيه أى مضيفة بتتكلم ياباني؟\nTranslation:'}]}]",True,,0,0,0,0,0,ar,False,None,None,None
Blobheart:command-r-plus,قهوة مع القشدة والسكر ، من فضلك .,['قهوة بالكريمة والسكر، من فضلك.'],['COMPLETE'],<wandb.sdk.data_types.html.Html object at 0x7fc3ecb748b0>,17.095746935849984,57.14754668991334,"[{'role': 'User', 'content': [{'type': 'text', 'text': 'Translate from Egyptian Arabic into Modern Standard Arabic. Output only the translation, do NOT output anything else before nor after it.\nقهوة بالكريمة والسكر، من فضلك.\nTranslation:'}]}]",True,,0,0,0,0,0,ar,False,None,None,None
Blobheart:command-r-plus,هل هناك مضيفات يتحدثن اليابانية ؟,['هل هناك أي مضيفة تتحدث اليابانية؟'],['COMPLETE'],<wandb.sdk.data_types.html.Html object at 0x7fc3ecb74e50>,16.830386789031852,48.65291270726054,"[{'role': 'User', 'content': [{'type': 'text', 'text': 'Translate from Egyptian Arabic into Modern Standard Arabic. Output only the translation, do NOT output anything else before nor after it.\nفيه اى مضيفة بتتكلم ياباني؟\nTranslation:'}]}]",True,,0,0,0,0,0,ar,False,None,None,None
Blobheart:command-r-plus,فقدت بطاقة المطالبة .,['لقد فقدت إيصال الاستلام الخاص بي.'],['COMPLETE'],<wandb.sdk.data_types.html.Html object at 0x7fc3ecb74fd0>,8.392229812593097,18.983205213376475,"[{'role': 'User', 'content': [{'type': 'text', 'text': 'Translate from Egyptian Arabic into Modern Standard Arabic. Output only the translation, do NOT output anything else before nor after it.\nضيعت ورقة الاستلام بتاعتي.\nTranslation:'}]}]",True,,0,0,0,0,0,ar,False,None,None,None
Blobheart:command-r-plus,دعنا نجتمع لنبحث الأمر أكثر .,['دعنا نكون معاً لنناقش هذا الأمر أكثر.'],['COMPLETE'],<wandb.sdk.data_types.html.Html object at 0x7fc3ecb740a0>,8.913765521398126,47.5328973137516,"[{'role': 'User', 'content': [{'type': 'text', 'text': 'Translate from Egyptian Arabic into Modern Standard Arabic. Output only the translation, do NOT output anything else before nor after it.\nخلينا نكون سوا عشان نناقش ده اكتر .\nTranslation:'}]}]",True,,0,0,0,0,0,ar,False,None,None,None
Blobheart:command-r-plus,أريد أن أرى الميناء .,['أريد أن أرى الميناء.'],['COMPLETE'],<wandb.sdk.data_types.html.Html object at 0x7fc3ecb74970>,80.91067115702207,100.0,"[{'role': 'User', 'content': [{'type': 'text', 'text': 'Translate from Egyptian Arabic into Modern Standard Arabic. Output only the translation, do NOT output anything else before nor after it.\nعاوز أشوف المينا.\nTranslation:'}]}]",True,,0,0,0,0,0,ar,False,None,None,None
Blobheart:command-r-plus,أين أقرب صيدلية ؟,['أين أقرب صيدلية؟'],['COMPLETE'],<wandb.sdk.data_types.html.Html object at 0x7fc3ecb74ca0>,80.91067115702207,86.21870109546165,"[{'role': 'User', 'content': [{'type': 'text', 'text': 'Translate from Egyptian Arabic into Modern Standard Arabic. Output only the translation, do NOT output anything else before nor after it.\nفين أقرب صيدلية؟\nTranslation:'}]}]",True,,0,0,0,0,0,ar,False,None,None,None
Blobheart:command-r-plus,أظن أنه بديع المنظر .,['أظن أن المنظر خلاب.'],['COMPLETE'],<wandb.sdk.data_types.html.Html object at 0x7fc3ecb74250>,14.535768424205482,38.72757556298038,"[{'role': 'User', 'content': [{'type': 'text', 'text': 'Translate from Egyptian Arabic into Modern Standard Arabic. Output only the translation, do NOT output anything else before nor after it.\nمتهيألي ان المنظر خلاب .\nTranslation:'}]}]",True,,0,0,0,0,0,ar,False,None,None,None
Blobheart:command-r-plus,ماذا سيعرض في قاعة الحفلات الموسيقية اليوم ؟,['ما الذي سيُعزف في قاعة الحفلات الموسيقية اليوم؟'],['COMPLETE'],<wandb.sdk.data_types.html.Html object at 0x7fc3ecb74af0>,54.017258985951415,69.06705494812729,"[{'role': 'User', 'content': [{'type': 'text', 'text': 'Translate from Egyptian Arabic into Modern Standard Arabic. Output only the translation, do NOT output anything else before nor after it.\nايه اللي حيتعزف في قاعة الحفلات الموسيقية النهاردة؟\nTranslation:'}]}]",True,,0,0,0,0,0,ar,False,None,None,None
Blobheart:command-r-plus,خذني إلى المستشفى .,['خذني إلى المستشفى.'],['COMPLETE'],<wandb.sdk.data_types.html.Html object at 0x7fc3ecb74430>,75.98356856515926,100.0,"[{'role': 'User', 'content': [{'type': 'text', 'text': 'Translate from Egyptian Arabic into Modern Standard Arabic. Output only the translation, do NOT output anything else before nor after it.\nخدني للمستشفى.\nTranslation:'}]}]",True,,0,0,0,0,0,ar,False,None,None,None
Blobheart:command-r-plus,"آوه , الأمر بسيط ، هل أنت هنا ، على أية حال .",['أوه، لا ولا شيء. المهم أنك هنا، على أي حال.'],['COMPLETE'],<wandb.sdk.data_types.html.Html object at 0x7fc3ecb743d0>,3.2399023551226187,29.26018326747958,"[{'role': 'User', 'content': [{'type': 'text', 'text': 'Translate from Egyptian Arabic into Modern Standard Arabic. Output only the translation, do NOT output anything else before nor after it.\nأوة، لا ولا حاجه . المهم انك هنا، على اى حال .\nTranslation:'}]}]",True,,0,0,0,0,0,ar,False,None,None,None
Blobheart:command-r-plus,كان يفترض أن تسافر على الطائرة رقم ثمانية اثنان صفر التي أقلعت منذ خمس عشرة دقيقة . حسنا . بإمكاني تنظيم رحلة أخرى .,['كان من المفترض أن تستقل الرحلة رقم 820، التي غادرت منذ خمسة عشر دقيقة. وعلى أي حال، يمكنني أن أحجز لك رحلة جديدة.'],['COMPLETE'],<wandb.sdk.data_types.html.Html object at 0x7fc3ecb74190>,3.551851328486764,27.627785083439367,"[{'role': 'User', 'content': [{'type': 'text', 'text': 'Translate from Egyptian Arabic into Modern Standard Arabic. Output only the translation, do NOT output anything else before nor after it.\nانت كان المفروض تاخد الرحلة تمانية اتنين صفر، اللي اقلعت من خمستاشر دقيقة . على الى حال انا اقدر ارتب رحلة جديدة عشانك .\nTranslation:'}]}]",True,,0,0,0,0,0,ar,False,None,None,None
Blobheart:command-r-plus,"إن "" السنة "" متقلقلة .",['السنة مضطربة.'],['COMPLETE'],<wandb.sdk.data_types.html.Html object at 0x7fc3ecb745e0>,9.469167282754096,20.733225180182,"[{'role': 'User', 'content': [{'type': 'text', 'text': 'Translate from Egyptian Arabic into Modern Standard Arabic. Output only the translation, do NOT output anything else before nor after it.\nالسنة ملخلخة.\nTranslation:'}]}]",True,,0,0,0,0,0,ar,False,None,None,None
Blobheart:command-r-plus,مقعد ممنوع به التدخين ، من فضلك .,['كرسي لغير المدخنين، من فضلك.'],['COMPLETE'],<wandb.sdk.data_types.html.Html object at 0x7fc3e589f520>,7.495553473355842,36.78805390416714,"[{'role': 'User', 'content': [{'type': 'text', 'text': 'Translate from Egyptian Arabic into Modern Standard Arabic. Output only the translation, do NOT output anything else before nor after it.\nكرسي لغير المدخنين، لو سمحت .\nTranslation:'}]}]",True,,0,0,0,0,0,ar,False,None,None,None
Blobheart:command-r-plus,كم يكلف عش الغراب الطازج ؟,['بكم الفطر الطازج؟'],['COMPLETE'],<wandb.sdk.data_types.html.Html object at 0x7fc3e589f7c0>,16.009559139455188,26.042612438877615,"[{'role': 'User', 'content': [{'type': 'text', 'text': 'Translate from Egyptian Arabic into Modern Standard Arabic. Output only the translation, do NOT output anything else before nor after it.\nبكام المشروم الطازه؟\nTranslation:'}]}]",True,,0,0,0,0,0,ar,False,None,None,None
Blobheart:command-r-plus,إذا كان بالإمكان ، لم أكن لأخلع السنّة .,['لو كان ذلك ممكنا، أفضل ألا تخلع السن.'],['COMPLETE'],<wandb.sdk.data_types.html.Html object at 0x7fc3ecbe8a60>,17.395797375642243,23.74281835510009,"[{'role': 'User', 'content': [{'type': 'text', 'text': 'Translate from Egyptian Arabic into Modern Standard Arabic. Output only the translation, do NOT output anything else before nor after it.\nلو ينفع، انا بأفضل ان السن ما يتخلعش .\nTranslation:'}]}]",True,,0,0,0,0,0,ar,False,None,None,None
Blobheart:command-r-plus,نرغب في حجرة تطل على البحيرة .,['أريد غرفة تطل على البحيرة.'],['COMPLETE'],<wandb.sdk.data_types.html.Html object at 0x7fc3ecbe8d30>,42.0886844306855,60.704198169659676,"[{'role': 'User', 'content': [{'type': 'text', 'text': 'Translate from Egyptian Arabic into Modern Standard Arabic. Output only the translation, do NOT output anything else before nor after it.\nعايز أوضة بتبص على البحيرة.\nTranslation:'}]}]",True,,0,0,0,0,0,ar,False,None,None,None
Blobheart:command-r-plus,أفهم ، لكن لا أستطيع أن أقولها .,['أنا أفهم، لكن لا أستطيع التحدث.'],['COMPLETE'],<wandb.sdk.data_types.html.Html object at 0x7fc3ecbe8070>,19.969395881889398,57.55900210119419,"[{'role': 'User', 'content': [{'type': 'text', 'text': 'Translate from Egyptian Arabic into Modern Standard Arabic. Output only the translation, do NOT output anything else before nor after it.\nانا فاهم، بس ما اقدرش اتكلم .\nTranslation:'}]}]",True,,0,0,0,0,0,ar,False,None,None,None
Blobheart:command-r-plus,ابحث عن كروت لمناظر تعكس طبيعة جزر هاواي .,['أريد بطاقات تذكارية من هاواي.'],['COMPLETE'],<wandb.sdk.data_types.html.Html object at 0x7fc3ecbe8e80>,3.966746900026953,18.73734897215547,"[{'role': 'User', 'content': [{'type': 'text', 'text': 'Translate from Egyptian Arabic into Modern Standard Arabic. Output only the translation, do NOT output anything else before nor after it.\nعايز كروت تذكارية لهاواي .\nTranslation:'}]}]",True,,0,0,0,0,0,ar,False,None,None,None
Blobheart:command-r-plus,"معذرة , قم بالضغط على مصراعي النافذة الخشبيين , من فضلك .",['من فضلك، اضغط على زر التصوير.'],['COMPLETE'],<wandb.sdk.data_types.html.Html object at 0x7fc3ecbe8c70>,4.2707636657813985,19.602199419126393,"[{'role': 'User', 'content': [{'type': 'text', 'text': 'Translate from Egyptian Arabic into Modern Standard Arabic. Output only the translation, do NOT output anything else before nor after it.\nلو سمحت، دوس على زرار التوصير، من فضلك.\nTranslation:'}]}]",True,,0,0,0,0,0,ar,False,None,None,None
Blobheart:command-r-plus,تبدو البونساي كهواية شخص هرم .,['تبدو البونساي وكأنها شُذبت بعناية منذ زمن بعيد.'],['COMPLETE'],<wandb.sdk.data_types.html.Html object at 0x7fc3ecd49520>,17.793925745339383,41.08309968502132,"[{'role': 'User', 'content': [{'type': 'text', 'text': 'Translate from Egyptian Arabic into Modern Standard Arabic. Output only the translation, do NOT output anything else before nor after it.\nبونساي شكلها هواية حد من زمان.\nTranslation:'}]}]",True,,0,0,0,0,0,ar,False,None,None,None
Blobheart:command-r-plus,هل أستطيع الحصول على تذكرة متعددة الاستخدام ؟,['هل يمكنك ذكر العديد منها؟'],['COMPLETE'],<wandb.sdk.data_types.html.Html object at 0x7fc3ecd49ac0>,3.2149545730574576,9.72658763627919,"[{'role': 'User', 'content': [{'type': 'text', 'text': 'Translate from Egyptian Arabic into Modern Standard Arabic. Output only the translation, do NOT output anything else before nor after it.\nممكن تذكرو متعدده؟\nTranslation:'}]}]",True,,0,0,0,0,0,ar,False,None,None,None
Blobheart:command-r-plus,أريد بعض التفاح ، من فضلك .,['أريد تفاحاً، من فضلك.'],['COMPLETE'],<wandb.sdk.data_types.html.Html object at 0x7fc3ecd495b0>,11.339582221952005,48.18846979075156,"[{'role': 'User', 'content': [{'type': 'text', 'text': 'Translate from Egyptian Arabic into Modern Standard Arabic. Output only the translation, do NOT output anything else before nor after it.\nعايز تفاح، من فضلك .\nTranslation:'}]}]",True,,0,0,0,0,0,ar,False,None,None,None
Blobheart:command-r-plus,لقد تمكنت ن تحقيق ذلك .,['فعلتها.'],['COMPLETE'],<wandb.sdk.data_types.html.Html object at 0x7fc3ecd49490>,0.0,4.779411764705883,"[{'role': 'User', 'content': [{'type': 'text', 'text': 'Translate from Egyptian Arabic into Modern Standard Arabic. Output only the translation, do NOT output anything else before nor after it.\nعملتها.\nTranslation:'}]}]",True,,0,0,0,0,0,ar,False,None,None,None
Blobheart:command-r-plus,مائة وخمسة وثلاثون ين للدولار الواحد .,['مئة وخمسة وثلاثون دولاراً.'],['COMPLETE'],<wandb.sdk.data_types.html.Html object at 0x7fc3ecd49430>,43.64990448369015,48.94118909790357,"[{'role': 'User', 'content': [{'type': 'text', 'text': 'Translate from Egyptian Arabic into Modern Standard Arabic. Output only the translation, do NOT output anything else before nor after it.\nمية و خمسة وتلاتين ين الدولار.\nTranslation:'}]}]",True,,0,0,0,0,0,ar,False,None,None,None
Blobheart:command-r-plus,هل هو محجوز بالكامل ؟,['هل لا يزال كل شيء محجوزا؟'],['COMPLETE'],<wandb.sdk.data_types.html.Html object at 0x7fc3ecd49400>,14.991106946711685,22.745054145055494,"[{'role': 'User', 'content': [{'type': 'text', 'text': 'Translate from Egyptian Arabic into Modern Standard Arabic. Output only the translation, do NOT output anything else before nor after it.\nهو لسه كله محجوز؟\nTranslation:'}]}]",True,,0,0,0,0,0,ar,False,None,None,None
Blobheart:command-r-plus,ما عرض الأوبرا اليوم ؟,['ما هي حفلة الأوبرا اليوم؟'],['COMPLETE'],<wandb.sdk.data_types.html.Html object at 0x7fc3ecd49730>,31.55984539112946,55.695948438981205,"[{'role': 'User', 'content': [{'type': 'text', 'text': 'Translate from Egyptian Arabic into Modern Standard Arabic. Output only the translation, do NOT output anything else before nor after it.\nايه حفلة اوبرا النهاردة؟\nTranslation:'}]}]",True,,0,0,0,0,0,ar,False,None,None,None
Blobheart:command-r-plus,أريد تذكرتين ذهاب وعودة إلى أكسفورد .,['أريد تذكرتين ذهابًا وإيابًا إلى أكسفورد.'],['COMPLETE'],<wandb.sdk.data_types.html.Html object at 0x7fc3ecd49fd0>,49.88349435401652,69.03195237492457,"[{'role': 'User', 'content': [{'type': 'text', 'text': 'Translate from Egyptian Arabic into Modern Standard Arabic. Output only the translation, do NOT output anything else before nor after it.\nعايز تذكرتين ذهاب وعودة لأكسفورد.\nTranslation:'}]}]",True,,0,0,0,0,0,ar,False,None,None,None
Blobheart:command-r-plus,من أين يسعني شراء تذكرة توصيل بالكوبون ؟,['أين يمكنني شراء تذكرة التزلج على الجبل؟'],['COMPLETE'],<wandb.sdk.data_types.html.Html object at 0x7fc3ecd49790>,17.532201649672796,35.48225981032084,"[{'role': 'User', 'content': [{'type': 'text', 'text': 'Translate from Egyptian Arabic into Modern Standard Arabic. Output only the translation, do NOT output anything else before nor after it.\nأشتري منين تذكرة تزلج الجبل؟\nTranslation:'}]}]",True,,0,0,0,0,0,ar,False,None,None,None
Blobheart:command-r-plus,هل سمعت من قبل عن أسبوع ذهبي في اليابان ؟,['هل سمعت من قبل عن الأسبوع الذهبي في اليابان؟'],['COMPLETE'],<wandb.sdk.data_types.html.Html object at 0x7fc3ecd498b0>,45.72313446186435,73.55724557284343,"[{'role': 'User', 'content': [{'type': 'text', 'text': 'Translate from Egyptian Arabic into Modern Standard Arabic. Output only the translation, do NOT output anything else before nor after it.\nهو إنت سمعت قبل كدة عن الأسبوع الدهبي في اليابان؟\nTranslation:'}]}]",True,,0,0,0,0,0,ar,False,None,None,None
Blobheart:command-r-plus,إنه طول الطريق لنهاية البهو .,['هذا في آخر القاعة .'],['COMPLETE'],<wandb.sdk.data_types.html.Html object at 0x7fc3ecd496a0>,4.167251645138561,8.392086061666234,"[{'role': 'User', 'content': [{'type': 'text', 'text': 'Translate from Egyptian Arabic into Modern Standard Arabic. Output only the translation, do NOT output anything else before nor after it.\nده في اخر القاعة .\nTranslation:'}]}]",True,,0,0,0,0,0,ar,False,None,None,None
Blobheart:command-r-plus,أخبرني عن منطقة جيدة لهذا النهر ، من فضلك .,['أرشدني إلى مكان جيد في هذا النهر، من فضلك.'],['COMPLETE'],<wandb.sdk.data_types.html.Html object at 0x7fc3ecd49a90>,8.493098745313148,43.74747291958715,"[{'role': 'User', 'content': [{'type': 'text', 'text': 'Translate from Egyptian Arabic into Modern Standard Arabic. Output only the translation, do NOT output anything else before nor after it.\nقولي على حته كويسه في النهر ده، لو سمحت .\nTranslation:'}]}]",True,,0,0,0,0,0,ar,False,None,None,None
Blobheart:command-r-plus,رحلتنا للتخييم يجب أن تكون ممتعة .,['رحلة المشي الخاصة بنا يجب أن تكون مليئة بالمتعة.'],['COMPLETE'],<wandb.sdk.data_types.html.Html object at 0x7fc3ecd49250>,11.114924776032012,43.45177115509451,"[{'role': 'User', 'content': [{'type': 'text', 'text': 'Translate from Egyptian Arabic into Modern Standard Arabic. Output only the translation, do NOT output anything else before nor after it.\nرحلة المشي بتاعتنا لازم تكون مليانه بالمتعة .\nTranslation:'}]}]",True,,0,0,0,0,0,ar,False,None,None,None
Blobheart:command-r-plus,هل يمكن أن ترسلها إلى عنواني في اليابان عن طريق بريد الطرود الدولي وتحصل الثمن من هناك ؟,['هل يمكن إرساله إلى عنواني في اليابان بالبريد عن طريق شركة كويكت انترناشيونال بارسل؟'],['COMPLETE'],<wandb.sdk.data_types.html.Html object at 0x7fc3ecd49580>,19.59280139287724,42.32790062665396,"[{'role': 'User', 'content': [{'type': 'text', 'text': 'Translate from Egyptian Arabic into Modern Standard Arabic. Output only the translation, do NOT output anything else before nor after it.\nممكن تبعته على عنواني في اليابان بالبريد عن طريق كويكت انرناشيونال بارسل؟\nTranslation:'}]}]",True,,0,0,0,0,0,ar,False,None,None,None
Blobheart:command-r-plus,تقع منافذ الخروج للطوارئ في مقدمة ووسط ومؤخرة هذه الطائرة .,['مخارج الطوارئ موجودة في الطائرة في الأمام، وفي الوسط، وفي الخلف.'],['COMPLETE'],<wandb.sdk.data_types.html.Html object at 0x7fc3ecd491f0>,5.55150132242745,23.85337250733544,"[{'role': 'User', 'content': [{'type': 'text', 'text': 'Translate from Egyptian Arabic into Modern Standard Arabic. Output only the translation, do NOT output anything else before nor after it.\nمخارج الطوارئ موجودة في الطيارة قدام، في النص، وورا.\nTranslation:'}]}]",True,,0,0,0,0,0,ar,False,None,None,None
Blobheart:command-r-plus,أنا أبحث عن شيء أنيق .,['أريد أن أرتدي شيئًا أنيقًا.'],['COMPLETE'],<wandb.sdk.data_types.html.Html object at 0x7fc3ecd49040>,6.837203339116283,16.39849846019131,"[{'role': 'User', 'content': [{'type': 'text', 'text': 'Translate from Egyptian Arabic into Modern Standard Arabic. Output only the translation, do NOT output anything else before nor after it.\nعايزة البس حاجة شيك .\nTranslation:'}]}]",True,,0,0,0,0,0,ar,False,None,None,None
Blobheart:command-r-plus,و هو كذلك . سأمر عليك و آخذك بالسيارة من الفندق الذي تقيم فيه في الساعة الثامنة .,['حسناً. سآخذك من فندقك في الساعة الثامنة.'],['COMPLETE'],<wandb.sdk.data_types.html.Html object at 0x7fc3ecd49c40>,13.782265078030447,31.84379503406208,"[{'role': 'User', 'content': [{'type': 'text', 'text': 'Translate from Egyptian Arabic into Modern Standard Arabic. Output only the translation, do NOT output anything else before nor after it.\nأوكي. هاخدك من عند الفندق بتاعك الساعة تمانية.\nTranslation:'}]}]",True,,0,0,0,0,0,ar,False,None,None,None
Blobheart:command-r-plus,ما هذا الشارع ؟,['ما اسم هذا الشارع؟'],['COMPLETE'],<wandb.sdk.data_types.html.Html object at 0x7fc3ecd490a0>,43.47208719449914,64.52503442232394,"[{'role': 'User', 'content': [{'type': 'text', 'text': 'Translate from Egyptian Arabic into Modern Standard Arabic. Output only the translation, do NOT output anything else before nor after it.\nده شارع ايه؟\nTranslation:'}]}]",True,,0,0,0,0,0,ar,False,None,None,None
Blobheart:command-r-plus,التاسع والعشرون من أغسطس .,['تسعة وعشرون من آب/أغسطس.'],['COMPLETE'],<wandb.sdk.data_types.html.Html object at 0x7fc3ecd49d90>,17.77835117834348,38.04055139132586,"[{'role': 'User', 'content': [{'type': 'text', 'text': 'Translate from Egyptian Arabic into Modern Standard Arabic. Output only the translation, do NOT output anything else before nor after it.\nتسعة وعشرين أغسطس.\nTranslation:'}]}]",True,,0,0,0,0,0,ar,False,None,None,None
Blobheart:command-r-plus,هل تريد تسوية الفاتورة الآن ؟,['هل تريد إغلاق الحساب الآن؟'],['COMPLETE'],<wandb.sdk.data_types.html.Html object at 0x7fc3ecd49970>,10.552670315936318,30.06979555540858,"[{'role': 'User', 'content': [{'type': 'text', 'text': 'Translate from Egyptian Arabic into Modern Standard Arabic. Output only the translation, do NOT output anything else before nor after it.\nعايز تقفل الحساب دلوقتي؟\nTranslation:'}]}]",True,,0,0,0,0,0,ar,False,None,None,None
Blobheart:command-r-plus,لا امتلك أي نقود .,['ليس لدي نقود.'],['COMPLETE'],<wandb.sdk.data_types.html.Html object at 0x7fc3ecd49e20>,14.320952289897704,33.15016996115445,"[{'role': 'User', 'content': [{'type': 'text', 'text': 'Translate from Egyptian Arabic into Modern Standard Arabic. Output only the translation, do NOT output anything else before nor after it.\nماعيش فلوس .\nTranslation:'}]}]",True,,0,0,0,0,0,ar,False,None,None,None
Blobheart:command-r-plus,أكثر منتجاتنا بيعت عبر السنوات الأربع الماضية هي الآلة الناسخة طراز أ . أكس أربعة خمسة صفر .,['أكثر ما بِيعَ عندنا في آخر أربع سنوات هي آلة التصوير إي إكس أربعمئة وخمسين.'],['COMPLETE'],<wandb.sdk.data_types.html.Html object at 0x7fc3ecd492e0>,1.885174387792232,21.114368389666165,"[{'role': 'User', 'content': [{'type': 'text', 'text': 'Translate from Egyptian Arabic into Modern Standard Arabic. Output only the translation, do NOT output anything else before nor after it.\nاكتر حاجه اتباعت عندنا في اخر اربع سنسن هي مكنه التصوير ايه اكس ربعميه و خمسين .\nTranslation:'}]}]",True,,0,0,0,0,0,ar,False,None,None,None
Blobheart:command-r-plus,أنها مناسبة تماما .,['هذا مناسب تماماً.'],['COMPLETE'],<wandb.sdk.data_types.html.Html object at 0x7fc3ed2737f0>,12.703318703865365,36.5726111148291,"[{'role': 'User', 'content': [{'type': 'text', 'text': 'Translate from Egyptian Arabic into Modern Standard Arabic. Output only the translation, do NOT output anything else before nor after it.\nده مناسب بالظبط.\nTranslation:'}]}]",True,,0,0,0,0,0,ar,False,None,None,None
Blobheart:command-r-plus,أودّ مراجعة ممتلكاتي الثمينة .,['أريد أن أراجع أشيائي الثمينة.'],['COMPLETE'],<wandb.sdk.data_types.html.Html object at 0x7fc3ecd56280>,12.605968092174914,34.97254597738808,"[{'role': 'User', 'content': [{'type': 'text', 'text': 'Translate from Egyptian Arabic into Modern Standard Arabic. Output only the translation, do NOT output anything else before nor after it.\nعايز اراجع على حاجاتي الغالية .\nTranslation:'}]}]",True,,0,0,0,0,0,ar,False,None,None,None
Blobheart:command-r-plus,السيد كوباياشي كان يبحث عنك .,['السيد كوباياشي كان يبحث عنك.'],['COMPLETE'],<wandb.sdk.data_types.html.Html object at 0x7fc3ecd56220>,89.31539818068698,100.0,"[{'role': 'User', 'content': [{'type': 'text', 'text': 'Translate from Egyptian Arabic into Modern Standard Arabic. Output only the translation, do NOT output anything else before nor after it.\nمستر كوبايشي كان بيدور عليك .\nTranslation:'}]}]",True,,0,0,0,0,0,ar,False,None,None,None
Blobheart:command-r-plus,أريد مكان ما صغير .,['أريد مكاناً صغيراً.'],['COMPLETE'],<wandb.sdk.data_types.html.Html object at 0x7fc3ecd56520>,9.535414040914192,46.86409603800763,"[{'role': 'User', 'content': [{'type': 'text', 'text': 'Translate from Egyptian Arabic into Modern Standard Arabic. Output only the translation, do NOT output anything else before nor after it.\nعايز مكان صغير .\nTranslation:'}]}]",True,,0,0,0,0,0,ar,False,None,None,None
Blobheart:command-r-plus,هل يمكنك أن تقرضني حبل القطر ، من فضلك ؟,['هل يمكنك أن تعيرني حبل سحب، من فضلك؟'],['COMPLETE'],<wandb.sdk.data_types.html.Html object at 0x7fc3ecd56100>,20.200106912694157,50.54322966976791,"[{'role': 'User', 'content': [{'type': 'text', 'text': 'Translate from Egyptian Arabic into Modern Standard Arabic. Output only the translation, do NOT output anything else before nor after it.\nممكن تسلفني حبل جر، إذا سمحت؟\nTranslation:'}]}]",True,,0,0,0,0,0,ar,False,None,None,None
Blobheart:command-r-plus,هل لديك أي مقاعد شاغرة للندن ؟,['هل لديك أي مقاعد شاغرة إلى لندن؟'],['COMPLETE'],<wandb.sdk.data_types.html.Html object at 0x7fc3dc710940>,67.86502681586727,78.89310272737784,"[{'role': 'User', 'content': [{'type': 'text', 'text': 'Translate from Egyptian Arabic into Modern Standard Arabic. Output only the translation, do NOT output anything else before nor after it.\nعندك أي كراسي فاضية للندن؟\nTranslation:'}]}]",True,,0,0,0,0,0,ar,False,None,None,None
Blobheart:command-r-plus,هل لا زال لديكم مقاعد لعرض الليلة ؟,['هل لا تزال هناك مقاعد متاحة لمسرحية الليلة؟'],['COMPLETE'],<wandb.sdk.data_types.html.Html object at 0x7fc3dc710e50>,8.493098745313148,34.90922764623847,"[{'role': 'User', 'content': [{'type': 'text', 'text': 'Translate from Egyptian Arabic into Modern Standard Arabic. Output only the translation, do NOT output anything else before nor after it.\nلسه فيه كراسي لمسرحية الليله؟\nTranslation:'}]}]",True,,0,0,0,0,0,ar,False,None,None,None
Blobheart:command-r-plus,فكرة جميلة .,['فكرة لطيفة.'],['COMPLETE'],<wandb.sdk.data_types.html.Html object at 0x7fc3dc710160>,15.97357760615681,28.79960317460317,"[{'role': 'User', 'content': [{'type': 'text', 'text': 'Translate from Egyptian Arabic into Modern Standard Arabic. Output only the translation, do NOT output anything else before nor after it.\nفكرة حلوة.\nTranslation:'}]}]",True,,0,0,0,0,0,ar,False,None,None,None
Blobheart:command-r-plus,"بالتأكيد , كن على راحتك .",['بالتأكيد، خذ وقتك.'],['COMPLETE'],<wandb.sdk.data_types.html.Html object at 0x7fc3dc710d90>,8.170609724417774,30.459897236946667,"[{'role': 'User', 'content': [{'type': 'text', 'text': 'Translate from Egyptian Arabic into Modern Standard Arabic. Output only the translation, do NOT output anything else before nor after it.\nاكيد، خد وقتك .\nTranslation:'}]}]",True,,0,0,0,0,0,ar,False,None,None,None
Blobheart:command-r-plus,كم حقيبة يمكن أن أحضرها معي في الطائرة ؟,['كم حقيبة يمكنني أن أحملها على متن الطائرة؟'],['COMPLETE'],<wandb.sdk.data_types.html.Html object at 0x7fc3dc7101c0>,16.90062198556585,46.68818819431244,"[{'role': 'User', 'content': [{'type': 'text', 'text': 'Translate from Egyptian Arabic into Modern Standard Arabic. Output only the translation, do NOT output anything else before nor after it.\nكم شنطة ممكن اخدها في الطيارة؟\nTranslation:'}]}]",True,,0,0,0,0,0,ar,False,None,None,None
Blobheart:command-r-plus,هلا أرسلت تاكسي إلى المدخل الرئيسي لـ ويستمانستر مول ؟,['هل يمكنك إرسال سيارة أجرة إلى البوابة الرئيسية لمول وستمنستر؟'],['COMPLETE'],<wandb.sdk.data_types.html.Html object at 0x7fc3dc710f70>,2.3968692309050215,24.720623895704247,"[{'role': 'User', 'content': [{'type': 'text', 'text': 'Translate from Egyptian Arabic into Modern Standard Arabic. Output only the translation, do NOT output anything else before nor after it.\nممكن تبعت تاكسي للبوابه الرئيسية لمول ويستمينسر؟\nTranslation:'}]}]",True,,0,0,0,0,0,ar,False,None,None,None
Blobheart:command-r-plus,كم الأجرة ؟ هل لك أن تدون الأجرة على قطعة ورق ؟,['ما هو أجر الرحلة؟ هل يمكنك أن تكتب الأجرة على ورقة من فضلك؟'],['COMPLETE'],<wandb.sdk.data_types.html.Html object at 0x7fc3ecbec400>,13.076558875109015,33.43680310167214,"[{'role': 'User', 'content': [{'type': 'text', 'text': 'Translate from Egyptian Arabic into Modern Standard Arabic. Output only the translation, do NOT output anything else before nor after it.\nالاجرة كام؟ ممكن تكتبلي الاجرة على ورقة؟\nTranslation:'}]}]",True,,0,0,0,0,0,ar,False,None,None,None
Blobheart:command-r-plus,أين تعلم السيد جونز اللغة اليابانية ؟,['أين تعلم السيد جونز اللغة اليابانية؟'],['COMPLETE'],<wandb.sdk.data_types.html.Html object at 0x7fc3ecbec8b0>,89.31539818068698,92.8760571045801,"[{'role': 'User', 'content': [{'type': 'text', 'text': 'Translate from Egyptian Arabic into Modern Standard Arabic. Output only the translation, do NOT output anything else before nor after it.\nهو مستر جونس إتعلم ياباني فين؟\nTranslation:'}]}]",True,,0,0,0,0,0,ar,False,None,None,None
Blobheart:command-r-plus,سأعد سندوتشين من لحم فخذ الخنزير .,['سأصنع شطيرتين من لحم الخنزير.'],['COMPLETE'],<wandb.sdk.data_types.html.Html object at 0x7fc3ecbec310>,24.75215108688025,44.42882525004232,"[{'role': 'User', 'content': [{'type': 'text', 'text': 'Translate from Egyptian Arabic into Modern Standard Arabic. Output only the translation, do NOT output anything else before nor after it.\nحأعمل سندوتشين لحم خنزير .\nTranslation:'}]}]",True,,0,0,0,0,0,ar,False,None,None,None
Blobheart:command-r-plus,إلى طوكيو ، من فضلك .,['إلى طوكيو، من فضلك.'],['COMPLETE'],<wandb.sdk.data_types.html.Html object at 0x7fc3ecbec100>,41.11336169005198,88.90165441176471,"[{'role': 'User', 'content': [{'type': 'text', 'text': 'Translate from Egyptian Arabic into Modern Standard Arabic. Output only the translation, do NOT output anything else before nor after it.\nلطوكيو، إذا سمحت .\nTranslation:'}]}]",True,,0,0,0,0,0,ar,False,None,None,None
Blobheart:command-r-plus,يبدوا أنني غير قادر على الحصول على الماء الساخن .,['يبدو أنني لن أحصل على ماء ساخن.'],['COMPLETE'],<wandb.sdk.data_types.html.Html object at 0x7fc3ecbec250>,3.3495035708457803,23.048179213325167,"[{'role': 'User', 'content': [{'type': 'text', 'text': 'Translate from Egyptian Arabic into Modern Standard Arabic. Output only the translation, do NOT output anything else before nor after it.\nشكلي مش حيوصلي ميه سخنه .\nTranslation:'}]}]",True,,0,0,0,0,0,ar,False,None,None,None
Blobheart:command-r-plus,هل يوجد دار للسينما بالقرب من هنا ؟,['هل هناك سينما قريبة من هنا؟'],['COMPLETE'],<wandb.sdk.data_types.html.Html object at 0x7fc3ecbec190>,9.080027618567454,25.38804707016229,"[{'role': 'User', 'content': [{'type': 'text', 'text': 'Translate from Egyptian Arabic into Modern Standard Arabic. Output only the translation, do NOT output anything else before nor after it.\nفيه سينما قريبة من هنا؟\nTranslation:'}]}]",True,,0,0,0,0,0,ar,False,None,None,None
Blobheart:command-r-plus,أين ستنتهي الجولة ، ومتى ؟,['متى ستنتهي الرحلة، وأين؟'],['COMPLETE'],<wandb.sdk.data_types.html.Html object at 0x7fc3ecbec370>,15.619699684601283,38.377280183075015,"[{'role': 'User', 'content': [{'type': 'text', 'text': 'Translate from Egyptian Arabic into Modern Standard Arabic. Output only the translation, do NOT output anything else before nor after it.\nامتى حتنتهي الرحلة، و فين؟\nTranslation:'}]}]",True,,0,0,0,0,0,ar,False,None,None,None
Blobheart:command-r-plus,"في حالة إمكان ذلك , احجز منضدة بالقرب من النافذة من فضلك .",['إذا كان هناك طاولة متاحة، هل يمكنك حجز طاولة بجانب النافذة لي؟'],['COMPLETE'],<wandb.sdk.data_types.html.Html object at 0x7fc3ecbec4c0>,6.908895196867147,19.736005247694667,"[{'role': 'User', 'content': [{'type': 'text', 'text': 'Translate from Egyptian Arabic into Modern Standard Arabic. Output only the translation, do NOT output anything else before nor after it.\nلو واحد متاح، ممكن تحجزلي تربيزة جنب الشباك؟\nTranslation:'}]}]",True,,0,0,0,0,0,ar,False,None,None,None
Blobheart:command-r-plus,فكرة صائبة . متى تخطط للمجيء ؟,['فكرة جيدة. متى ترتب للقدوم؟'],['COMPLETE'],<wandb.sdk.data_types.html.Html object at 0x7fc3ecbec280>,3.696719741302181,29.864763553758145,"[{'role': 'User', 'content': [{'type': 'text', 'text': 'Translate from Egyptian Arabic into Modern Standard Arabic. Output only the translation, do NOT output anything else before nor after it.\nفكرة كويسة. بترتب تيجى إمتى؟\nTranslation:'}]}]",True,,0,0,0,0,0,ar,False,None,None,None
Blobheart:command-r-plus,إنه مغلق في أيام الاثنين ، ولكن أي يوم آخر سيكون لا بأس به . أعتقد أنه يُفتح من التاسعة حتى الخامسة .,['مُغلق أيام الإثنين، لكنه مفتوح في باقي الأيام. أعتقد أنّه يفتح من الساعة التاسعة صباحًا وحتى الخامسة مساءً.'],['COMPLETE'],<wandb.sdk.data_types.html.Html object at 0x7fc3ecbec550>,7.646942702440667,37.31081019937376,"[{'role': 'User', 'content': [{'type': 'text', 'text': 'Translate from Egyptian Arabic into Modern Standard Arabic. Output only the translation, do NOT output anything else before nor after it.\nمقفول ايام الاتنين، لكن عادي في باقي الايام . متهيألي مفتوح من تسعة لخمسة .\nTranslation:'}]}]",True,,0,0,0,0,0,ar,False,None,None,None
Blobheart:command-r-plus,تموج شعر دائم مشدود من فضلك .,['تموجات قوية، من فضلك.'],['COMPLETE'],<wandb.sdk.data_types.html.Html object at 0x7fc3ecbec460>,13.485111859503691,34.12039379935061,"[{'role': 'User', 'content': [{'type': 'text', 'text': 'Translate from Egyptian Arabic into Modern Standard Arabic. Output only the translation, do NOT output anything else before nor after it.\nكيرلي جامد، لو سمحت.\nTranslation:'}]}]",True,,0,0,0,0,0,ar,False,None,None,None
Blobheart:command-r-plus,كلا ، من فضلك لا تفعل ذلك هلا ادخرت أسئلتك حتى نهاية حديثي ، لحين طلبها .,['لا، من فضلك لا تفعل ذلك. هل يمكنك أن تجعل أسئلتك في نهاية كلامي، عندما أسأل عنها؟'],['COMPLETE'],<wandb.sdk.data_types.html.Html object at 0x7fc3ecbecb50>,19.124813148884037,42.61802663675732,"[{'role': 'User', 'content': [{'type': 'text', 'text': 'Translate from Egyptian Arabic into Modern Standard Arabic. Output only the translation, do NOT output anything else before nor after it.\nلأ، لو سمحت متعملش كدة. ممكن تخلي أسئلتك لنهاية كلامي، لما أسأل عنهم؟\nTranslation:'}]}]",True,,0,0,0,0,0,ar,False,None,None,None
Blobheart:command-r-plus,منذ متى ؟,['منذ متى؟'],['COMPLETE'],<wandb.sdk.data_types.html.Html object at 0x7fc3ecbecac0>,0.0,79.57474226804122,"[{'role': 'User', 'content': [{'type': 'text', 'text': 'Translate from Egyptian Arabic into Modern Standard Arabic. Output only the translation, do NOT output anything else before nor after it.\nمن امتى؟\nTranslation:'}]}]",True,,0,0,0,0,0,ar,False,None,None,None
Blobheart:command-r-plus,بالخارج .,['خارجاً.'],['COMPLETE'],<wandb.sdk.data_types.html.Html object at 0x7fc3ecd69cd0>,0.0,28.31569386167227,"[{'role': 'User', 'content': [{'type': 'text', 'text': 'Translate from Egyptian Arabic into Modern Standard Arabic. Output only the translation, do NOT output anything else before nor after it.\nبرة.\nTranslation:'}]}]",True,,0,0,0,0,0,ar,False,None,None,None
Blobheart:command-r-plus,كيف كانت ؟,['كيف كان؟'],['COMPLETE'],<wandb.sdk.data_types.html.Html object at 0x7fc3ecd692e0>,0.0,52.415435936501694,"[{'role': 'User', 'content': [{'type': 'text', 'text': 'Translate from Egyptian Arabic into Modern Standard Arabic. Output only the translation, do NOT output anything else before nor after it.\nهو كان ازاي؟\nTranslation:'}]}]",True,,0,0,0,0,0,ar,False,None,None,None
Blobheart:command-r-plus,ينبغي ألا تشاهد التليفزيون طوال الوقت .,['ليس عليك أن تشاهد التلفاز طوال الوقت.'],['COMPLETE'],<wandb.sdk.data_types.html.Html object at 0x7fc3ecd69eb0>,23.19610106840199,49.00936406279734,"[{'role': 'User', 'content': [{'type': 'text', 'text': 'Translate from Egyptian Arabic into Modern Standard Arabic. Output only the translation, do NOT output anything else before nor after it.\nمش \xa0لازم تتفرج ع التلفزيون طول الوقت .\nTranslation:'}]}]",True,,0,0,0,0,0,ar,False,None,None,None
Blobheart:command-r-plus,وهو كذلك . هل يمكنك كتابة العنوان مرة أخرى علي هذا الظرف ؟,['حسناً. هل يمكنك أن تكتب العنوان مرة أخرى على هذا المظروف؟'],['COMPLETE'],<wandb.sdk.data_types.html.Html object at 0x7fc3ecd69fa0>,16.61742929957894,50.96457877495853,"[{'role': 'User', 'content': [{'type': 'text', 'text': 'Translate from Egyptian Arabic into Modern Standard Arabic. Output only the translation, do NOT output anything else before nor after it.\nتمام. ممكن تكتب العنوان مرة كمان على الظرف ده؟\nTranslation:'}]}]",True,,0,0,0,0,0,ar,False,None,None,None
Blobheart:command-r-plus,متي يغلق مكتب البريد أبوابه ؟,['متى يغلق مكتب البريد؟'],['COMPLETE'],<wandb.sdk.data_types.html.Html object at 0x7fc3ecd693a0>,34.71820111672571,51.673746054455286,"[{'role': 'User', 'content': [{'type': 'text', 'text': 'Translate from Egyptian Arabic into Modern Standard Arabic. Output only the translation, do NOT output anything else before nor after it.\nمكتب البوستة بيقفل إمتى؟\nTranslation:'}]}]",True,,0,0,0,0,0,ar,False,None,None,None
Blobheart:command-r-plus,كم عدد المشروبات التي يغطيها السعر ؟,['ما عدد المشروبات المشمولة في السعر؟'],['COMPLETE'],<wandb.sdk.data_types.html.Html object at 0x7fc3ecd69520>,25.211936184349828,47.58926725195147,"[{'role': 'User', 'content': [{'type': 'text', 'text': 'Translate from Egyptian Arabic into Modern Standard Arabic. Output only the translation, do NOT output anything else before nor after it.\nالسعر شامل كام مشروب؟\nTranslation:'}]}]",True,,0,0,0,0,0,ar,False,None,None,None
Blobheart:command-r-plus,اقفل الباب من الداخل وأنا خارج الغرفة .,['أنا خارج غرفتي ولا أملك المفتاح.'],['COMPLETE'],<wandb.sdk.data_types.html.Html object at 0x7fc3ecd69640>,3.3864985683445354,22.159741368651773,"[{'role': 'User', 'content': [{'type': 'text', 'text': 'Translate from Egyptian Arabic into Modern Standard Arabic. Output only the translation, do NOT output anything else before nor after it.\nانا بره اوضتي و ماعيش مفتاح .\nTranslation:'}]}]",True,,0,0,0,0,0,ar,False,None,None,None
Blobheart:command-r-plus,أريد عمل تمويجا لشعري ليكون طليقا .,['أريد شعراً مجعداً واسعاً، من فضلك.'],['COMPLETE'],<wandb.sdk.data_types.html.Html object at 0x7fc3ecd69850>,3.1251907639724417,15.43185023788472,"[{'role': 'User', 'content': [{'type': 'text', 'text': 'Translate from Egyptian Arabic into Modern Standard Arabic. Output only the translation, do NOT output anything else before nor after it.\nعايز كيرلي واسع، من فضلك.\nTranslation:'}]}]",True,,0,0,0,0,0,ar,False,None,None,None
Blobheart:command-r-plus,دعني أنام حتى التاسعة .,['دعني أنام حتى التاسعة .'],['COMPLETE'],<wandb.sdk.data_types.html.Html object at 0x7fc3ecd699d0>,100.00000000000004,100.0,"[{'role': 'User', 'content': [{'type': 'text', 'text': 'Translate from Egyptian Arabic into Modern Standard Arabic. Output only the translation, do NOT output anything else before nor after it.\nخليني انام لحد تسعة .\nTranslation:'}]}]",True,,0,0,0,0,0,ar,False,None,None,None
Blobheart:command-r-plus,من فضلك كررها مرة أخرى ببطء أكثر .,['قل ذلك مرة أخرى من فضلك ولكن ببطء.'],['COMPLETE'],<wandb.sdk.data_types.html.Html object at 0x7fc3ecd69a60>,20.504572236241867,42.71897216939133,"[{'role': 'User', 'content': [{'type': 'text', 'text': 'Translate from Egyptian Arabic into Modern Standard Arabic. Output only the translation, do NOT output anything else before nor after it.\nقول تاني من فضلك بس بالراحة.\nTranslation:'}]}]",True,,0,0,0,0,0,ar,False,None,None,None
Blobheart:command-r-plus,يالها من خدمة سريعة !,['خدمة سريعة.'],['COMPLETE'],<wandb.sdk.data_types.html.Html object at 0x7fc3ecd69580>,36.70124608961282,45.51916754035851,"[{'role': 'User', 'content': [{'type': 'text', 'text': 'Translate from Egyptian Arabic into Modern Standard Arabic. Output only the translation, do NOT output anything else before nor after it.\nخدمة سريعة.\nTranslation:'}]}]",True,,0,0,0,0,0,ar,False,None,None,None
Blobheart:command-r-plus,دجاج ، من فضلك .,['دجاج، من فضلك.'],['COMPLETE'],<wandb.sdk.data_types.html.Html object at 0x7fc3ecd69490>,22.957488466614336,89.51439256572984,"[{'role': 'User', 'content': [{'type': 'text', 'text': 'Translate from Egyptian Arabic into Modern Standard Arabic. Output only the translation, do NOT output anything else before nor after it.\nفراخ، من فضلك .\nTranslation:'}]}]",True,,0,0,0,0,0,ar,False,None,None,None
Blobheart:command-r-plus,إنه ألم حاد .,['ألم فظيع.'],['COMPLETE'],<wandb.sdk.data_types.html.Html object at 0x7fc3ecd69e20>,10.682175159905848,16.3408347462707,"[{'role': 'User', 'content': [{'type': 'text', 'text': 'Translate from Egyptian Arabic into Modern Standard Arabic. Output only the translation, do NOT output anything else before nor after it.\nوجع بشع.\nTranslation:'}]}]",True,,0,0,0,0,0,ar,False,None,None,None
Blobheart:command-r-plus,هل يمكنني أن أستأجر مضارب راكيت ؟,['هل يمكنني استئجار مضارب؟'],['COMPLETE'],<wandb.sdk.data_types.html.Html object at 0x7fc3ecd69340>,9.473826754214423,37.542331691347364,"[{'role': 'User', 'content': [{'type': 'text', 'text': 'Translate from Egyptian Arabic into Modern Standard Arabic. Output only the translation, do NOT output anything else before nor after it.\nهو أنا ممكن أأجر مضارب؟\nTranslation:'}]}]",True,,0,0,0,0,0,ar,False,None,None,None
Blobheart:command-r-plus,هل لك أن تأخذني إلى كانتربري وتعيدني إلى هنا ؟,['هل يمكنك أن تأخذني إلى كانتربيري ثم تعيدني؟'],['COMPLETE'],<wandb.sdk.data_types.html.Html object at 0x7fc3ecd69dc0>,34.79159475128448,52.1711258284152,"[{'role': 'User', 'content': [{'type': 'text', 'text': 'Translate from Egyptian Arabic into Modern Standard Arabic. Output only the translation, do NOT output anything else before nor after it.\nممكن تاخدنى كانتربري وترجعنى؟\nTranslation:'}]}]",True,,0,0,0,0,0,ar,False,None,None,None
Blobheart:command-r-plus,أين الكاتدرائية ؟,['أين الكاتدرائية؟'],['COMPLETE'],<wandb.sdk.data_types.html.Html object at 0x7fc3eccfefd0>,80.91067115702207,79.57474226804122,"[{'role': 'User', 'content': [{'type': 'text', 'text': 'Translate from Egyptian Arabic into Modern Standard Arabic. Output only the translation, do NOT output anything else before nor after it.\nفين الكاتدرائية؟\nTranslation:'}]}]",True,,0,0,0,0,0,ar,False,None,None,None
Blobheart:command-r-plus,وما هي المثانة ؟,['ما هي التكيسات؟'],['COMPLETE'],<wandb.sdk.data_types.html.Html object at 0x7fc3eccfedc0>,6.567274736060395,28.863820503612615,"[{'role': 'User', 'content': [{'type': 'text', 'text': 'Translate from Egyptian Arabic into Modern Standard Arabic. Output only the translation, do NOT output anything else before nor after it.\nإيه هي التكيسات؟\nTranslation:'}]}]",True,,0,0,0,0,0,ar,False,None,None,None
Blobheart:command-r-plus,إذاَ ، من فضلك أعطني حجزاً جديداً .,['إذاً، قومي بحجز جديد.'],['COMPLETE'],<wandb.sdk.data_types.html.Html object at 0x7fc3eccfe280>,3.102160927976006,15.52816420179168,"[{'role': 'User', 'content': [{'type': 'text', 'text': 'Translate from Egyptian Arabic into Modern Standard Arabic. Output only the translation, do NOT output anything else before nor after it.\nاذا، اعملي حجز جديد .\nTranslation:'}]}]",True,,0,0,0,0,0,ar,False,None,None,None
Blobheart:command-r-plus,شكراً ، هذا يكفي .,['شكراً لك، هذا يكفي.'],['COMPLETE'],<wandb.sdk.data_types.html.Html object at 0x7fc3eccfecd0>,18.575057999133602,71.03776133328716,"[{'role': 'User', 'content': [{'type': 'text', 'text': 'Translate from Egyptian Arabic into Modern Standard Arabic. Output only the translation, do NOT output anything else before nor after it.\nشكرا ليك، ده كفاية .\nTranslation:'}]}]",True,,0,0,0,0,0,ar,False,None,None,None
Blobheart:command-r-plus,لقد اجتزت هذا الاختبار بنجاح كبير .,['لقد اجتزت هذا الامتحان بكل سهولة.'],['COMPLETE'],<wandb.sdk.data_types.html.Html object at 0x7fc3eccfec40>,43.55452009157201,46.96511716762804,"[{'role': 'User', 'content': [{'type': 'text', 'text': 'Translate from Egyptian Arabic into Modern Standard Arabic. Output only the translation, do NOT output anything else before nor after it.\nعديت من الامتحان ده بكل سهولة.\nTranslation:'}]}]",True,,0,0,0,0,0,ar,False,None,None,None
Blobheart:command-r-plus,لدينا نبيذ أبيض ممتاز .,['لدينا نبيذ أبيض ممتاز.'],['COMPLETE'],<wandb.sdk.data_types.html.Html object at 0x7fc3eccfeb20>,84.08964152537145,100.0,"[{'role': 'User', 'content': [{'type': 'text', 'text': 'Translate from Egyptian Arabic into Modern Standard Arabic. Output only the translation, do NOT output anything else before nor after it.\nعندنا خمرة بيضا ممتازة.\nTranslation:'}]}]",True,,0,0,0,0,0,ar,False,None,None,None
Blobheart:command-r-plus,هذه كبيرة جداً .,['هؤلاء كبار أقوياء'],['COMPLETE'],<wandb.sdk.data_types.html.Html object at 0x7fc3eccfe7f0>,0.0,6.605097581192072,"[{'role': 'User', 'content': [{'type': 'text', 'text': 'Translate from Egyptian Arabic into Modern Standard Arabic. Output only the translation, do NOT output anything else before nor after it.\nدول كبار قوي .\nTranslation:'}]}]",True,,0,0,0,0,0,ar,False,None,None,None
Blobheart:command-r-plus,هل يمكنني تركها في أي مكان من البلاد ؟,['هل يمكنني تركها في أي مكان في البلد؟'],['COMPLETE'],<wandb.sdk.data_types.html.Html object at 0x7fc3eccfeeb0>,59.00468726392806,72.89874076868144,"[{'role': 'User', 'content': [{'type': 'text', 'text': 'Translate from Egyptian Arabic into Modern Standard Arabic. Output only the translation, do NOT output anything else before nor after it.\nهو ممكن أسيبها في أي حتة في البلد؟\nTranslation:'}]}]",True,,0,0,0,0,0,ar,False,None,None,None
Blobheart:command-r-plus,خطف محفظتي وجرى بعيداً .,['سرق محفظتي وهرب'],['COMPLETE'],<wandb.sdk.data_types.html.Html object at 0x7fc3eccfe640>,15.925177647011354,24.41372128119183,"[{'role': 'User', 'content': [{'type': 'text', 'text': 'Translate from Egyptian Arabic into Modern Standard Arabic. Output only the translation, do NOT output anything else before nor after it.\nسرق محفظتي و جري .\nTranslation:'}]}]",True,,0,0,0,0,0,ar,False,None,None,None
Blobheart:command-r-plus,ستقف الليموزين عند البوابة الشمالية أولاً .,['ستتوقف الليموزين العربية عند البوابة الشمالية الأولى.'],['COMPLETE'],<wandb.sdk.data_types.html.Html object at 0x7fc3eccfed60>,46.60608712358324,65.40014777335202,"[{'role': 'User', 'content': [{'type': 'text', 'text': 'Translate from Egyptian Arabic into Modern Standard Arabic. Output only the translation, do NOT output anything else before nor after it.\nالعربية الليموزين حتوقف عند البوابة الشمالية الأول.\nTranslation:'}]}]",True,,0,0,0,0,0,ar,False,None,None,None
Blobheart:command-r-plus,هل يمكن أن أقيس مقاس تسعة .,['هل يمكنني المحاولة على الرقم تسعة؟'],['COMPLETE'],<wandb.sdk.data_types.html.Html object at 0x7fc3eccfe940>,9.287528999566801,23.092517022021234,"[{'role': 'User', 'content': [{'type': 'text', 'text': 'Translate from Egyptian Arabic into Modern Standard Arabic. Output only the translation, do NOT output anything else before nor after it.\nممكن أحاول على تسعة؟\nTranslation:'}]}]",True,,0,0,0,0,0,ar,False,None,None,None
Blobheart:command-r-plus,هل هو طازج إلى هذا الحد ؟,['هل هذا طازج؟'],['COMPLETE'],<wandb.sdk.data_types.html.Html object at 0x7fc3eccfe310>,17.625328548379716,20.883007458241494,"[{'role': 'User', 'content': [{'type': 'text', 'text': 'Translate from Egyptian Arabic into Modern Standard Arabic. Output only the translation, do NOT output anything else before nor after it.\nده طازه؟\nTranslation:'}]}]",True,,0,0,0,0,0,ar,False,None,None,None
Blobheart:command-r-plus,أين يمكنني أن أستعيد أمتعتي ؟,['من أين يمكنني أن أحصل على حقائبي؟'],['COMPLETE'],<wandb.sdk.data_types.html.Html object at 0x7fc3eccfef10>,13.950796967929138,45.40297770748711,"[{'role': 'User', 'content': [{'type': 'text', 'text': 'Translate from Egyptian Arabic into Modern Standard Arabic. Output only the translation, do NOT output anything else before nor after it.\nمنين اقدر اخد شنطي؟\nTranslation:'}]}]",True,,0,0,0,0,0,ar,False,None,None,None
Blobheart:command-r-plus,من فضلك غير هذه الينات إلى جنيهات .,['من فضلك، غير لي العملات الأجنبية التي معي إلى الجنيه المصري.'],['COMPLETE'],<wandb.sdk.data_types.html.Html object at 0x7fc3eccfee50>,5.32864224277779,29.750185658184673,"[{'role': 'User', 'content': [{'type': 'text', 'text': 'Translate from Egyptian Arabic into Modern Standard Arabic. Output only the translation, do NOT output anything else before nor after it.\nمن فضلك غيرلي الين اللي معايا بجنيهات.\nTranslation:'}]}]",True,,0,0,0,0,0,ar,False,None,None,None
Blobheart:command-r-plus,إنها بين المخبز ومحل الجزارة .,['هذا بين الفرن والجزار.'],['COMPLETE'],<wandb.sdk.data_types.html.Html object at 0x7fc3eccfe9d0>,4.513617516969122,30.25281662324653,"[{'role': 'User', 'content': [{'type': 'text', 'text': 'Translate from Egyptian Arabic into Modern Standard Arabic. Output only the translation, do NOT output anything else before nor after it.\nده بين الفرن و الجزار .\nTranslation:'}]}]",True,,0,0,0,0,0,ar,False,None,None,None
Blobheart:command-r-plus,أريد غرفة بسريرين . ما ثمن الغرفة في الليلة ؟,['أريد غرفة بسريرين، ما سعر الغرفة في الليلة؟'],['COMPLETE'],<wandb.sdk.data_types.html.Html object at 0x7fc3eccfe2e0>,39.832871551569504,66.26213840247492,"[{'role': 'User', 'content': [{'type': 'text', 'text': 'Translate from Egyptian Arabic into Modern Standard Arabic. Output only the translation, do NOT output anything else before nor after it.\nعايز أوضة بسريرين. بكام الأوضة في الليلة؟\nTranslation:'}]}]",True,,0,0,0,0,0,ar,False,None,None,None
Blobheart:command-r-plus,ما رأيك في موضوع التحرش الجنسي في مكان العمل ؟,['ما رأيك في التحرش الجنسي في مكان العمل؟'],['COMPLETE'],<wandb.sdk.data_types.html.Html object at 0x7fc3eccfe6d0>,67.61304462994481,76.60867469587278,"[{'role': 'User', 'content': [{'type': 'text', 'text': 'Translate from Egyptian Arabic into Modern Standard Arabic. Output only the translation, do NOT output anything else before nor after it.\nرأيك أيه في التحرش الجنسي في مكان العمل؟\nTranslation:'}]}]",True,,0,0,0,0,0,ar,False,None,None,None
Blobheart:command-r-plus,ما وجه الاختلاف بين منتجك ومنتج منافسيك ؟,['ما الذي يميز منتجك عن المنتجات الأخرى المشابهة؟'],['COMPLETE'],<wandb.sdk.data_types.html.Html object at 0x7fc3eccfe400>,10.343603005129705,19.473332822418318,"[{'role': 'User', 'content': [{'type': 'text', 'text': 'Translate from Egyptian Arabic into Modern Standard Arabic. Output only the translation, do NOT output anything else before nor after it.\nالمنتج بتاعك يختلف عن بقيت المنتجات اللي شبهه ف إيه؟\nTranslation:'}]}]",True,,0,0,0,0,0,ar,False,None,None,None
Blobheart:command-r-plus,بالطبع لا . لماذا تقول إذا ؟,['طبعا لا. لماذا تقول ذلك؟'],['COMPLETE'],<wandb.sdk.data_types.html.Html object at 0x7fc3eccfe910>,12.22307556087252,57.33236999743786,"[{'role': 'User', 'content': [{'type': 'text', 'text': 'Translate from Egyptian Arabic into Modern Standard Arabic. Output only the translation, do NOT output anything else before nor after it.\nطبعا لأ . انت ليه بتقول كده؟\nTranslation:'}]}]",True,,0,0,0,0,0,ar,False,None,None,None
Blobheart:command-r-plus,أهلاً ، شريكك على الخط . هيا ، من فضلك .,['كيف حالك، شريكك على الخط، تفضل.'],['COMPLETE'],<wandb.sdk.data_types.html.Html object at 0x7fc3eccfef40>,24.79427735122722,40.046431372271904,"[{'role': 'User', 'content': [{'type': 'text', 'text': 'Translate from Egyptian Arabic into Modern Standard Arabic. Output only the translation, do NOT output anything else before nor after it.\nازيك، شريكك عالخط، اتفضل، من فضلك .\nTranslation:'}]}]",True,,0,0,0,0,0,ar,False,None,None,None
Blobheart:command-r-plus,كنت سأشتري هذا إن كنت في مكانك ؟,['لو كنت مكانك، لكنت صدّقت.'],['COMPLETE'],<wandb.sdk.data_types.html.Html object at 0x7fc3eccfe520>,8.29519350710986,16.769305806792218,"[{'role': 'User', 'content': [{'type': 'text', 'text': 'Translate from Egyptian Arabic into Modern Standard Arabic. Output only the translation, do NOT output anything else before nor after it.\nلو كنت مكانك كنت صدقت.\nTranslation:'}]}]",True,,0,0,0,0,0,ar,False,None,None,None
Blobheart:command-r-plus,هل يوجد بوتيك قريب من هنا ؟,['هل هناك بوتيك قريب من هنا؟'],['COMPLETE'],<wandb.sdk.data_types.html.Html object at 0x7fc3eccfe610>,54.10822690539397,63.98498392097039,"[{'role': 'User', 'content': [{'type': 'text', 'text': 'Translate from Egyptian Arabic into Modern Standard Arabic. Output only the translation, do NOT output anything else before nor after it.\nفيه بوتيك قريب من هنا؟\nTranslation:'}]}]",True,,0,0,0,0,0,ar,False,None,None,None
Blobheart:command-r-plus,أعتقد أنك ارتكبت خطأً . الغرفة دفع ثمنها مسبقاً . معي إيصال .,['أعتقد أنك مخطئ. لقد دفعت مسبقاً لحجز الغرفة. لدي إيصال يؤكد كلامي.'],['COMPLETE'],<wandb.sdk.data_types.html.Html object at 0x7fc3ef31ed30>,13.121551386461338,37.78833366157441,"[{'role': 'User', 'content': [{'type': 'text', 'text': 'Translate from Egyptian Arabic into Modern Standard Arabic. Output only the translation, do NOT output anything else before nor after it.\nمتهيألي أنك غلطت . انا دفعت حجز الاوضه قبل كده . معايا وصل بيأكد كلامي .\nTranslation:'}]}]",True,,0,0,0,0,0,ar,False,None,None,None
Blobheart:command-r-plus,هل هناك جولة بعد الظهر ؟,['هل هناك رحلة بعد الظهر؟'],['COMPLETE'],<wandb.sdk.data_types.html.Html object at 0x7fc3ef31eb50>,25.848657697858535,62.61962767056524,"[{'role': 'User', 'content': [{'type': 'text', 'text': 'Translate from Egyptian Arabic into Modern Standard Arabic. Output only the translation, do NOT output anything else before nor after it.\nفيه رحلة بعد الضهر؟\nTranslation:'}]}]",True,,0,0,0,0,0,ar,False,None,None,None
Blobheart:command-r-plus,هل يوجد مطعم أرخص قريب من هنا ؟,['هل يوجد مطعم أرخص من هذا بالقرب من هنا؟'],['COMPLETE'],<wandb.sdk.data_types.html.Html object at 0x7fc3dc68ceb0>,42.803206067505954,66.23041069654754,"[{'role': 'User', 'content': [{'type': 'text', 'text': 'Translate from Egyptian Arabic into Modern Standard Arabic. Output only the translation, do NOT output anything else before nor after it.\nهو في مطعم ارخص من كده قريب من هنا؟\nTranslation:'}]}]",True,,0,0,0,0,0,ar,False,None,None,None
Blobheart:command-r-plus,هذا خطأ .,['هذا خطأ.'],['COMPLETE'],<wandb.sdk.data_types.html.Html object at 0x7fc3dc68c370>,0.0,100.0,"[{'role': 'User', 'content': [{'type': 'text', 'text': 'Translate from Egyptian Arabic into Modern Standard Arabic. Output only the translation, do NOT output anything else before nor after it.\nده غلط.\nTranslation:'}]}]",True,,0,0,0,0,0,ar,False,None,None,None
Blobheart:command-r-plus,أفضل شيء هو اسطوانة مصغرة .,['ستكون عربية صغيرة أفضل شيء.'],['COMPLETE'],<wandb.sdk.data_types.html.Html object at 0x7fc3dc68c550>,7.417318111314057,31.690576053705954,"[{'role': 'User', 'content': [{'type': 'text', 'text': 'Translate from Egyptian Arabic into Modern Standard Arabic. Output only the translation, do NOT output anything else before nor after it.\nعربية صغيرة هاتبقى أحسن حاجة.\nTranslation:'}]}]",True,,0,0,0,0,0,ar,False,None,None,None
Blobheart:command-r-plus,"أجل , سيدي . آتي هنا للإفطار كل يوم , من الاثنين حتى الجمعة , قبل الذهاب للعمل .",['آه، سيدي. آتي هنا لتناول الفطور كل يوم، من الاثنين إلى الجمعة، قبل ذهابي إلى العمل.'],['COMPLETE'],<wandb.sdk.data_types.html.Html object at 0x7fc3dc71ae80>,11.434338200880834,48.11044388490291,"[{'role': 'User', 'content': [{'type': 'text', 'text': 'Translate from Egyptian Arabic into Modern Standard Arabic. Output only the translation, do NOT output anything else before nor after it.\nاه، يافندم. باجى هنا افطر كل يوم، من الاتنين للجمعة، قبل ماروح الشغل.\nTranslation:'}]}]",True,,0,0,0,0,0,ar,False,None,None,None
Blobheart:command-r-plus,رقم مقعدك هو اثنان وثلاثون أ . بعد ذلك سر في خط مستقيم في هذه الطرقة . إنه المقعد المجاور للنافذة .,['كرسيك رقم اثنان وثلاثون، سر في الممر مباشرة، الكرسي بجانب النافذة.'],['COMPLETE'],<wandb.sdk.data_types.html.Html object at 0x7fc3dc71aa90>,12.680065265813898,26.030359197246078,"[{'role': 'User', 'content': [{'type': 'text', 'text': 'Translate from Egyptian Arabic into Modern Standard Arabic. Output only the translation, do NOT output anything else before nor after it.\nكرسيك اتنين و تلاتنين ايه، امشي علطول في الممر ده، الكرسي اللي جنب الشباك .\nTranslation:'}]}]",True,,0,0,0,0,0,ar,False,None,None,None
Blobheart:command-r-plus,رائحته جميلة . كم ثمنه ؟,['رائحته جميلة جداً. ما هو ثمنه؟'],['COMPLETE'],<wandb.sdk.data_types.html.Html object at 0x7fc3dc71ad60>,25.211936184349828,55.355838744676674,"[{'role': 'User', 'content': [{'type': 'text', 'text': 'Translate from Egyptian Arabic into Modern Standard Arabic. Output only the translation, do NOT output anything else before nor after it.\nريحته حلوة قوي . تمنه كام؟\nTranslation:'}]}]",True,,0,0,0,0,0,ar,False,None,None,None
Blobheart:command-r-plus,هل يمكن أن ترسل أحدا ؟,['هل يمكنك إرسال واحد؟'],['COMPLETE'],<wandb.sdk.data_types.html.Html object at 0x7fc3dc71a1c0>,5.693025330278465,26.289439610842567,"[{'role': 'User', 'content': [{'type': 'text', 'text': 'Translate from Egyptian Arabic into Modern Standard Arabic. Output only the translation, do NOT output anything else before nor after it.\nممكن تبعت واحد؟\nTranslation:'}]}]",True,,0,0,0,0,0,ar,False,None,None,None
Blobheart:command-r-plus,هل يمكن أن أخذ بعض القهوة ؟,['هل يمكنني الحصول على بعض القهوة؟'],['COMPLETE'],<wandb.sdk.data_types.html.Html object at 0x7fc3dc71afd0>,31.55984539112946,45.41434021454304,"[{'role': 'User', 'content': [{'type': 'text', 'text': 'Translate from Egyptian Arabic into Modern Standard Arabic. Output only the translation, do NOT output anything else before nor after it.\nممكن شويه قهوة؟\nTranslation:'}]}]",True,,0,0,0,0,0,ar,False,None,None,None
Blobheart:command-r-plus,حسناً ، يا سيدي . من فضلك ابق في غرفتك إلى أن يحضر الطبيب .,['حاضر، سيدي. انتظر في غرفتك حتى يأتي الطبيب.'],['COMPLETE'],<wandb.sdk.data_types.html.Html object at 0x7fc3dc71af40>,13.843927738579898,33.16735665304512,"[{'role': 'User', 'content': [{'type': 'text', 'text': 'Translate from Egyptian Arabic into Modern Standard Arabic. Output only the translation, do NOT output anything else before nor after it.\nحاضر، حضرتك . استنى في أوضتك لحد مال دكتور ييجي.\nTranslation:'}]}]",True,,0,0,0,0,0,ar,False,None,None,None
Blobheart:command-r-plus,من فضلك قل له أنني أنتظر مكالمته .,['من فضلك، بلغيه أني في انتظار مكالمته.'],['COMPLETE'],<wandb.sdk.data_types.html.Html object at 0x7fc3dc71a5e0>,21.142141714303076,42.48398148928606,"[{'role': 'User', 'content': [{'type': 'text', 'text': 'Translate from Egyptian Arabic into Modern Standard Arabic. Output only the translation, do NOT output anything else before nor after it.\nمن فضلك بلغة اني في انتظار مكالمته .\nTranslation:'}]}]",True,,0,0,0,0,0,ar,False,None,None,None
Blobheart:command-r-plus,المزيد من المستردة ، من فضلك .,['مسطرة أخرى، من فضلك.'],['COMPLETE'],<wandb.sdk.data_types.html.Html object at 0x7fc3dc71ac10>,9.746997877627233,33.0670070543078,"[{'role': 'User', 'content': [{'type': 'text', 'text': 'Translate from Egyptian Arabic into Modern Standard Arabic. Output only the translation, do NOT output anything else before nor after it.\nمسطرة تاني، من فضلك .\nTranslation:'}]}]",True,,0,0,0,0,0,ar,False,None,None,None
Blobheart:command-r-plus,هل رشحت لي رحلة قصيرة ؟,['هل يمكنك اقتراح رحلة؟'],['COMPLETE'],<wandb.sdk.data_types.html.Html object at 0x7fc3dc71ac40>,10.923299908191149,17.42298374219046,"[{'role': 'User', 'content': [{'type': 'text', 'text': 'Translate from Egyptian Arabic into Modern Standard Arabic. Output only the translation, do NOT output anything else before nor after it.\nممكن ترشح رحلة؟\nTranslation:'}]}]",True,,0,0,0,0,0,ar,False,None,None,None
Blobheart:command-r-plus,كيف أستقلها ؟,['كيف يمكنني الحصول عليه؟'],['COMPLETE'],<wandb.sdk.data_types.html.Html object at 0x7fc3dc71a940>,10.682175159905848,14.084818257324896,"[{'role': 'User', 'content': [{'type': 'text', 'text': 'Translate from Egyptian Arabic into Modern Standard Arabic. Output only the translation, do NOT output anything else before nor after it.\nازاي أقدر أخده؟\nTranslation:'}]}]",True,,0,0,0,0,0,ar,False,None,None,None
Blobheart:command-r-plus,أتساءل عما يمكنني أن أحصل عليه منه ؟,['أفكر ماذا يجب أن أحضر له؟'],['COMPLETE'],<wandb.sdk.data_types.html.Html object at 0x7fc3dc71a400>,6.699007141691558,11.992056644342949,"[{'role': 'User', 'content': [{'type': 'text', 'text': 'Translate from Egyptian Arabic into Modern Standard Arabic. Output only the translation, do NOT output anything else before nor after it.\nبافكر المفروض أجيبله إيه؟\nTranslation:'}]}]",True,,0,0,0,0,0,ar,False,None,None,None
Blobheart:command-r-plus,هل يجب علىّ أن أترك كل أمتعتي في غرفة ترك المعاطف ؟,['هل يجب عليّ أن أترك جميع حقائبي في غرفة الأمانات؟'],['COMPLETE'],<wandb.sdk.data_types.html.Html object at 0x7fc3ece96a30>,17.19815974592926,40.73607452355674,"[{'role': 'User', 'content': [{'type': 'text', 'text': 'Translate from Egyptian Arabic into Modern Standard Arabic. Output only the translation, do NOT output anything else before nor after it.\nمفورض اني اسيب كل شنطي في اوضة الامانات؟\nTranslation:'}]}]",True,,0,0,0,0,0,ar,False,None,None,None
Blobheart:command-r-plus,أنا فقدت أثر بريد مسجّل .,['لم أعد أعرف كيف أتابع مسار البريد.'],['COMPLETE'],<wandb.sdk.data_types.html.Html object at 0x7fc3ece963d0>,3.673526562988939,15.009964951615151,"[{'role': 'User', 'content': [{'type': 'text', 'text': 'Translate from Egyptian Arabic into Modern Standard Arabic. Output only the translation, do NOT output anything else before nor after it.\nانا ما بقيتش عارف اتابع خط سير البريد .\nTranslation:'}]}]",True,,0,0,0,0,0,ar,False,None,None,None
Blobheart:command-r-plus,ليس به صعوبة أو غموض .,['هذا ليس صعباً ولا غامضاً.'],['COMPLETE'],<wandb.sdk.data_types.html.Html object at 0x7fc3ece96d30>,7.495553473355845,15.641863199383035,"[{'role': 'User', 'content': [{'type': 'text', 'text': 'Translate from Egyptian Arabic into Modern Standard Arabic. Output only the translation, do NOT output anything else before nor after it.\nده مفيش حاجة صعبة ولا غامضة.\nTranslation:'}]}]",True,,0,0,0,0,0,ar,False,None,None,None
Blobheart:command-r-plus,نعم ، حجز لمدة ستة أيام من فضلك ، بدء من الثالث والعشرين من يوليو .,['نعم، أرغب في حجز ست ليالٍ، من فضلك. بدءًا من الثالث والعشرين من يوليو.'],['COMPLETE'],<wandb.sdk.data_types.html.Html object at 0x7fc3ece96550>,36.82562976028545,56.68881762683241,"[{'role': 'User', 'content': [{'type': 'text', 'text': 'Translate from Egyptian Arabic into Modern Standard Arabic. Output only the translation, do NOT output anything else before nor after it.\nأيوة. حجز لست ليالي، لو سمحت. من تلاتة وعشرين يوليو.\nTranslation:'}]}]",True,,0,0,0,0,0,ar,False,None,None,None
Blobheart:command-r-plus,"إلى هذا المكان , لو سمحت .",['لهذا المكان، من فضلك.'],['COMPLETE'],<wandb.sdk.data_types.html.Html object at 0x7fc3ece964c0>,6.870636427700047,32.4949930772973,"[{'role': 'User', 'content': [{'type': 'text', 'text': 'Translate from Egyptian Arabic into Modern Standard Arabic. Output only the translation, do NOT output anything else before nor after it.\nللمكان ده، إذا سمحت .\nTranslation:'}]}]",True,,0,0,0,0,0,ar,False,None,None,None
Blobheart:command-r-plus,هل هذه السجائر معتدلة ؟,['هل هذه السجائر خفيفة؟'],['COMPLETE'],<wandb.sdk.data_types.html.Html object at 0x7fc3ece96400>,39.93879176377876,59.8467943239617,"[{'role': 'User', 'content': [{'type': 'text', 'text': 'Translate from Egyptian Arabic into Modern Standard Arabic. Output only the translation, do NOT output anything else before nor after it.\nهي السجاير دي خفيفة؟\nTranslation:'}]}]",True,,0,0,0,0,0,ar,False,None,None,None
Blobheart:command-r-plus,هل يمكن أن تدخل معه فكة صغيرة ؟,['هل يمكنك أن تعطيني بعض العملات المعدنية؟'],['COMPLETE'],<wandb.sdk.data_types.html.Html object at 0x7fc3ece966a0>,4.02724819242185,22.99671856251205,"[{'role': 'User', 'content': [{'type': 'text', 'text': 'Translate from Egyptian Arabic into Modern Standard Arabic. Output only the translation, do NOT output anything else before nor after it.\nممكن تحط شوية فكة؟\nTranslation:'}]}]",True,,0,0,0,0,0,ar,False,None,None,None
Blobheart:command-r-plus,هل تعيش بالقرب من هنا ؟,['هل تعيش بالقرب من هنا؟'],['COMPLETE'],<wandb.sdk.data_types.html.Html object at 0x7fc3ece96fd0>,84.08964152537145,91.52024021352312,"[{'role': 'User', 'content': [{'type': 'text', 'text': 'Translate from Egyptian Arabic into Modern Standard Arabic. Output only the translation, do NOT output anything else before nor after it.\nانت عايش قريب من هنا؟\nTranslation:'}]}]",True,,0,0,0,0,0,ar,False,None,None,None
Blobheart:command-r-plus,أين كتب اللغة الأجنبية ؟,['أين كتب اللغات الأجنبية؟'],['COMPLETE'],<wandb.sdk.data_types.html.Html object at 0x7fc3ece96340>,46.92470064105599,67.07424558467267,"[{'role': 'User', 'content': [{'type': 'text', 'text': 'Translate from Egyptian Arabic into Modern Standard Arabic. Output only the translation, do NOT output anything else before nor after it.\nفين كتب اللغات الأجنبية؟\nTranslation:'}]}]",True,,0,0,0,0,0,ar,False,None,None,None
Blobheart:command-r-plus,هناك محل لبيع الزهور في الطريق .,['في متجر لبيع الورد على الرصيف الثاني من الشارع.'],['COMPLETE'],<wandb.sdk.data_types.html.Html object at 0x7fc3ece96ac0>,8.59076483566362,22.209542570528832,"[{'role': 'User', 'content': [{'type': 'text', 'text': 'Translate from Egyptian Arabic into Modern Standard Arabic. Output only the translation, do NOT output anything else before nor after it.\nفي محل لبيع الورد عالرصيف التاني من الشارع .\nTranslation:'}]}]",True,,0,0,0,0,0,ar,False,None,None,None
Blobheart:command-r-plus,نحن في انتظار حضور أصدقائنا .,['ننتظر أصدقاءنا حتى يأتوا.'],['COMPLETE'],<wandb.sdk.data_types.html.Html object at 0x7fc3ece96370>,3.7477767366779213,22.8012586713638,"[{'role': 'User', 'content': [{'type': 'text', 'text': 'Translate from Egyptian Arabic into Modern Standard Arabic. Output only the translation, do NOT output anything else before nor after it.\nمستنين اصحابنا ييجو .\nTranslation:'}]}]",True,,0,0,0,0,0,ar,False,None,None,None
Blobheart:command-r-plus,أين يمكنني أن أشتري زلاجات وأحذية ؟,['من أين يمكنني استئجار معدات التزلج على الجليد والأحذية؟'],['COMPLETE'],<wandb.sdk.data_types.html.Html object at 0x7fc3ece961c0>,8.961672320242714,35.70221387389431,"[{'role': 'User', 'content': [{'type': 'text', 'text': 'Translate from Egyptian Arabic into Modern Standard Arabic. Output only the translation, do NOT output anything else before nor after it.\nمنين اقدر أاجر عده التزحلق عالجليد والشوز؟\nTranslation:'}]}]",True,,0,0,0,0,0,ar,False,None,None,None
Blobheart:command-r-plus,هل لي أن أرى السيارة ؟,['هل يمكنني رؤية اللغة العربية؟'],['COMPLETE'],<wandb.sdk.data_types.html.Html object at 0x7fc3ece960a0>,4.767707020457095,14.558709798899732,"[{'role': 'User', 'content': [{'type': 'text', 'text': 'Translate from Egyptian Arabic into Modern Standard Arabic. Output only the translation, do NOT output anything else before nor after it.\nممكن اشوف العربية؟\nTranslation:'}]}]",True,,0,0,0,0,0,ar,False,None,None,None
Blobheart:command-r-plus,لم يعد بإمكانك حقيقةً أن تقوم بعمل تصميم دون كمبيوتر بعد الآن .,['لا نستطيع بعد الآن القيام بعمل التصميم دون الحاسوب .'],['COMPLETE'],<wandb.sdk.data_types.html.Html object at 0x7fc3ece965b0>,5.773680157631683,31.01898917461937,"[{'role': 'User', 'content': [{'type': 'text', 'text': 'Translate from Egyptian Arabic into Modern Standard Arabic. Output only the translation, do NOT output anything else before nor after it.\nمانقدرش بعد كده نعمل شغل التصميم من غير الكمبيوتر .\nTranslation:'}]}]",True,,0,0,0,0,0,ar,False,None,None,None
Blobheart:command-r-plus,هل ستذهب إلى المدرسة هنا ؟,['هل أنت ذاهب إلى المدرسة هنا؟'],['COMPLETE'],<wandb.sdk.data_types.html.Html object at 0x7fc3ece96610>,22.089591134157878,65.72012414265073,"[{'role': 'User', 'content': [{'type': 'text', 'text': 'Translate from Egyptian Arabic into Modern Standard Arabic. Output only the translation, do NOT output anything else before nor after it.\nهو إنت رايح المدرسة هنا؟\nTranslation:'}]}]",True,,0,0,0,0,0,ar,False,None,None,None
Blobheart:command-r-plus,سوف ننتظر . من فضلك اتصل بنا عندما تكون مستعداً .,['انتظروا من فضلكم. تحدثوا إلينا عندما تصبحون جاهزين.'],['COMPLETE'],<wandb.sdk.data_types.html.Html object at 0x7fc3ece96f10>,4.814971807094068,30.939618456763956,"[{'role': 'User', 'content': [{'type': 'text', 'text': 'Translate from Egyptian Arabic into Modern Standard Arabic. Output only the translation, do NOT output anything else before nor after it.\nهانستنى. من فضلك كلمنا لما تبقى جاهز.\nTranslation:'}]}]",True,,0,0,0,0,0,ar,False,None,None,None
Blobheart:command-r-plus,عفواً . هل يوجد أي جسر بالقرب من هنا ؟,['عفواً، هل هناك أية جسور قريبة من هنا؟'],['COMPLETE'],<wandb.sdk.data_types.html.Html object at 0x7fc3ece96a90>,19.56475149792291,26.272916805771008,"[{'role': 'User', 'content': [{'type': 'text', 'text': 'Translate from Egyptian Arabic into Modern Standard Arabic. Output only the translation, do NOT output anything else before nor after it.\nلا مؤاخذة، فيه اى جسر قريب من هنا؟\nTranslation:'}]}]",True,,0,0,0,0,0,ar,False,None,None,None
Blobheart:command-r-plus,كم ستستغرق لكي تطلب ؟,['كم من الوقت يستغرق طلب شيء ما؟'],['COMPLETE'],<wandb.sdk.data_types.html.Html object at 0x7fc3ece23a60>,9.287528999566801,22.397121212766002,"[{'role': 'User', 'content': [{'type': 'text', 'text': 'Translate from Egyptian Arabic into Modern Standard Arabic. Output only the translation, do NOT output anything else before nor after it.\nبياخد وقت اد ايه علشان اطلب حاجه؟\nTranslation:'}]}]",True,,0,0,0,0,0,ar,False,None,None,None
Blobheart:command-r-plus,إنني مع أصدقائي .,['أنا مع صديقي.'],['COMPLETE'],<wandb.sdk.data_types.html.Html object at 0x7fc3ece23b20>,8.745825313180626,19.572617246596064,"[{'role': 'User', 'content': [{'type': 'text', 'text': 'Translate from Egyptian Arabic into Modern Standard Arabic. Output only the translation, do NOT output anything else before nor after it.\nانا مع صاحبي .\nTranslation:'}]}]",True,,0,0,0,0,0,ar,False,None,None,None
Blobheart:command-r-plus,أنا على الطريق الرئيسي بجانب خليج موروا .,['أنا على الطريق السريع بجانب خليج مورو.'],['COMPLETE'],<wandb.sdk.data_types.html.Html object at 0x7fc3ece23ca0>,41.211837513230265,68.9887979736076,"[{'role': 'User', 'content': [{'type': 'text', 'text': 'Translate from Egyptian Arabic into Modern Standard Arabic. Output only the translation, do NOT output anything else before nor after it.\nانا عالطريق السريع جنب خليج مورو.\nTranslation:'}]}]",True,,0,0,0,0,0,ar,False,None,None,None
Blobheart:command-r-plus,هل على السيدات ارتداء فستان سهرة ؟,['هل يفترض بالنساء ارتداء فساتين رسمية؟'],['COMPLETE'],<wandb.sdk.data_types.html.Html object at 0x7fc3ece23970>,6.754312828675707,27.915084806126178,"[{'role': 'User', 'content': [{'type': 'text', 'text': 'Translate from Egyptian Arabic into Modern Standard Arabic. Output only the translation, do NOT output anything else before nor after it.\nالمفروض الستات يلبسوا فساتين رسمي؟\nTranslation:'}]}]",True,,0,0,0,0,0,ar,False,None,None,None
Blobheart:command-r-plus,أيشمل ذلك الضريبة ؟,['هل هذا يشمل الضريبة؟'],['COMPLETE'],<wandb.sdk.data_types.html.Html object at 0x7fc3ece23730>,22.089591134157878,39.197242334213755,"[{'role': 'User', 'content': [{'type': 'text', 'text': 'Translate from Egyptian Arabic into Modern Standard Arabic. Output only the translation, do NOT output anything else before nor after it.\nهو ده بيشمل الضريبة؟\nTranslation:'}]}]",True,,0,0,0,0,0,ar,False,None,None,None
Blobheart:command-r-plus,يوجد الكثير من السائحين بالقرب من المبنى ، ويبدو أنهم تجمعوا لإلقاء نظرة على ما يحدث .,['يوجد العديد من السياح حول المبنى، يبدو أنهم متجمعون لمشاهدة ما يحدث.'],['COMPLETE'],<wandb.sdk.data_types.html.Html object at 0x7fc3ecf0b520>,4.175086364947132,35.75961146799595,"[{'role': 'User', 'content': [{'type': 'text', 'text': 'Translate from Egyptian Arabic into Modern Standard Arabic. Output only the translation, do NOT output anything else before nor after it.\nفيه سياح كتار حوالين المبنى، شكلهم متجمعين علشان يشوفو ايه اللي بيحصل .\nTranslation:'}]}]",True,,0,0,0,0,0,ar,False,None,None,None
Blobheart:command-r-plus,"أريد بذلة استحمام مقاس صغير , من فضلك .",['أريد لباس سباحة صغيراً، لو سمحت.'],['COMPLETE'],<wandb.sdk.data_types.html.Html object at 0x7fc3ecf0b2e0>,3.0890553181566975,17.292047159592066,"[{'role': 'User', 'content': [{'type': 'text', 'text': 'Translate from Egyptian Arabic into Modern Standard Arabic. Output only the translation, do NOT output anything else before nor after it.\nعايزه مايوه صغير، لو سمحت .\nTranslation:'}]}]",True,,0,0,0,0,0,ar,False,None,None,None
Blobheart:command-r-plus,أعطني سجائر .,['أعطني سجائر.'],['COMPLETE'],<wandb.sdk.data_types.html.Html object at 0x7fc3ecf0b9a0>,66.87403049764218,100.0,"[{'role': 'User', 'content': [{'type': 'text', 'text': 'Translate from Egyptian Arabic into Modern Standard Arabic. Output only the translation, do NOT output anything else before nor after it.\nإديني سجاير.\nTranslation:'}]}]",True,,0,0,0,0,0,ar,False,None,None,None
Blobheart:command-r-plus,هلا وقفت معي لالتقاط صورة ؟,['هل يمكنك الوقوف معي لالتقاط صورة؟'],['COMPLETE'],<wandb.sdk.data_types.html.Html object at 0x7fc3ecf0bf40>,35.08439695638686,56.191187481054286,"[{'role': 'User', 'content': [{'type': 'text', 'text': 'Translate from Egyptian Arabic into Modern Standard Arabic. Output only the translation, do NOT output anything else before nor after it.\nممكن تقف معايا ناخد صورة؟\nTranslation:'}]}]",True,,0,0,0,0,0,ar,False,None,None,None
Blobheart:command-r-plus,ماذا عن هذه النماذج البلاستيكة ؟,['ما رأيك في هذه النماذج البلاستيكية؟'],['COMPLETE'],<wandb.sdk.data_types.html.Html object at 0x7fc3ecf0b490>,59.5640359271809,58.61483542025788,"[{'role': 'User', 'content': [{'type': 'text', 'text': 'Translate from Egyptian Arabic into Modern Standard Arabic. Output only the translation, do NOT output anything else before nor after it.\nايه رأيك في الموديلات البلاستيك ديه؟\nTranslation:'}]}]",True,,0,0,0,0,0,ar,False,None,None,None
Blobheart:command-r-plus,هل السيدات يقبلن هذا ؟,['هل تقبل السيدات هذا؟'],['COMPLETE'],<wandb.sdk.data_types.html.Html object at 0x7fc3ecf0bf70>,14.31720073264775,44.87562828450605,"[{'role': 'User', 'content': [{'type': 'text', 'text': 'Translate from Egyptian Arabic into Modern Standard Arabic. Output only the translation, do NOT output anything else before nor after it.\nالسيدات بيقبلو ده؟\nTranslation:'}]}]",True,,0,0,0,0,0,ar,False,None,None,None
Blobheart:command-r-plus,انتظر دقيقة . ربما أكون قد تركته في غرفة الاستراحة .,['انتظر دقيقة، ربما تركته في الحمام.'],['COMPLETE'],<wandb.sdk.data_types.html.Html object at 0x7fc3ecf0b2b0>,18.56368809444269,36.78113509606851,"[{'role': 'User', 'content': [{'type': 'text', 'text': 'Translate from Egyptian Arabic into Modern Standard Arabic. Output only the translation, do NOT output anything else before nor after it.\nاستنى دقيقة . ممكن اكون سبته في الحمام .\nTranslation:'}]}]",True,,0,0,0,0,0,ar,False,None,None,None
Blobheart:command-r-plus,نبيذ غير حلو ، من فضلك .,['نبيذ شيري، من فضلك.'],['COMPLETE'],<wandb.sdk.data_types.html.Html object at 0x7fc3ed020a30>,15.619699684601276,48.536524884794616,"[{'role': 'User', 'content': [{'type': 'text', 'text': 'Translate from Egyptian Arabic into Modern Standard Arabic. Output only the translation, do NOT output anything else before nor after it.\nنبيد شيري، إذا سمحت .\nTranslation:'}]}]",True,,0,0,0,0,0,ar,False,None,None,None
Blobheart:command-r-plus,ليس لدى أي شئ لكي أعلنه .,['ليس لديّ شيء لأبلغ عنه.'],['COMPLETE'],<wandb.sdk.data_types.html.Html object at 0x7fc3ed020d90>,4.8734989388136185,23.060153131780243,"[{'role': 'User', 'content': [{'type': 'text', 'text': 'Translate from Egyptian Arabic into Modern Standard Arabic. Output only the translation, do NOT output anything else before nor after it.\nماعنديش حاجة ابلغ عنها .\nTranslation:'}]}]",True,,0,0,0,0,0,ar,False,None,None,None
Blobheart:command-r-plus,عندنا جمبري بصلصة النيوبرج ورجل حمل مشوية .,['لدينا روبيان نوبيرج وكتف خروف مشوي.'],['COMPLETE'],<wandb.sdk.data_types.html.Html object at 0x7fc3ed020e20>,2.299921972415939,13.630575235626772,"[{'role': 'User', 'content': [{'type': 'text', 'text': 'Translate from Egyptian Arabic into Modern Standard Arabic. Output only the translation, do NOT output anything else before nor after it.\nعندنا جمبري نوبرج و فخدة ضاني مشوية.\nTranslation:'}]}]",True,,0,0,0,0,0,ar,False,None,None,None
Blobheart:command-r-plus,تبلغ الميزانية أقل من ألف دولار .,['ميزانيتي أقل من ألف دولار .'],['COMPLETE'],<wandb.sdk.data_types.html.Html object at 0x7fc3ecf28eb0>,35.5310106137518,65.62948404181748,"[{'role': 'User', 'content': [{'type': 'text', 'text': 'Translate from Egyptian Arabic into Modern Standard Arabic. Output only the translation, do NOT output anything else before nor after it.\nميزانيتي أقل من ألف دولار .\nTranslation:'}]}]",True,,0,0,0,0,0,ar,False,None,None,None
Blobheart:command-r-plus,كان هذا مكسوراً بالفعل عندما فتحت الطرد .,['كان مكسوراً أصلاً عندما أتيت لأفتح الطرد.'],['COMPLETE'],<wandb.sdk.data_types.html.Html object at 0x7fc3ecf28850>,19.56475149792291,39.79508803165254,"[{'role': 'User', 'content': [{'type': 'text', 'text': 'Translate from Egyptian Arabic into Modern Standard Arabic. Output only the translation, do NOT output anything else before nor after it.\nهو كان مكسور أصلا لما جيت أفتح الطرد.\nTranslation:'}]}]",True,,0,0,0,0,0,ar,False,None,None,None
Blobheart:command-r-plus,إنه من الصعب لنا أن نتحدث الإنجليزية بطلاقة .,['من الصعب علينا أن نتحدث الإنجليزية بطلاقة.'],['COMPLETE'],<wandb.sdk.data_types.html.Html object at 0x7fc3ecf28820>,67.74546186626391,79.31895313835365,"[{'role': 'User', 'content': [{'type': 'text', 'text': 'Translate from Egyptian Arabic into Modern Standard Arabic. Output only the translation, do NOT output anything else before nor after it.\nصعب علينا نتكلم انجليزي برابانت .\nTranslation:'}]}]",True,,0,0,0,0,0,ar,False,None,None,None
Blobheart:command-r-plus,"لماذا , شكرا جزيلا . هل أستطيع الارتقاء للقمة ؟",['لماذا؟ شكراً جزيلاً لك. أوه، هل يمكنني التحدث إلى الرئيس؟'],['COMPLETE'],<wandb.sdk.data_types.html.Html object at 0x7fc3ecf28760>,5.751391809950023,20.703626005368108,"[{'role': 'User', 'content': [{'type': 'text', 'text': 'Translate from Egyptian Arabic into Modern Standard Arabic. Output only the translation, do NOT output anything else before nor after it.\nليه؟ اشكرك كتير . اوه، ممكن أكلم الريس؟\nTranslation:'}]}]",True,,0,0,0,0,0,ar,False,None,None,None
Blobheart:command-r-plus,أوه ، آسف . كانت هناك مشاكل ونحن نقوم بحلها ، هل تتفضل بالانتظار لمدة ثلاثين دقيقة ؟,['آسف، كانت هناك بعض المشاكل ونحن نقوم بإصلاحها. هل يمكنك الانتظار نصف ساعة؟'],['COMPLETE'],<wandb.sdk.data_types.html.Html object at 0x7fc3ecf286a0>,17.038989823392086,37.87668254849761,"[{'role': 'User', 'content': [{'type': 'text', 'text': 'Translate from Egyptian Arabic into Modern Standard Arabic. Output only the translation, do NOT output anything else before nor after it.\nاوف، انا اسف . كان فيه مشاكل و احنا بنصلحها . ممكن تستنى نص ساعة؟\nTranslation:'}]}]",True,,0,0,0,0,0,ar,False,None,None,None
Blobheart:command-r-plus,أريد فندقاً ارخص .,['أريد فندقاً أرخص.'],['COMPLETE'],<wandb.sdk.data_types.html.Html object at 0x7fc3ecf28250>,54.10822690539397,66.93951881451882,"[{'role': 'User', 'content': [{'type': 'text', 'text': 'Translate from Egyptian Arabic into Modern Standard Arabic. Output only the translation, do NOT output anything else before nor after it.\nعايز فندق أرخص.\nTranslation:'}]}]",True,,0,0,0,0,0,ar,False,None,None,None
Blobheart:command-r-plus,أنا آسف ، هو ليس بالداخل الآن .,['آسف، إنه ليس هنا الآن.'],['COMPLETE'],<wandb.sdk.data_types.html.Html object at 0x7fc3ecf28220>,5.630400552901077,26.951710522271018,"[{'role': 'User', 'content': [{'type': 'text', 'text': 'Translate from Egyptian Arabic into Modern Standard Arabic. Output only the translation, do NOT output anything else before nor after it.\nآسف، هو مش هنا دلوقتي.\nTranslation:'}]}]",True,,0,0,0,0,0,ar,False,None,None,None
Blobheart:command-r-plus,لدينا غرفة مزدوجة بحمام بخمسة و ثمانين دولار .,['هل لديك غرفة بسريرين وحمام مقابل خمسة وعشرين دولارا؟'],['COMPLETE'],<wandb.sdk.data_types.html.Html object at 0x7fc3ecf28d00>,3.21858262703621,26.787274682501028,"[{'role': 'User', 'content': [{'type': 'text', 'text': 'Translate from Egyptian Arabic into Modern Standard Arabic. Output only the translation, do NOT output anything else before nor after it.\nمعاك اوضه بسريرين و حمام مقابل خمسة و عشرين دولار .\nTranslation:'}]}]",True,,0,0,0,0,0,ar,False,None,None,None
Blobheart:command-r-plus,آه ، كلا . من فضلك أسرع . إننا متأخرون .,['يا إلهي، لا. بسرعة من فضلك. نحن متأخرون.'],['COMPLETE'],<wandb.sdk.data_types.html.Html object at 0x7fc3ecf282e0>,12.37607554344012,40.75730820611746,"[{'role': 'User', 'content': [{'type': 'text', 'text': 'Translate from Egyptian Arabic into Modern Standard Arabic. Output only the translation, do NOT output anything else before nor after it.\nياه، لأ. بسرعة لو سمحت. احنا متأخرين.\nTranslation:'}]}]",True,,0,0,0,0,0,ar,False,None,None,None
Blobheart:command-r-plus,وهو كذلك . هل فندق شيراتون قريب من هناك ؟,['نعم، فندق شيراتون قريب من هنا.'],['COMPLETE'],<wandb.sdk.data_types.html.Html object at 0x7fc3ecf28040>,51.908776981193476,58.14080007451419,"[{'role': 'User', 'content': [{'type': 'text', 'text': 'Translate from Egyptian Arabic into Modern Standard Arabic. Output only the translation, do NOT output anything else before nor after it.\nتمام . فندق شيراتون قريب من هنا؟\nTranslation:'}]}]",True,,0,0,0,0,0,ar,False,None,None,None
Blobheart:command-r-plus,هل يجب على أن أجيب بـ نعم أو بـ لا ؟,['هل أنا من يجب أن يقول نعم أم لا؟'],['COMPLETE'],<wandb.sdk.data_types.html.Html object at 0x7fc3ecf28ca0>,4.206027236923763,20.758618182043477,"[{'role': 'User', 'content': [{'type': 'text', 'text': 'Translate from Egyptian Arabic into Modern Standard Arabic. Output only the translation, do NOT output anything else before nor after it.\nهو أنا المفروض أقول أيوة ولا لأ؟\nTranslation:'}]}]",True,,0,0,0,0,0,ar,False,None,None,None
Blobheart:command-r-plus,هذه هي الغرفة اثنا عشر صفر سبعة .,['هذه غرفة اثني عشر صفر سبعة.'],['COMPLETE'],<wandb.sdk.data_types.html.Html object at 0x7fc3ecf282b0>,29.5580130165708,59.427341469284336,"[{'role': 'User', 'content': [{'type': 'text', 'text': 'Translate from Egyptian Arabic into Modern Standard Arabic. Output only the translation, do NOT output anything else before nor after it.\nدي أوضة اتناشر صفر سبعة.\nTranslation:'}]}]",True,,0,0,0,0,0,ar,False,None,None,None
Blobheart:command-r-plus,انتقلنا إلى هذا المنزل منذ عام .,['لقد انتقلنا إلى هذا المنزل منذ عام مضى.'],['COMPLETE'],<wandb.sdk.data_types.html.Html object at 0x7fc3ecf283a0>,61.32297420585347,90.34596553232913,"[{'role': 'User', 'content': [{'type': 'text', 'text': 'Translate from Egyptian Arabic into Modern Standard Arabic. Output only the translation, do NOT output anything else before nor after it.\nاحنا اتنقلنا للبيت ده من سنه فاتت .\nTranslation:'}]}]",True,,0,0,0,0,0,ar,False,None,None,None
Blobheart:command-r-plus,ما الرقم الذي أطلب منه هنا ؟,['ما هو الرقم الذي يجب أن أطلبه من هنا؟'],['COMPLETE'],<wandb.sdk.data_types.html.Html object at 0x7fc3ecf28c10>,13.674406678232565,46.114697122844944,"[{'role': 'User', 'content': [{'type': 'text', 'text': 'Translate from Egyptian Arabic into Modern Standard Arabic. Output only the translation, do NOT output anything else before nor after it.\nإيه الرقم اللي لازم أطلبه من هنا؟\nTranslation:'}]}]",True,,0,0,0,0,0,ar,False,None,None,None
Blobheart:command-r-plus,إجمالي ميزانيتنا حوالي خمسين دولاراًً لثلاثة أشخاص .,['ميزانيتنا حوالي خمسين دولاراً لثلاثة أشخاص.'],['COMPLETE'],<wandb.sdk.data_types.html.Html object at 0x7fc3ecf285e0>,69.58294940315196,78.57658551324303,"[{'role': 'User', 'content': [{'type': 'text', 'text': 'Translate from Egyptian Arabic into Modern Standard Arabic. Output only the translation, do NOT output anything else before nor after it.\nميزانيتنا حوالي خمسن دولار كلها ل تلات اشخاص .\nTranslation:'}]}]",True,,0,0,0,0,0,ar,False,None,None,None
Blobheart:command-r-plus,أريد غرفة أخرى .,['أريد غرفة مختلفة.'],['COMPLETE'],<wandb.sdk.data_types.html.Html object at 0x7fc3ecf287f0>,21.3643503198117,52.35451222217738,"[{'role': 'User', 'content': [{'type': 'text', 'text': 'Translate from Egyptian Arabic into Modern Standard Arabic. Output only the translation, do NOT output anything else before nor after it.\nعايز أوضة مختلفة.\nTranslation:'}]}]",True,,0,0,0,0,0,ar,False,None,None,None
Blobheart:command-r-plus,هل يمكن أن تخبرين باسم ورقم الطرف الذي تريد الاتصال به ؟,['هل يمكنني معرفة اسم ورقم الشخص الذي سأتحدث معه؟'],['COMPLETE'],<wandb.sdk.data_types.html.Html object at 0x7fc3ecf28f40>,5.309851272691557,28.46804267737115,"[{'role': 'User', 'content': [{'type': 'text', 'text': 'Translate from Egyptian Arabic into Modern Standard Arabic. Output only the translation, do NOT output anything else before nor after it.\nممكن أعرف أسم و رقم الشخص اللي هتكلمه؟\nTranslation:'}]}]",True,,0,0,0,0,0,ar,False,None,None,None
Blobheart:command-r-plus,لنستخدم كيس بارد لتخفيف الألم .,['دعنا نضع كمادات باردة لتخفيف الألم.'],['COMPLETE'],<wandb.sdk.data_types.html.Html object at 0x7fc3ed198430>,34.79159475128448,47.13528898417113,"[{'role': 'User', 'content': [{'type': 'text', 'text': 'Translate from Egyptian Arabic into Modern Standard Arabic. Output only the translation, do NOT output anything else before nor after it.\nخلينا نعمل كمادات باردة علشان نخفف الالم .\nTranslation:'}]}]",True,,0,0,0,0,0,ar,False,None,None,None
Blobheart:command-r-plus,هاك جواز سفري .,['هذا جواز سفري.'],['COMPLETE'],<wandb.sdk.data_types.html.Html object at 0x7fc3ed198280>,32.555630133216134,70.29626623376623,"[{'role': 'User', 'content': [{'type': 'text', 'text': 'Translate from Egyptian Arabic into Modern Standard Arabic. Output only the translation, do NOT output anything else before nor after it.\nاهوه باسبوري .\nTranslation:'}]}]",True,,0,0,0,0,0,ar,False,None,None,None
Blobheart:command-r-plus,لا زالت غالية جدا . هل من الممكن أن آخذها بثلاثة دولارات ؟,['ما زالت غالية. هل يمكنني أخذها بثلاثة دولارات؟'],['COMPLETE'],<wandb.sdk.data_types.html.Html object at 0x7fc3ed1985b0>,40.08565305996452,52.44322264973429,"[{'role': 'User', 'content': [{'type': 'text', 'text': 'Translate from Egyptian Arabic into Modern Standard Arabic. Output only the translation, do NOT output anything else before nor after it.\nلسه غالية برده. مينفعش آخدها بتلاتة دولار؟\nTranslation:'}]}]",True,,0,0,0,0,0,ar,False,None,None,None
Blobheart:command-r-plus,اعتقد أن هناك خطأ في الفاتورة .,['أعتقد أن هناك خطأ في الفاتورة.'],['COMPLETE'],<wandb.sdk.data_types.html.Html object at 0x7fc3ed198160>,72.59795291154772,92.77822087332956,"[{'role': 'User', 'content': [{'type': 'text', 'text': 'Translate from Egyptian Arabic into Modern Standard Arabic. Output only the translation, do NOT output anything else before nor after it.\nمتهيألي في غلطة في الفاتورة.\nTranslation:'}]}]",True,,0,0,0,0,0,ar,False,None,None,None
Blobheart:command-r-plus,نعم ، لكن ليس قويا جدا .,['نعم، ولكن لا يجب أن يكون صلباً جداً.'],['COMPLETE'],<wandb.sdk.data_types.html.Html object at 0x7fc3ed198340>,3.737437943747671,21.707353294149733,"[{'role': 'User', 'content': [{'type': 'text', 'text': 'Translate from Egyptian Arabic into Modern Standard Arabic. Output only the translation, do NOT output anything else before nor after it.\nأيوة، بس ما يكونش جامد جدا .\nTranslation:'}]}]",True,,0,0,0,0,0,ar,False,None,None,None
Blobheart:command-r-plus,كود المنطقة هو ثلاثة . ورقم الهاتف هو اثنان ثلاثة أربعة ثلاثة أربعة صفر صفر .,['كود المنطقة ثلاثة. رقم الهاتف اثنان ثلاثة أربعة ثلاثة أربعة صفر صفر.'],['COMPLETE'],<wandb.sdk.data_types.html.Html object at 0x7fc3ed198c10>,53.74649369872052,78.17930201332308,"[{'role': 'User', 'content': [{'type': 'text', 'text': 'Translate from Egyptian Arabic into Modern Standard Arabic. Output only the translation, do NOT output anything else before nor after it.\nكود المنطقة تلاته . رقم التليفون اتنين تلاته اربعة تلاته اربعه صفرين .\nTranslation:'}]}]",True,,0,0,0,0,0,ar,False,None,None,None
Blobheart:command-r-plus,أريد غرفة مفردة بحمام لقاء ثمانين دولارا ، من فضلك .,['أريد غرفة مفردة مع حمام خاص مقابل ثمانين دولاراً، من فضلك.'],['COMPLETE'],<wandb.sdk.data_types.html.Html object at 0x7fc3ed198b50>,38.63958857674754,63.81235318164193,"[{'role': 'User', 'content': [{'type': 'text', 'text': 'Translate from Egyptian Arabic into Modern Standard Arabic. Output only the translation, do NOT output anything else before nor after it.\nعايز أوضة سنجل بحمام بتمانين دولار، من فضلك.\nTranslation:'}]}]",True,,0,0,0,0,0,ar,False,None,None,None
Blobheart:command-r-plus,"متى يجري عرض فيلم "" رجل المحطة الأخيرة "" ؟","['متى سيعرض فيلم ""ذا تيرمينال مان""؟']",['COMPLETE'],<wandb.sdk.data_types.html.Html object at 0x7fc3ed198100>,6.8962421077164695,29.770703582657866,"[{'role': 'User', 'content': [{'type': 'text', 'text': 'Translate from Egyptian Arabic into Modern Standard Arabic. Output only the translation, do NOT output anything else before nor after it.\nإمتى هايتعرض ترمينال مان؟\nTranslation:'}]}]",True,,0,0,0,0,0,ar,False,None,None,None
Blobheart:command-r-plus,من فضلك ادخل رقم هويتك الشخصية .,['من فضلك أدخل رقمك السري.'],['COMPLETE'],<wandb.sdk.data_types.html.Html object at 0x7fc3ed198130>,12.067008283523638,34.595754426263696,"[{'role': 'User', 'content': [{'type': 'text', 'text': 'Translate from Egyptian Arabic into Modern Standard Arabic. Output only the translation, do NOT output anything else before nor after it.\nلو سمحت دخل رقمك السري .\nTranslation:'}]}]",True,,0,0,0,0,0,ar,False,None,None,None
Blobheart:command-r-plus,هل لك أن تزن هذا الطرد ؟,['هل يمكنك أن تزن هذا الطرد من فضلك؟'],['COMPLETE'],<wandb.sdk.data_types.html.Html object at 0x7fc3ed198370>,47.987820666906615,68.43324738796683,"[{'role': 'User', 'content': [{'type': 'text', 'text': 'Translate from Egyptian Arabic into Modern Standard Arabic. Output only the translation, do NOT output anything else before nor after it.\nممكن توزنلى الطرد ده؟\nTranslation:'}]}]",True,,0,0,0,0,0,ar,False,None,None,None
Blobheart:command-r-plus,هاك عشرين دولارا واعطني فكة دولارين من فضلك .,['خذ عشرين وأعد لي دولارين الباقيين، من فضلك.'],['COMPLETE'],<wandb.sdk.data_types.html.Html object at 0x7fc3ed198ac0>,8.516412540808123,37.43597540502748,"[{'role': 'User', 'content': [{'type': 'text', 'text': 'Translate from Egyptian Arabic into Modern Standard Arabic. Output only the translation, do NOT output anything else before nor after it.\nخد عشرين و رجعلي باقي دولارين، من فضلك.\nTranslation:'}]}]",True,,0,0,0,0,0,ar,False,None,None,None
Blobheart:command-r-plus,رقم مقعدي دي اثنا عشر . أين هو ؟,['رقم الكرسي اثنا عشر. أين هو؟'],['COMPLETE'],<wandb.sdk.data_types.html.Html object at 0x7fc3ed1982e0>,16.76478605134306,59.330557019242725,"[{'role': 'User', 'content': [{'type': 'text', 'text': 'Translate from Egyptian Arabic into Modern Standard Arabic. Output only the translation, do NOT output anything else before nor after it.\nرقم كرسيا دي اتناشر. هو فين؟\nTranslation:'}]}]",True,,0,0,0,0,0,ar,False,None,None,None
Blobheart:command-r-plus,في أي محطة سأنزل للذهاب إلى مبنى إمباير ستيت ؟,['أي محطة يجب أن أنزل فيها للذهاب إلى مبنى إمباير ستيت؟'],['COMPLETE'],<wandb.sdk.data_types.html.Html object at 0x7fc3ed198f40>,61.53267326643311,69.44503861051247,"[{'role': 'User', 'content': [{'type': 'text', 'text': 'Translate from Egyptian Arabic into Modern Standard Arabic. Output only the translation, do NOT output anything else before nor after it.\nحأنزل في أى محطة علشان أروح أمباير ستيت بيلدينج ؟\nTranslation:'}]}]",True,,0,0,0,0,0,ar,False,None,None,None
Blobheart:command-r-plus,واحد لنيويورك ، من فضلك .,['تذكرة إلى نيويورك من فضلك.'],['COMPLETE'],<wandb.sdk.data_types.html.Html object at 0x7fc3ecda2f70>,12.22307556087252,48.550501772970705,"[{'role': 'User', 'content': [{'type': 'text', 'text': 'Translate from Egyptian Arabic into Modern Standard Arabic. Output only the translation, do NOT output anything else before nor after it.\nتذكرة لنيويورك من فضلك .\nTranslation:'}]}]",True,,0,0,0,0,0,ar,False,None,None,None
Blobheart:command-r-plus,أسف ، هذا المكان محجوز بالفعل .,['آسف، هذا المكان محجوز.'],['COMPLETE'],<wandb.sdk.data_types.html.Html object at 0x7fc3ecda2eb0>,40.26190971287384,63.47620722699519,"[{'role': 'User', 'content': [{'type': 'text', 'text': 'Translate from Egyptian Arabic into Modern Standard Arabic. Output only the translation, do NOT output anything else before nor after it.\nاسف، المكان ده متاخد.\nTranslation:'}]}]",True,,0,0,0,0,0,ar,False,None,None,None
Blobheart:command-r-plus,هيه ، هذا فستان جميل حقا .,['كيف حالكِ؟ هذا حقًا فستان جميل.'],['COMPLETE'],<wandb.sdk.data_types.html.Html object at 0x7fc3ecda29d0>,12.35622127262679,45.67710176204545,"[{'role': 'User', 'content': [{'type': 'text', 'text': 'Translate from Egyptian Arabic into Modern Standard Arabic. Output only the translation, do NOT output anything else before nor after it.\nازيك، ده حقيقي فستان جميل.\nTranslation:'}]}]",True,,0,0,0,0,0,ar,False,None,None,None
Blobheart:command-r-plus,معذرةً . هل لي بأن انتهي من هذا الأمر ؟,['عفواً. هل تسمح لي بالمرور؟'],['COMPLETE'],<wandb.sdk.data_types.html.Html object at 0x7fc3ecda29a0>,4.065425428798724,18.668379906698643,"[{'role': 'User', 'content': [{'type': 'text', 'text': 'Translate from Egyptian Arabic into Modern Standard Arabic. Output only the translation, do NOT output anything else before nor after it.\nلا مؤاخذة . تسمحلي اعدي؟\nTranslation:'}]}]",True,,0,0,0,0,0,ar,False,None,None,None
Blobheart:command-r-plus,عندئذ ، ستأتي إلى شارع تسوق . إذا سلكت الشارع ستصل إلى المحطة .,['بعد ذلك، ستصلين إلى شارع التسوق. إذا مشيت في الشارع ستصلين إلى المحطة.'],['COMPLETE'],<wandb.sdk.data_types.html.Html object at 0x7fc3ecda28e0>,22.708184547335367,52.36846716441491,"[{'role': 'User', 'content': [{'type': 'text', 'text': 'Translate from Egyptian Arabic into Modern Standard Arabic. Output only the translation, do NOT output anything else before nor after it.\nبعدين، حتيجي عند شارع التسوق. لو مشيت في الشارع حتوصل للمحطة.\nTranslation:'}]}]",True,,0,0,0,0,0,ar,False,None,None,None
Blobheart:command-r-plus,فاتتني محطتي .,['لقد فاتني المكان الذي كان من المفترض أن أنزل فيه.'],['COMPLETE'],<wandb.sdk.data_types.html.Html object at 0x7fc3ecda2250>,3.377156414337854,13.732120193180522,"[{'role': 'User', 'content': [{'type': 'text', 'text': 'Translate from Egyptian Arabic into Modern Standard Arabic. Output only the translation, do NOT output anything else before nor after it.\nانا فوتت المكان اللي مفروض انزل فيه .\nTranslation:'}]}]",True,,0,0,0,0,0,ar,False,None,None,None
Blobheart:command-r-plus,أجل أريد شيئاً أقرؤه .,['آه، أريد شيئًا أقرؤه.'],['COMPLETE'],<wandb.sdk.data_types.html.Html object at 0x7fc3ecda2220>,25.965358893403383,49.343386393018754,"[{'role': 'User', 'content': [{'type': 'text', 'text': 'Translate from Egyptian Arabic into Modern Standard Arabic. Output only the translation, do NOT output anything else before nor after it.\nآه، عايز حاجة اقراها.\nTranslation:'}]}]",True,,0,0,0,0,0,ar,False,None,None,None
Blobheart:command-r-plus,أي فيلم توصي به ؟,['هل تشرحين لي أي فيلم أشاهده؟'],['COMPLETE'],<wandb.sdk.data_types.html.Html object at 0x7fc3ecda2160>,7.495553473355842,32.230560290539586,"[{'role': 'User', 'content': [{'type': 'text', 'text': 'Translate from Egyptian Arabic into Modern Standard Arabic. Output only the translation, do NOT output anything else before nor after it.\nبتشرحلي اى فيلم اتفرج عليه؟\nTranslation:'}]}]",True,,0,0,0,0,0,ar,False,None,None,None
Blobheart:command-r-plus,أريد هدية بمناسبة الذكرى السنوية .,['أحتاج إلى هدية للذكرى السنوية.'],['COMPLETE'],<wandb.sdk.data_types.html.Html object at 0x7fc3ecda2e50>,21.241494252828044,44.42392334592415,"[{'role': 'User', 'content': [{'type': 'text', 'text': 'Translate from Egyptian Arabic into Modern Standard Arabic. Output only the translation, do NOT output anything else before nor after it.\nمحتاج هدية لذكرة سنوية .\nTranslation:'}]}]",True,,0,0,0,0,0,ar,False,None,None,None
Blobheart:command-r-plus,هل هناك فرقة موسيقية أم دي جي ؟,['هل هناك فرقة موسيقية حية أو دي جي؟'],['COMPLETE'],<wandb.sdk.data_types.html.Html object at 0x7fc3ecda2d30>,52.055103630534376,71.92767540769638,"[{'role': 'User', 'content': [{'type': 'text', 'text': 'Translate from Egyptian Arabic into Modern Standard Arabic. Output only the translation, do NOT output anything else before nor after it.\nفيه فرقة موسيقية لايف أو ديجيه؟\nTranslation:'}]}]",True,,0,0,0,0,0,ar,False,None,None,None
Blobheart:command-r-plus,أود بعض البيجامات .,['أريدُ بِضعَ بَناطيلَ للنوم.'],['COMPLETE'],<wandb.sdk.data_types.html.Html object at 0x7fc3ecda2f40>,0.0,11.513157894736842,"[{'role': 'User', 'content': [{'type': 'text', 'text': 'Translate from Egyptian Arabic into Modern Standard Arabic. Output only the translation, do NOT output anything else before nor after it.\nعاوز شوية بيجامات.\nTranslation:'}]}]",True,,0,0,0,0,0,ar,False,None,None,None
Blobheart:command-r-plus,الجو ابرد من المعتاد هذا العام ، لكنه ليس باردا بما يكفى لتساقط الثلج .,['الطقس أبرد من المعتاد هذه الأيام، ولكن ليس بارداً بما يكفي لتكوين الجليد.'],['COMPLETE'],<wandb.sdk.data_types.html.Html object at 0x7fc3ecda24f0>,18.816393642137236,40.16822039457909,"[{'role': 'User', 'content': [{'type': 'text', 'text': 'Translate from Egyptian Arabic into Modern Standard Arabic. Output only the translation, do NOT output anything else before nor after it.\nالجو اسقع عن المعتاد السته ديه، بس مش سقعة كفاية علشان يعمل تلج .\nTranslation:'}]}]",True,,0,0,0,0,0,ar,False,None,None,None
Blobheart:command-r-plus,هل يمكن أن أرجع ظهر مقعدي إلى الخلف ، من فضلك .,['هل يمكنني إرجاع الكرسي إلى الخلف، من فضلك؟'],['COMPLETE'],<wandb.sdk.data_types.html.Html object at 0x7fc3ecda2ac0>,12.044026117975157,43.514103974624476,"[{'role': 'User', 'content': [{'type': 'text', 'text': 'Translate from Egyptian Arabic into Modern Standard Arabic. Output only the translation, do NOT output anything else before nor after it.\nممكن أرجع الكرسي لورا، إذا سمحت؟\nTranslation:'}]}]",True,,0,0,0,0,0,ar,False,None,None,None
Blobheart:command-r-plus,إنه صحيح هنا .,['هو هنا'],['COMPLETE'],<wandb.sdk.data_types.html.Html object at 0x7fc3ecda2700>,0.0,14.898783777942215,"[{'role': 'User', 'content': [{'type': 'text', 'text': 'Translate from Egyptian Arabic into Modern Standard Arabic. Output only the translation, do NOT output anything else before nor after it.\nاهو هنا .\nTranslation:'}]}]",True,,0,0,0,0,0,ar,False,None,None,None
Blobheart:command-r-plus,اسمي ميتشكو تاناكا ، ورقم الرحلة إلى طوكيو هو خمسة ، صفر ، واحد .,['اسمي ميتشيكو تاناكا، ورقم رحلتي إلى طوكيو هو 501.'],['COMPLETE'],<wandb.sdk.data_types.html.Html object at 0x7fc3ecda2a00>,31.549262911799804,46.767202329709264,"[{'role': 'User', 'content': [{'type': 'text', 'text': 'Translate from Egyptian Arabic into Modern Standard Arabic. Output only the translation, do NOT output anything else before nor after it.\nاسمي ميتشيكو تاناكا، ورقم الرحلة خمسة صفر واحد لطوكيو.\nTranslation:'}]}]",True,,0,0,0,0,0,ar,False,None,None,None
Blobheart:command-r-plus,الملابس الطويلة هي الموضة الآن .,['اللباس الطويل هو الموضة الآن .'],['COMPLETE'],<wandb.sdk.data_types.html.Html object at 0x7fc3ecda2e80>,41.11336169005198,54.469223260484355,"[{'role': 'User', 'content': [{'type': 'text', 'text': 'Translate from Egyptian Arabic into Modern Standard Arabic. Output only the translation, do NOT output anything else before nor after it.\nاللبس الطويل هو الموضه دلوقتي .\nTranslation:'}]}]",True,,0,0,0,0,0,ar,False,None,None,None
Blobheart:command-r-plus,بالتأكيد سوف ترسلهم ، أليس كذلك ؟,['أنت بالتأكيد ستبعث لهم، أليس كذلك؟'],['COMPLETE'],<wandb.sdk.data_types.html.Html object at 0x7fc3ecda2ee0>,9.287528999566801,54.89995388481027,"[{'role': 'User', 'content': [{'type': 'text', 'text': 'Translate from Egyptian Arabic into Modern Standard Arabic. Output only the translation, do NOT output anything else before nor after it.\nانت اكيد حتبعتهم، مش كده؟\nTranslation:'}]}]",True,,0,0,0,0,0,ar,False,None,None,None
Blobheart:command-r-plus,لا أعرف كثيراً عن النبيذ ؟ ماذا يناسب هذا الطبق ؟,['أنا لا أعرف الكثير عن النبيذ. ما هو النوع الجيد المناسب لهذا الطبق؟'],['COMPLETE'],<wandb.sdk.data_types.html.Html object at 0x7fc3ed2ae7f0>,15.821285888349262,43.45792925038498,"[{'role': 'User', 'content': [{'type': 'text', 'text': 'Translate from Egyptian Arabic into Modern Standard Arabic. Output only the translation, do NOT output anything else before nor after it.\nانا مش عارف قوي عن النبيد . ايه النوع الكويس للطبق ده؟\nTranslation:'}]}]",True,,0,0,0,0,0,ar,False,None,None,None
Blobheart:command-r-plus,ملابسه دائماً موضة قديمة .,['ملابسه لا علاقة لها بالموضة.'],['COMPLETE'],<wandb.sdk.data_types.html.Html object at 0x7fc3ed2aee50>,16.784459625186194,26.77165879862101,"[{'role': 'User', 'content': [{'type': 'text', 'text': 'Translate from Egyptian Arabic into Modern Standard Arabic. Output only the translation, do NOT output anything else before nor after it.\nهدومة مالهاش علاقة بالموضه .\nTranslation:'}]}]",True,,0,0,0,0,0,ar,False,None,None,None
