acc,prob,macro_prob,dialectness,score,macro_score,_raw_turns,desired_output_dialect,generations
1,0.019137321040034294,0.0998656116425991,0.3660218119621277,0.007004676923174302,0.03655299212613028,"[{'role': 'User', 'content': [{'type': 'text', 'text': 'رد على نفس النسق: ""ولو غبتي لحظة من قبالي""'}]}]",syr,"['""ولو بعدتي عني ثانية""']"
1,0.2421666979789734,0.7292124330997467,0.36757537722587585,0.08901451536116589,0.26804053517443815,"[{'role': 'User', 'content': [{'type': 'text', 'text': 'رجاع صيغ ""كل البشر خلقان من ادم وحوا"" بطريقتك وخلي المعنى العام متل ما هو'}]}]",syr,['كلنا بنى آدمين.. أصلنا واحد من آدم وحواء، نَسج واحد، ما في فرق.']
1,0.05993800237774849,0.39356837421655655,0.2828671932220459,0.01695449449993003,0.11132758135560117,"[{'role': 'User', 'content': [{'type': 'text', 'text': '""بدي تحبيني وتموتي فيني"" اكتوب قصة بتبلش بهالسطر'}]}]",syr,"['كانت كلمات ""بدي تحبيني وتموتي فيني"" صدىً يتردد في أذنيها، لم تستطع نسيانها. كانت تلك الكلمات مثل السهم الذي اخترق قلبها، وترك فيه أثرًا لا يمحى. لقد وقعت في الحب من النظرة الأولى، عندما رأت عينيه اللامعتين، وابتسامته التي كشفت عن أسنان بيضاء ناصعة. لم تكن']"
1,0.002472185529768467,0.008971007191576064,0.0,0.0,0.0,"[{'role': 'User', 'content': [{'type': 'text', 'text': 'رد على النسق يلي ببلش هيك: ""كيف بقدر شوفا حدي""'}]}]",syr,['أهلا بك، يمكنك مشاهدة حديقتك بطريقة سهلة وممتعة!\n\nهناك عدة طرق لاستمتاع برؤية حديقتك وتجميلها، إليك بعض الاقتراحات التي قد help you out:\n\n1. اجلس في الحديقة واسترخِ: ضع كرسيًا مريحًا في مكان هادئ من الحديقة، واستمتع بمنظر الطبيعة حولك. يمكن']
1,0.00688358535990119,0.08668222976848483,0.0,0.0,0.0,"[{'role': 'User', 'content': [{'type': 'text', 'text': 'كمل هالقسم بقصة: ""مر الشتي والصيفية وبعده عم يعذب فيي""'}]}]",syr,['كان محمد غارقا في أفكاره الحزينة، ينظر من نافذة غرفته المطلّة على الشارع المزدحم. لقد مرت الأشهر الباردة والدافئة، وما زال يعاني من نفس المشكلة التي تؤرقه منذ عامٍ كامل. فبعد أن أنهى دراسته الجامعية، لم يجد الوظيفة المناسبة التي تُحقق طموحه وتُساعده في إطلاق العنان']
1,0.01240161620080471,0.1817986248061061,0.0,0.0,0.0,"[{'role': 'User', 'content': [{'type': 'text', 'text': '""آآآآآآآآه .. آآآآه"" شو الآثار يلي بتترتب على هالشي, إذا حدا حكالك هيك؟'}]}]",syr,"['قد يكون من الصعب تحديد الآثار المحددة الناتجة عن شخص ما يقول ""آه .. آه"" دون سياق إضافي أو معرفة بالعلاقة مع المتحدث أو الحالة التي قيلت فيها هذه العبارة. ومع ذلك، يمكننا افتراض بعض التأثيرات المحتملة بناءً على السيناريوهات الشائعة.\n\n- إذا كان شخص غريب يقول ""آه .. آه"" بطريقة تبدو عشوائية أو']"
1,0.018548959866166115,0.14695949293673038,0.5481946468353271,0.01016844050299559,0.08056240732954967,"[{'role': 'User', 'content': [{'type': 'text', 'text': 'رجاع كتوب هلجملة بطريقة تناسب العوام أكتر: ""امحي فيهن أيّ حزن تاني""'}]}]",syr,['امسحوا كل حزن تاني من على وجوهكم.']
1,0.052172545343637466,0.12385374307632446,0.10602080821990967,0.005531375424222329,0.01313107394201296,"[{'role': 'User', 'content': [{'type': 'text', 'text': 'رجاع صيغ ""اجرحلي قلبي ولا تداوية امشي على جرحي ولا تدارية"" بطريقتك وخلي المعنى العام متل ما هو'}]}]",syr,['إجرح قلبي ولا تُعالجه، امشِ فوق جراحي ولا تحاول تنظيفها، اتركها كما هي.']
1,0.03401422128081322,0.06691656308248639,0.840217113494873,0.028579330822340765,0.0562244414781643,"[{'role': 'User', 'content': [{'type': 'text', 'text': 'رجاع كتوب ""ما تخلي حبه يمحيكي لازم تنسيه"" بطريقة تناسب العوام أكتر'}]}]",syr,['ما تخلّي حبّك لشخص يمحيك من الوجود، لازم تنسيه وتصفي قلبك، ما ينفع تعيش حياتك وقلبك مع شخص ما عاد يدري عنك.']
1,0.0920124500989914,0.9707531086169183,0.16890044510364532,0.0155409437767966,0.16396063213114487,"[{'role': 'User', 'content': [{'type': 'text', 'text': 'رد بطريقة إبداعية بيتضمن هالجملة كعنصر أساسي: ""أصلي وما في متله لك كل شي بيلبقله""'}]}]",syr,['يا منفرداً بصفاتك، يا من لا مثيل لك،\n\nأصلي، وما في متله، لك كل شي بيلبقله،\n\nكأنك الشمس بين الكواكب، ساطعاً في سماء الإبداع،\n\nأو كنوتة موسيقية، تعزف لحناً فريداً، يطرب له الكون،\n\nأو لوحة فنية، رسمها فنان مبدع، خط كل']
1,0.035262081772089005,0.08605411183089018,0.005022305995225906,0.00017709696468810876,0.00043219008176212034,"[{'role': 'User', 'content': [{'type': 'text', 'text': 'رد على نفس النسق: ""أنتي ملاك هربان من الجنة من جوا""'}]}]",syr,"['""ملاك"" كلمة حقا رقيقة، لكني لست ملاكا، بل إنسانة من لحم ودم، قد أخطئ وأصيب، لكني دائما ما أسعى لأن أكون أفضل. شكرا لك على كلماتك الرقيقة.']"
1,0.021095987409353256,0.10623512975871563,0.0,0.0,0.0,"[{'role': 'User', 'content': [{'type': 'text', 'text': 'شو الآثار يلي بتترتب على هالشي, إذا حدا حكالك هيك؟: ""لـبـعـتلك رســالـة يـالـي سـكـنتي iiبـالـي عـــن حــالـي لـكـتـبها وابـعـتها iiلـحـالي""'}]}]",syr,['قد تكون الآثار المترتبة على ذلك اعتماداً على العلاقة بين الشخص الذي تُوجه له الرسالة والشخص المرسل. إذا كانت العلاقة وثيقة وعاطفية، مثل العلاقة بين الحبيبين أو العلاقة العائلية الوثيقة، فقد يشير ذلك إلى مستوى عالٍ من القلق أو الغيرة أو حتى عدم الثقة. قد يسبب ذلك شعوراً بالضغط النفسي لدى الطرف المتلقي، خاصة إذا كان']
1,0.01741965487599373,0.07297700550407171,0.0,0.0,0.0,"[{'role': 'User', 'content': [{'type': 'text', 'text': 'بدي تكتبلي سؤال امتحان متوقع بشكل مقالة حسب هالجملة: ""مفارقني وغيابك عني طلوع الروح""'}]}]",syr,"['سؤال الامتحان المتوقع:\nاكتب مقالاً حول الغياب وآثاره على النفس البشرية، مستشهداً ببيت الشعر ""مفارقني وغيابك عني طلوع الروح"". تحدث عن الشعور بالفراغ والوحدة الذي يصيب الإنسان في غياب أحبائه، وكيف يمكن لهذا الغياب أن يؤثر على حياته اليومية وعاطفته وسلوكياته. ثم']"
1,0.06405777484178543,0.2529505603015423,0.34383267164230347,0.022025155863312218,0.08697266694189687,"[{'role': 'User', 'content': [{'type': 'text', 'text': 'كمل هالقسم بقصة: ""وتعا حبك تعا عم قلك تعا""'}]}]",syr,"['""وتعال حبك تعال.. عم قلك تعال"".. هكذا همست رنا وهي تنظر إلى هاتفها المحمول بلهفة، منتظرة رد حبيبها عمرو على رسالتها. كانت تعلم أنه مشغول اليوم في عمله، لكنها لم تستطع منع نفسها من التفكير فيه وإرسال رسالة له.\n\nرنا وعمرو.. قصة حب بدأت منذ الطفولة،']"
1,0.007013184018433094,0.06907345820218325,0.0,0.0,0.0,"[{'role': 'User', 'content': [{'type': 'text', 'text': 'اكتوب قصة بتبلش بهالسطر: ""ولو ضدي العالم كله عنك لا ما بتخلا""'}]}]",syr,"['كانت ""سارة"" فتاةً شجاعةً وقوية الإرادة، ذات شخصيةٍ لا تقبل الهزيمة أو الاستسلام. أحبّت ""أحمد"" حباً جما، ولمّا علم أهلها بأمر حبّها رفضوه في البداية بسبب اختلاف البيئات والظروف، لكنّها قرّرت أن تتزوّجه مهما كلّفها الأمر. كانت دائماً تقول له: ""ولو ضدي']"
1,0.01033277902752161,0.07143327593803406,0.0,0.0,0.0,"[{'role': 'User', 'content': [{'type': 'text', 'text': 'شو الآثار يلي بتترتب على هالشي, إذا حدا حكالك هيك؟: ""حتى الشمس بنهار خجلانة بوجودك""'}]}]",syr,['هذه العبارة الرومانسية الجميلة يمكن أن يكون لها آثار سحرية على الشخص الذي تُقال له. فمن المحتمل أن يشعر بالبهجة والاعتزاز لأن شخصا ما يقدره إلى درجة formality وشعوره بالخجل في وجوده. قد يسبب ذلك زيادة في الثقة بالنفس والشعور بالسعادة والرضا.  بالإضافة إلى ذلك، يمكن أن تؤدي هذه الكلمات الرقيقة إلى تقوية العلاقة بين الشخص']
1,0.06389264762401581,0.12229316681623459,0.0,0.0,0.0,"[{'role': 'User', 'content': [{'type': 'text', 'text': 'رجاع صيغ هاد بطريقتك وخلي المعنى العام متل ما هو: ""حتى يطلع فجر جديد وبستناه""'}]}]",syr,['بإنتظار بزوغ فجرٍ جديدٍ، فجرٌ يبشر بالأمل، يحمل في طياته وعداً بالتغيير، وعداً بيومٍ مشرقٍ مُختلف.']
1,0.004821266047656536,0.05560033395886421,0.0016874708235263824,8.135745787878762e-06,9.382394133390648e-05,"[{'role': 'User', 'content': [{'type': 'text', 'text': '""كل البشر من طين إلا أنتي من سكر"" اكتوب قصة بتبلش بهالسطر'}]}]",syr,"['في مكانٍ ما من هذه الدنيا، كانت هناك فتاةً استثنائية تدعى ""سكر"". كانت سكر مختلفةً عن أي شخصٍ آخر قابلته من قبل، فهي لطيفةٌ كفايةً لتجعل الجميع يشعرون بالدفء والحنان، وسحرها الخاص يجذب انتباه كل من حولها. كانت كشعاعٍ من الضوء في غرفةٍ مظلمة، تجعل كل من يلتقي بها يشعر']"
1,0.36243388056755066,0.6949061919003725,0.8757522702217102,0.31740229371229667,0.6085656751478746,"[{'role': 'User', 'content': [{'type': 'text', 'text': 'رجاع كتوب ""لما سألت ليش مفارق ما رديت"" بطريقة تناسب العوام أكتر'}]}]",syr,['سألتك ليش بتبعد وما حكيت ولا كلمة']
1,0.11942923814058304,0.29691917821764946,0.0,0.0,0.0,"[{'role': 'User', 'content': [{'type': 'text', 'text': '""والثوب الزهري موتني بقهري"" اكتوب رد مبدع بحتوي ع هلجملة بشكل أساسي'}]}]",syr,['يا ثوب الزهري، كم أنت قاسٍ وقاهر! لقد أصبحتُ أسيراً لحبكِ، كطائرٍ أسيرٍ في قفصٍ ذهبي. ألوانك الزاهية التي كانت يوماً مبعث فرح، أصبحت الآن رمزاً للعذاب والحرمان. كلما نظرت إليك تذكرت لحظات الألم والغدر، وخدشك لنقائي كغدر']
1,0.002222782466560602,0.02436103514628485,0.04338395968079567,9.643310490844471e-05,0.001056878166568868,"[{'role': 'User', 'content': [{'type': 'text', 'text': 'رجاع كتوب هلجملة بطريقة تناسب العوام أكتر: ""يا ريتني نسمة وعبلادك فيها تروح""'}]}]",syr,['يا ليتني كنت نسمة هواء أتجول في بلدك وأتمتع برؤية معالمها الرائعة.']
1,0.014085909351706505,0.11791083589196205,0.0,0.0,0.0,"[{'role': 'User', 'content': [{'type': 'text', 'text': 'رد بطريقة إبداعية بيتضمن هالجملة كعنصر أساسي: ""عن قصة عاشق غير الكل نطقت هيي الكلام""'}]}]",syr,['في خضمّ الحياةِ الزّاخرةِ بالملايين من القصصِ والحكايا، التي لا تنتهي فصولُها ولا يخبو بريقُها، هناك قصّةٌ واحدةٌ فقط هي من خطفَت قلوبَ العشّاق وسحرت أرواحَهم، فكانت كالفجرِ بعد ليلٍ طويلٍ مظلم، كالنورِ الذي يشعُّ في الظّلام وي']
1,0.015101147815585136,0.031090777250938118,0.3587085008621216,0.005416910094225846,0.011152526098322166,"[{'role': 'User', 'content': [{'type': 'text', 'text': 'رجاع صيغ ""أنـا قـلبي ضـيع دربـه قـالوا عندك iiحبه ما تــردي لـه قــلـبـه مــنــه لا iiتـنـشـالي"" بطريقتك وخلي المعنى العام متل ما هو'}]}]",syr,['أنا قلبي ضاع في دروب الهوى، قالوا تحبينه؟ قلت: قلبي ما يعشق الهوى، لا تتخيل.']
1,0.1680719554424286,0.5055872043594718,0.18362900614738464,0.030862886139140677,0.09284047585736446,"[{'role': 'User', 'content': [{'type': 'text', 'text': 'شو الآثار يلي بتترتب على هالشي, إذا حدا حكالك هيك؟: ""عيوني خلص ماضلّ فيها دموع""'}]}]",syr,"['يمكن أن تكون العبارة ""عيوني خلص ماضلّ فيها دموع"" مؤثرة جداً وعاطفية، وقد يكون لها آثار مختلفة على الشخص الذي يسمعها. هنا بعض الآثار المحتملة:\n\n1. الحزن: قد يشعر المستمع بالحزن العميق إزاء معاناة الشخص الذي يتحدث عن نفاد دموعه. قد يكون رد الفعل الطبيعي هو الشعور بالرغبة في مواساة الشخص ومس']"
1,0.5079788565635681,0.9578988887369633,0.7302446365356445,0.3709488354790551,0.6995005258436215,"[{'role': 'User', 'content': [{'type': 'text', 'text': '""والثوب النيلي ضلي مقابيلي"" رجاع كتوب هلجملة بطريقة تناسب العوام أكتر'}]}]",syr,"['""الفستان الأزرق قدامي حلو كتير""']"
1,0.08443650603294373,0.13569932663813233,0.07538335025310516,0.006365106708429824,0.010229469869072853,"[{'role': 'User', 'content': [{'type': 'text', 'text': 'رد بطريقة إبداعية بيتضمن هالجملة كعنصر أساسي: ""كل شي مضى ماله لحياتي رجوع""'}]}]",syr,"['في بحر الحياة أشرعتُ شراعي، مُبحراً نحو آفاق المستقبل الواسع، تاركاً ورائي ماضٍ كسحابة صيف عابرة، لا سبيل إلى الرجوع إليها، فـ ""كل شي مضى ماله لحياتي رجوع"". كل موجة تعتريني، وكل ريح تعصف بي، هي درس جديد أتعلمه، وخطوة أخرى أخطوها نحو']"
1,0.02412760816514492,0.9779690327122808,0.9463123679161072,0.02283225401491029,0.9254641910945833,"[{'role': 'User', 'content': [{'type': 'text', 'text': '""مابدي اعمل شى تانى بدي احبك ويصيرو بيتي"" رد على نفس النسق'}]}]",syr,"['""ما بدي شوفك تضحكي مع حدا غيري، بدي أملا عيونك وأسمع ضحكتك، و أصحيك كل صباح وأغني لك أغنية، وأعملك فطور وأحكيلك نكتة، وأشوف ضحكتك الحلوة من الصبح وأنا بأحلى مزاج، بدي أدفيك ببرد الشتا وأحكي لك قصص قبل ما تنامي']"
1,0.01600577123463154,0.08730503916740417,0.004216357134282589,6.748604773483373e-05,0.00036810922475230545,"[{'role': 'User', 'content': [{'type': 'text', 'text': 'اكتوب رد مبدع بحتوي ع هلجملة بشكل أساسي: ""كل الورد بيغار من حمرة خدودك""'}]}]",syr,['في حديقة الورد، تفوح رائحة العبير وتتزاحم الألوان الزاهية، لكنها جميعها تقف خجلة خائفة من أن تنافس جمال خدودك، فكل الورد يغار من حمرة خدودك، تلك الحمرة التي تسرق الأنفاس وتخطف القلوب، وتجعل كل من يراها يغرق في بحر من الأحلام الوردية. إنها كالنسمة العل']
1,0.0071676126681268215,0.05300100753083825,0.2928471863269806,0.002099015202542562,0.01552119592790109,"[{'role': 'User', 'content': [{'type': 'text', 'text': 'اكتوب قصة بتبلش بهالسطر: ""انا حبيتك شو اتمنيتك""'}]}]",syr,"['""أنا حبيتك شو اتمنيتك""، جملة عالقة في ذهنها منذ أن كانت طفلة صغيرة، كانت تسمعها من أمها وهي تغنيها بصوت حنون كل ليلة قبل النوم. لم تفهم معناها حقًا إلا عندما كبرت وأصبحت في سن المراهقة، فقد وقعت في الحب للمرة الأولى وشعرت أن قلبها قد اختطف بالكامل.\n\nكانت رنا فتاة']"
1,0.3497330844402313,0.9741501258686185,0.7957702279090881,0.27830717631235125,0.7751996676801374,"[{'role': 'User', 'content': [{'type': 'text', 'text': 'رجاع صيغ ""حتى الدهب والماس من طلتك دابو"" بطريقتك وخلي المعنى العام متل ما هو'}]}]",syr,['الكل بيزول حتى الذهب والماس، بس أنت بتبقى متل ما أنت، ما بتتغير، بتلمع متل الماس والذهب من طلتك.']
1,0.672877311706543,0.9140743538737297,0.6516399383544922,0.4384737299205881,0.5956473556096995,"[{'role': 'User', 'content': [{'type': 'text', 'text': 'رجاع صيغ هاد بطريقتك وخلي المعنى العام متل ما هو: ""شو بحس بدفى حضنا""'}]}]",syr,['دفى حضنك شعور ما في متلو، حضنك دفى وبيتساوى بألف حضن.']
1,0.07307031750679016,0.15504274424165487,0.28625720739364624,0.02091690503286081,0.04438210299326345,"[{'role': 'User', 'content': [{'type': 'text', 'text': 'رجاع صيغ ""يقلي جوري ماتنسيني ملآنة بفي التين"" بطريقتك وخلي المعنى العام متل ما هو'}]}]",syr,['تنسيني ملآنة بفي التين.. يقلي جوري\n\nمعنى الكلمات:\nجوري: ورد\nيقلي: يقول لي\nملآنة: مليئة\nبفي: بكل ما\nالتين: تين\n\nيعني تقريبا: الورد يقول لي كل ما عندك من تين، اناء مليء بالتين اللذيذ.']
1,0.0613512322306633,0.25007588788866997,0.1910872906446457,0.011723440744667912,0.04778632387220011,"[{'role': 'User', 'content': [{'type': 'text', 'text': 'شو الآثار يلي بتترتب على ""صليت ياما كتير ت لاقيك"", إذا حدا حكالك هيك؟'}]}]",syr,"['العبارة ""صليت ياما كتير تلاقيك"" هي تعبير شائع الاستخدام في الثقافة الشعبية العربية، وغالبا ما تقال كرد فعل على لقاء شخص ما بعد فترة طويلة من الانتظار أو التوق. ويمكن تفسيرها على أنها علامة على الفرح والارتياح لحدوث شيء مرغوب فيه بشدة.\n\nإذا قال لك شخص ما هذه العبارة، فقد تشير الآثار المترتبة على ذلك']"
1,0.06182044744491577,0.801885437220335,0.0,0.0,0.0,"[{'role': 'User', 'content': [{'type': 'text', 'text': '""كل الورد بيغار من حمرة خدودك"" شو الآثار يلي بتترتب على هالشي, إذا حدا حكالك هيك؟'}]}]",syr,['هذه العبارة رومانسية جداً وقد تكون محببة للبعض ومحرجة للبعض الآخر. قد تكون آثارها كما يلي:\n\n- الخجل: قد يشعر الشخص الذي يتلقى هذه العبارة بالخجل خاصة إذا كان غير معتاد على تلقي الغزل أو الإعجاب الصريح. قد يحمر وجهه خجلاً ويشعر بأن كل الأنظار تتجه إليه.\n\n- السعادة وال']
1,0.01563454605638981,0.0591081939637661,0.0,0.0,0.0,"[{'role': 'User', 'content': [{'type': 'text', 'text': '""وفي ورقه غفيت بين الفل مقدر الها النسيان"" شو الآثار يلي بتترتب على هالشي, إذا حدا حكالك هيك؟'}]}]",syr,['هذه العبارة الجميلة تصف حالة من النسيان أو الغفلة التي يمر بها الشخص، حيث يشبه النسيان بالغفوة بين الزهور الجميلة، وهو أمر قد يكون له عدة آثار وفقاً للسياق والعلاقة مع الشخص الذي يقولها لك:\n\n1. الانشغال واللامبالاة: قد تشير هذه العبارة إلى أن الشخص الذي يتحدث معك منشغل جداً أو غير مهتم بالأمور']
1,0.00620485283434391,0.18842016533017159,0.0,0.0,0.0,"[{'role': 'User', 'content': [{'type': 'text', 'text': '""خبيت الغصة بقلبيبي وانت مشيت"" اكتوب قصة بتبلش بهالسطر'}]}]",syr,['كانت تلك الكلمات آخر ما قاله أحمد لصديق عمره خالد قبل أن يغادر مدينتهم إلى العاصمة للدراسة في الجامعة. لطالما كان أحمد وخالد معا في كل شيء، يتشاركان الأحلام والآمال، حتى أن الناس كانوا ينادونهما بثنائي لا يفترق. لكن القدر كان يحمل لخالد شيئا آخر.\n\nفي صباح يوم مغيم، حمل أحمد حقيبته الثقيلة']
1,0.0037288146559149027,0.03235923359170556,0.0,0.0,0.0,"[{'role': 'User', 'content': [{'type': 'text', 'text': 'اكتوب قصة بتبلش بهالسطر: ""شو سهل الحكي .. مين اللي بيعرف بقلب التاني شو فيه""'}]}]",syr,['كانت كلماتها تلك كفيلة بأن تصيب قلبه بالوجع، فكم من مرة نظر إلى عينيها البريئتين وتمنى أن يقرأ ما تخفيه من أفكار ومشاعر، لكنها كانت دائماً تلقي عليه تلك الجملة وتختفي في عمق روحها، كطفلة تحتمي في قوقعتها من عالم لا يرحم.\n\nحاول مراراً وتكرارًا أن يفهم']
1,0.023647528141736984,0.1780860610306263,0.0,0.0,0.0,"[{'role': 'User', 'content': [{'type': 'text', 'text': 'شو الآثار يلي بتترتب على هالشي, إذا حدا حكالك هيك؟: ""هزي بخصرك هزي سهم بقلبي غزي""'}]}]",syr,['قد تكون الآثار المترتبة على سماع مثل هذه الكلمات مزيجًا من المشاعر والأفعال المختلفة اعتمادًا على الشخص الذي تستمع إليه وسياق الموقف. بالنسبة للبعض، يمكن أن تكون هذه العبارة مثيرة ومغرية وقد تؤدي إلى زيادة في معدل ضربات القلب والاستثارة الجنسية. قد يشعر البعض بالحرج أو الانزعاج من هذه العبارة، خاصة إذا كان الشخص المستمع لا يعرف قائلها أو']
1,0.04031560942530632,0.09994200058281422,0.0,0.0,0.0,"[{'role': 'User', 'content': [{'type': 'text', 'text': '""انا الك شو ما يقولو انا الك انت الملك على قلبي انت الملك"" شو الآثار يلي بتترتب على هالشي, إذا حدا حكالك هيك؟'}]}]",syr,['هذه الكلمات الرومانسية الجميلة يمكن أن يكون لها تأثيرات إيجابية عديدة على العلاقة. فهي قد:\n\n1. تعزز الرابط العاطفي: يمكن أن تزيد هذه الكلمات من الشعور بالارتباط والحب بين الشريكين، حيث تعبر عن مدى عمق المشاعر وصدقها.\n\n2. تقوي العلاقة: إخبار شخص ما بأنك تعتبره ملكاً على قلبك يمكن أن يش']
1,0.01129255723208189,0.07979331631213427,0.33382993936538696,0.0037697936960660594,0.026637397946242924,"[{'role': 'User', 'content': [{'type': 'text', 'text': 'رد بطريقة إبداعية بيتضمن هالجملة كعنصر أساسي: ""ع الفرحة بيرقص قلبا""'}]}]",syr,['ع الفرحة بيرقص قلبا و يتهادى، يلون الحياة و يصبح العالم وردي، يطير عاليا كأنه في خيال، فرحته تهز كيانه و تنسيه الآلام و الجروح، و تشعره كأنه ملك متوج على عرش السعادة، فيا لروعة تلك الفرحة التي تصنع من قلوبنا رقاص ساعة يطربنا بنغمها الجميل.']
1,0.0068552992306649685,0.06821887148544192,0.0,0.0,0.0,"[{'role': 'User', 'content': [{'type': 'text', 'text': '""اي اي اي والله بحبك من بعد الله"" عمين بيتوجه نوع هلجملة هاي؟ برر جوابك'}]}]",syr,['تتوجه هذه الجملة إلى شخص محبوب من المتحدث، حيث يعبر المتحدث عن حبه العميق لهذا الشخص، مُقارناً إياه بالله سبحانه وتعالى في المقدار. غالباً ما تكون موجهة إلى شخص قريب جداً من قائلها، مثل الحبيب أو الزوج أو أي شخص آخر يحمل تجاهه مشاعر حب عميقة. \n\nويمكن تفسير هذه الجملة على أنها تع']
1,0.02814553678035736,0.155224465765059,0.052314117550849915,0.0014724089196593848,0.008120430948801174,"[{'role': 'User', 'content': [{'type': 'text', 'text': 'شو الآثار يلي بتترتب على ""بتزيد جروحي"", إذا حدا حكالك هيك؟'}]}]",syr,"['""بتزيد جروحي"" هي عبارة تحمل في طياتها الكثير من الألم والحزن، وغالبا ما تشير إلى أن الشخص الذي يقولها يشعر بالضيق الشديد والمرارة بسبب تجربة مؤلمة أو جرح عاطفي. يمكن أن يكون لهذا النوع من الكلمات أثر سلبي عميق على الشخص الذي يستمع إليها، خاصة إذا كان يهتم بالشخص الذي يتحدث عنها.\n\nقد تشمل بعض الآثار المترتبة على سماع']"
1,0.6834193468093872,0.9669745787978172,0.9891669154167175,0.6760158072195495,0.9564992613958165,"[{'role': 'User', 'content': [{'type': 'text', 'text': 'رجاع كتوب ""ليكـي شو عم يعمل فيك .. لا بيهتم ولا بيحكيكي"" بطريقة تناسب العوام أكتر'}]}]",syr,['ليكي شو عم بصير فيكي .. ما حدا مهتم فيكي ولا حدا بسأل فيكي ولا حدا معبركي']
1,0.09927656501531601,0.18578422628343105,0.005333062261343002,0.0005294481023189468,0.0009907988459449749,"[{'role': 'User', 'content': [{'type': 'text', 'text': 'رجاع صيغ هاد بطريقتك وخلي المعنى العام متل ما هو: ""قلبي انتصر والحب حنّ ورقّ""'}]}]",syr,['الحبّ يغزو قلبي برقة ولطف، فينتصر على قسوته ويجعله يذوب رقةً وعذوبةً.']
1,0.515305757522583,0.8454461432993412,0.15348434448242188,0.07909136640137149,0.1297627470994911,"[{'role': 'User', 'content': [{'type': 'text', 'text': 'كمل هالقسم بقصة: ""رجع الفرح ع باب بيتي دق""'}]}]",syr,"['رجع الفرح ع باب بيتي دق، دقّة خفيفة في البداية، ثمّ أخذت الدقّات تكبر وتعلو مع كلّ لحظة تمر. فتحت الباب فوجدت طفلا صغيرا يمسك بيده باقة من الزهور الملونة، ابتسمت وقلت في نفسي: ""يا ترى من أرسل هذه الباقة الجميلة؟"". \n\nكان الطفل يبدو عليه']"
1,0.003505849977955222,0.016136764315888286,0.47564879059791565,0.0016675533020321306,0.007675432431015865,"[{'role': 'User', 'content': [{'type': 'text', 'text': 'رد على نفس النسق: ""وتغنيلي ما اجملك انا الك""'}]}]",syr,"['""يا سلام عليك وعلى صوتك، صوتك أحلى صوت، أغنيلي على طول، ما أجمل أن تعيش في خيالك، أنت الفن كله.""']"
1,0.030218353495001793,0.05610440345481038,0.09420448541641235,0.0028467044411278897,0.005285286457055199,"[{'role': 'User', 'content': [{'type': 'text', 'text': 'رد بطريقة إبداعية بيتضمن هالجملة كعنصر أساسي: ""تعا حبك تعا عم قلك تعا""'}]}]",syr,"['بين أدغال الكلمات ومعابد الحروف، حيث تسكن الأبجدية، هناك حرفان يتراقصان على أنغام قلبي، يتشابكان كخيوط الحرير، ينسجان معزوفة من العشق لا تنتهي، ""تعا حبك تعا"".. همسة تتردد في أعماقي، تنقش على جدران روحي لوحة من الشوق لا تفنى.\n\nتعالي']"
1,0.06593427807092667,0.09749568626284599,0.001389460638165474,9.161308408540958e-05,0.00013546641845315482,"[{'role': 'User', 'content': [{'type': 'text', 'text': 'بدي تكتبلي سؤال امتحان متوقع بشكل مقالة حسب ""الف مرة تا عيدا""'}]}]",syr,"['سؤال: اكتب مقالاً عن أغنية ""الف مرة قلتها"" للفنانة السورية أصالة نصري، وتحدث عن كلمات الأغنية ومعانيها، وما تحملها من مشاعر وأحاسيس. كما يمكنك تحليل اللحن والكلام، وتفسير الرسالة التي تريد أصالة إيصالها من خلال هذه الأغنية.\n\nجواب: تحملنا أغنية ""الف مرة قلتها"" لأصالة نصري']"
1,0.007568834815174341,0.06075106607750058,0.9090838432312012,0.006880705442560808,0.05522781263012688,"[{'role': 'User', 'content': [{'type': 'text', 'text': 'رجاع كتوب ""انا حبيتك شو اتمنيتك"" بطريقة تناسب العوام أكتر'}]}]",syr,['أنا حبيتك وبتمنالك كل خير من قلبي، حتى لو مش معايا.']
1,0.0043742600828409195,0.024548211134970188,0.0,0.0,0.0,"[{'role': 'User', 'content': [{'type': 'text', 'text': 'عمين بيتوجه نوع هلجملة هاي؟ ""بدي ضمك تعا"" برر جوابك'}]}]",syr,['توجه هذه الجملة إلى شخص يحب الطرف الآخر أن يضمه إليه بشدة، وتكون عادة موجهة من شخص إلى حبيب أو شخص قريب جداً من القلب، ويرغب في إيصال مشاعره له بطريقة رومانسية. الكلمات المستخدمة في الجملة تعبر عن الرغبة في التقارب الجسدي والعاطفي، وتوحي بمشاعر حنونة وعاطفية قوية.']
1,0.34922441840171814,0.9086164087057114,0.04376133531332016,0.015282526873276803,0.03976226733255539,"[{'role': 'User', 'content': [{'type': 'text', 'text': 'شو الآثار يلي بتترتب على ""وفي واحدة سمّاها جوري عم تنطر المواعيد"", إذا حدا حكالك هيك؟'}]}]",syr,"['""وفي واحدة سمّاها جوري عم تنطر المواعيد"" هي جملة غنائية من أغنية شعبية شهيرة للفنّان اللبناني عاصي الحلاني تحمل عنوان ""أسمر، ذقنك عسل"". ومن المرجح أن يكون لها تأثير عاطفي على المستمعين، خاصة أولئك الذين يمكنهم التعرّف على الأغنية. قد تثير هذه الجملة مشاعر الحنين أو الذكريات لدى بعض الناس']"
1,0.037841781973838806,0.1268209097906947,0.0,0.0,0.0,"[{'role': 'User', 'content': [{'type': 'text', 'text': 'رد بطريقة إبداعية بيتضمن هالجملة كعنصر أساسي: ""انا الك شو ما يقولو انا الك انت الملك على قلبي انت الملك""'}]}]",syr,['في بحر الحب أشرعتُ قلبي لكَ مملكة، وها أنا ذا أُتوّجك ملكاً عليها، فانتظر مني مفاتيحَها، لتفتحَ أبوابها وتُزيل الستار عمّا يُخفيهِ نبضُها. أنا لكَ، وسأظلّ أردّد في كلّ مرةٍ تُردّد فيها الشفاهُ اسم']
1,0.03785643354058266,0.23003734089434147,0.32320958375930786,0.012235562127263622,0.07435027319955811,"[{'role': 'User', 'content': [{'type': 'text', 'text': 'رد على نفس النسق: ""هزي بخصرك هزي سهم بقلبي غزي""'}]}]",syr,['يا راقصة بالخطر راقصي  \nعلى حافة الجرح باسي\n\nأو تخطي فوق جمري  \nواحرقى كل اللي فات\n\nهزي بخصرك هزي  \nوأنا أعد نجوم السهري\n\nسهم بقلبي غزي  \nوأنا أتأمل في نظراتك الأخيرةي']
1,0.0019444095669314265,0.0049781634588725865,0.7184577584266663,0.0013969761389209176,0.003576600159743138,"[{'role': 'User', 'content': [{'type': 'text', 'text': '""منو بإيدي احساسي"" رجاع كتوب هلجملة بطريقة تناسب العوام أكتر'}]}]",syr,"['""إيدي تحسس شي حلو وايد، أحساس حلو""']"
1,0.0502147413790226,0.23811834305524826,0.001321062445640564,6.633680905338002e-05,0.00031456920062844507,"[{'role': 'User', 'content': [{'type': 'text', 'text': 'رد بطريقة إبداعية بيتضمن هالجملة كعنصر أساسي: ""لما بطمش لها عيونا""'}]}]",syr,"['في عالم مملوء بالألوان، حيث كل شيء حولنا يشرق ببهجة الضوء، هناك دائما ذلك الظلام الداكن الذي يحاول أن يخفي بريقك. لكن لا تقلق، فبمجرد أن أطرف جفني وأطلق العنان لنظرة ثاقبة، سأرسل ذلك الظلام بعيدا وأجعل شمسك الساطعة تشرق من جديد. فـ ""لما بطمش لها ع']"
1,0.017734238877892494,0.21473896130919456,0.0,0.0,0.0,"[{'role': 'User', 'content': [{'type': 'text', 'text': 'اكتوب رد مبدع بحتوي ع هلجملة بشكل أساسي: ""آآه""'}]}]",syr,['في لحظة ما، وقفت مندهشاً أمام روعة المشهد، آه! تلك الآه التي تفلت من بين شفتيّ في لحظات الدهشة والانبهار، كأنها نسمة هواء بارد في يوم صيفي حار، تمنحني شعوراً بالانتعاش والإعجاب معاً. إنها آه سحرية، تحمل في طياتها معنى عميقاً يصعب تفسير']
1,0.011458683758974075,0.06362295802682638,0.0,0.0,0.0,"[{'role': 'User', 'content': [{'type': 'text', 'text': '""انا حبيتك شو اتمنيتك"" بدي تكتبلي سؤال امتحان متوقع بشكل مقالة حسب هالجملة'}]}]",syr,"['سؤال: تحدث عن أهمية التمني في علاقات الحب، وكيف يمكن أن يكون التمني عاملاً مساعداً في تحقيق الأحلام والحب.\n\nمقدمة:\nالحب من أسمى المشاعر الإنسانية التي يمكن أن يشعر بها الإنسان، وهو شعور ملهم وقوي، قادر على تغيير حياة الأشخاص وجعلهم يرون العالم من منظور مختلف. وفي عالم الحب، هناك جملة شهيرة تقول ""']"
1,0.02186567150056362,0.0686567910015583,0.0,0.0,0.0,"[{'role': 'User', 'content': [{'type': 'text', 'text': 'اكتوب قصة بتبلش بهالسطر: ""يا سطوري ضلّي دوري كاتبنا صار بعيد""'}]}]",syr,['كانت الكلمات تتناثر على الورق البيضاء كأوراق الشجر في فصل الخريف، يكتبها قلم حائر تاهت به السبل، بعيداً عن إيقاعه المعهود ونغماته الشجية. كان الكاتب يبحث عن إلهامه المفقود، ينظر إلى صفحات كتابه الخالية بأسى، فقدت حروفه بريقها وباتت جملته باهتة لا روح']
1,0.028626082465052605,0.15678585832938552,0.0,0.0,0.0,"[{'role': 'User', 'content': [{'type': 'text', 'text': 'بدي تكتبلي سؤال امتحان متوقع بشكل مقالة حسب هالجملة: ""متلن حملت سلاح و ع كتافه كوم جراح""'}]}]",syr,['سؤال الامتحان المتوقع:\nتحدث الشاعر عن ألم ومعاناة الأمة العربية في قصيدته، مجسداً إياها في صورة المحارب الجريح. اكتب مقالاً تحلل فيه هذه الصورة الشعرية وتشرح دلالاتها وأبعادها، مع ذكر الأسباب التي دفعت الشاعر لاختيارها، وأثرها في تعميق المعنى وإيصال الرسالة للقارئ.']
1,0.017522597685456276,0.03538513102103025,0.0,0.0,0.0,"[{'role': 'User', 'content': [{'type': 'text', 'text': 'كمل هالقسم بقصة: ""رح ابـعـتلك صــورة حـلـوة وصغـيـورة وحـكـاية مـغـرورة لـلـغالي مــن الـغالي""'}]}]",syr,['وصلت الرسالة للشخص الغالي على قلب مرسلها، وفضّالها بكل شوق وإهتمام، وبإنتظار الصورة والحكاية، وبعد دقائق معدودة وصل ما وعد به المرسل، صورة جميلة لفراشة جميلة الألوان، خفاقة الأجنحة، رقيقة كأنها ورقة شفافة، وحكاية من ألف ليلة وليلة، عن أميرة مغر']
1,0.41153526306152344,0.9096596240997314,0.6598122119903564,0.271535992232657,0.60020452873556,"[{'role': 'User', 'content': [{'type': 'text', 'text': 'رجاع صيغ ""واحلي غرام كل الدني ما بدلك علي رموشي ما بسالك انا الك"" بطريقتك وخلي المعنى العام متل ما هو'}]}]",syr,['أجمل حب في الكون ما يقدر يوصل لروعة نظرة من عيونك، ما رح أسألك أنت مين، لأن أنت كل العالم بالنسبة إلي.']
1,0.02964816801249981,0.04715454904362559,0.007051357999444008,0.00020905984668380048,0.0003325036066089441,"[{'role': 'User', 'content': [{'type': 'text', 'text': 'رجاع صيغ هاد بطريقتك وخلي المعنى العام متل ما هو: ""انا حبيتك واستنيتك""'}]}]",syr,['أنا أعطيتك قلبي وانتظرتك بشغف.']
1,0.0740133747458458,0.25154931750148535,0.6230655908584595,0.04611518706744899,0.1567317241391052,"[{'role': 'User', 'content': [{'type': 'text', 'text': 'رجاع كتوب هلجملة بطريقة تناسب العوام أكتر: ""ما تخلي حبه يمحيكي لازم تنسيه""'}]}]",syr,['ما تخلّي حزن أو ألم يمسحك من الوجود، حاول دايماً تنساه وما تفكر فيه.']
1,0.02195565216243267,0.04820699105039239,0.8219862580299377,0.018047244363604942,0.03962548418439474,"[{'role': 'User', 'content': [{'type': 'text', 'text': '""لاموني هالعالم كلا وقالولي عنه إتخلى"" رد على نفس النسق'}]}]",syr,"['""هالعالم ظلموني وبقلبهم حاسدوني، قالوا عني خاين وانا الوفي الوحيد""']"
1,0.0075455172918736935,0.031677370890975,0.47691792249679565,0.0035985924310040496,0.015107505915484265,"[{'role': 'User', 'content': [{'type': 'text', 'text': '""ماعاد عندي للحزن مطرح"" رد على نفس النسق'}]}]",syr,"['""في قلبي فرح ما توهج، في عيني بهجة ما انرسمت، في سمائي شمس ما طلعت، من بعد ما كنت أشكي همي وأحزاني، اليوم فرحتي تغني وتزف ألحان، ما عاد عندي للحزن مطرح، ولا عاد للهم مكان.""']"
1,0.24975143373012543,0.8030575290322304,0.8765676021575928,0.21892401540023698,0.7039342126183836,"[{'role': 'User', 'content': [{'type': 'text', 'text': '""كل البشر من طين إلا أنتي من سكر"" رجاع كتوب هلجملة بطريقة تناسب العوام أكتر'}]}]",syr,"['""كل الناس متل الطين بس أنتي مختلفة، زي السكر""']"
1,0.009527741931378841,0.9582285333890468,0.17592136561870575,0.0016761333718307708,0.1685728721686107,"[{'role': 'User', 'content': [{'type': 'text', 'text': '""هيدا منو موضوعي"" اكتوب قصة بتبلش بهالسطر'}]}]",syr,"['كانت تجلس وحيدة على أريكتها المفضلة، تنظر من النافذة إلى الشارع المزدحم بالسيارات، عندما سمعت صوت أمها تأمرها بالذهاب إلى غرفة الضيوف لمساعدتها في ترتيب بعض الأشياء استعداداً لوصول الضيوف. لكنها ردت بغضب: ""هيدا منو موضوعي، ليش ما تسألي أختي تساعدك؟ أن']"
1,0.0023521296679973602,0.017856685328297317,0.8661361336708069,0.0020372644965316322,0.015466320390427661,"[{'role': 'User', 'content': [{'type': 'text', 'text': 'رجاع كتوب ""مكتوب فيها ايام، واخبار من الأحلام"" بطريقة تناسب العوام أكتر'}]}]",syr,['في ورقة مكتوب عليها حاجات غريبة، زي أيام وأحلام، بس الكلام ده مش سهل فهمه، ده أسرار مكتوبة ومحدش يعرفها غير اللي كتبها.']
1,0.005462075583636761,0.04650339391082525,0.0,0.0,0.0,"[{'role': 'User', 'content': [{'type': 'text', 'text': 'شو الآثار يلي بتترتب على هالشي, إذا حدا حكالك هيك؟: ""تذكرت اسم من سنين وعيونو المجروحين""'}]}]",syr,['قد يكون لهذه العبارة تأثير عاطفي عميق على الشخص الذي يسمعها، خاصة إذا كان لديه ذكريات أو روابط عاطفية قوية مع الكلمات والأغاني. قد يثير سماع هذه العبارة مجموعة من المشاعر، مثل الحنين، والحزن، والفرح، أو حتى الإحباط. قد يستحضر الشخص الذي يستمع إلى هذه العبارة ذكريات أشخاص عرفهم أو تجارب مر بها في الماضي،']
1,0.006994954310357571,0.03672571526840329,0.8545341491699219,0.005977427330083884,0.031383377849541816,"[{'role': 'User', 'content': [{'type': 'text', 'text': 'رد بطريقة إبداعية بيتضمن هالجملة كعنصر أساسي: ""فيكي الحلا بينقاس وبيعلو حسابه""'}]}]",syr,"['حلاوتكِ يا ""فيكي"" أصلّها بِتِختلف، مش زي أي حلاوة، دي حلاوة مُرّقَة، سكرها مُرّ لكن ليه طعم تاني، حلاوة بتفتح شهية الحِسّ. حلاوة مُبهِرة، مِبهِرة للبصَر قبل اللسان، مِبهِرة للرّوح قبل']"
1,0.01887119561433792,0.03916919114999473,0.18494023382663727,0.003490043329503867,0.007243959370080277,"[{'role': 'User', 'content': [{'type': 'text', 'text': '""كتبتلك جواة عيوني دمعة واه"" رد بطريقة إبداعية بيتضمن هالجملة كعنصر أساسي'}]}]",syr,['في سماءِ الحُبِّ ضَوءٌ وأنغامْ،\nوأنا بِدموعِ العَينِ أكتُبُ أشعاري،\nيا من لِقلبي بِحبلِ الوصلِ موصولاً،\nجَوّة عيوني دمعة واه، يا غالي.\nأراكَ في كلِّ شيءٍ حولي، بسمةً،\nوأرى في']
1,0.0058675785548985004,0.02410518703982234,0.0,0.0,0.0,"[{'role': 'User', 'content': [{'type': 'text', 'text': 'شو الآثار يلي بتترتب على هالشي, إذا حدا حكالك هيك؟: ""انا قلبي ابتلى""'}]}]",syr,"['""قلبي ابتلى"" هي عبارة تحمل الكثير من المعاني والدلالات، ويمكن أن يكون لها آثار مختلفة على الشخص الذي يسمعها. قد تشير هذه العبارة إلى تجربة عاطفية مؤلمة أو تحطم القلب. هنا بعض الآثار التي قد تترتب على ذلك:\n\n1. القلق والشعور بعدم الارتياح: قد يشعر الشخص الذي يستمع إلى هذه العبارة بالقلق إزاء حالة المتحدث الع']"
1,0.048282407224178314,0.2854381836950779,0.0,0.0,0.0,"[{'role': 'User', 'content': [{'type': 'text', 'text': '""بقصدي ولا ما بقصدي"" شو الآثار يلي بتترتب على هالشي, إذا حدا حكالك هيك؟'}]}]",syr,"['""بقصدي ولا ما بقصدي"" هي جملة يمكن أن تكون لها آثار مختلفة اعتماداً على السياق الذي قيلت فيه والعلاقة بين الشخص الذي يقولها والشخص الذي يوجه إليه الكلام. هنا بعض الآثار المحتملة:\n\n1. عدم الوضوح: قد تشير الجملة إلى أن المتحدث غير متأكد من نواياه أو أفكاره، مما قد يسبب عدم وضوح في التواصل وربما']"
1,0.06684038043022156,0.1457838974893093,0.6378086805343628,0.042631374848614456,0.09298223530081318,"[{'role': 'User', 'content': [{'type': 'text', 'text': 'رد على النسق يلي ببلش هيك: ""بعيونك الحلوين باب الحلا اتسكر""'}]}]",syr,['بعيونك الحلوين باب القمر اتفتح \nوأنا اللي كنت أظن إني بأول الطريق\nلقيتني واقف على آخر منفى.']
1,0.06684038043022156,0.1457838974893093,0.6378086805343628,0.042631374848614456,0.09298223530081318,"[{'role': 'User', 'content': [{'type': 'text', 'text': 'رد على النسق يلي ببلش هيك: ""بعيونك الحلوين باب الحلا اتسكر""'}]}]",syr,['بعيونك الحلوين باب القمر اتفتح \nوأنا اللي كنت أظن إني بأول الطريق\nلقيتني واقف على آخر منفى.']
1,0.018302002921700478,0.036331662675365806,0.0,0.0,0.0,"[{'role': 'User', 'content': [{'type': 'text', 'text': 'رد على نفس النسق: ""تتذكر ياما ليالي تسهر ما تنام حبك غيرلي احوالي""'}]}]",syr,"['""أذكر عندما كنت أعد النجوم في السماء وأحلم بلقاءك، شوقي إليك يزداد مع كل دقة قلب""']"
1,0.038852840662002563,0.08759436663240194,0.0,0.0,0.0,"[{'role': 'User', 'content': [{'type': 'text', 'text': 'رجاع صيغ هاد بطريقتك وخلي المعنى العام متل ما هو: ""ولو ضدي العالم كله عنك لا ما بتخلا""'}]}]",syr,['حتى لو وقف العالم كله ضدي، لن أتخلى عنك أبداً.']
1,0.2638641893863678,0.9276925250887871,0.7643284797668457,0.20167891473859356,0.709061817392179,"[{'role': 'User', 'content': [{'type': 'text', 'text': 'كمل هالقسم بقصة: ""جايي ع بالي اضحك وافرح""'}]}]",syr,['جايي ع بالي اضحك وافرح، اتذكر ايامي الحلوة، ايام الطفولة البريئة، وقت ما كنت العب مع اصدقائي في الحارة، نجرى ونلعب ونضحك بدون ما نفكر في اي هموم او مسؤوليات. ايام ما كانت امي تحضنني وتطبطب على ظهري وتوعدني انها هتفرح بيا وهشوف']
1,0.04288904741406441,0.20799239538609982,0.6125907301902771,0.02627343287254713,0.1274142133635957,"[{'role': 'User', 'content': [{'type': 'text', 'text': '""ولو ضدي العالم كله عنك لا ما بتخلا"" رجاع كتوب هلجملة بطريقة تناسب العوام أكتر'}]}]",syr,"['""حتى لو الكل ضدي، أنا ما رح أتركك أبداً""']"
1,0.009552445262670517,0.05254875682294369,0.0,0.0,0.0,"[{'role': 'User', 'content': [{'type': 'text', 'text': '""لما بنادي وما بتسمعني تزيد جروح"" عمين بيتوجه نوع هلجملة هاي؟ برر جوابك'}]}]",syr,"['هذه الجملة تتوجه إلى شخص ثانٍ يبدو أنه غير مبالٍ أو غير مهتم بالمتكلم. استخدام كلمة ""أنت"" يشير بوضوح إلى أن الجملة هي توبيخ أو عتاب لشخص آخر. تعبر الجملة عن شعور المتكلم بالإحباط وعدم القدرة على إيصال صوته أو رسالته إلى هذا الشخص الآخر، وأن هذا اللامبالاة تزيد من آلام المتكلم وجروحه']"
1,0.0920124500989914,0.9707531086169183,0.16890044510364532,0.0155409437767966,0.16396063213114487,"[{'role': 'User', 'content': [{'type': 'text', 'text': 'رد بطريقة إبداعية بيتضمن هالجملة كعنصر أساسي: ""أصلي وما في متله لك كل شي بيلبقله""'}]}]",syr,['يا منفرداً بصفاتك، يا من لا مثيل لك،\n\nأصلي، وما في متله، لك كل شي بيلبقله،\n\nكأنك الشمس بين الكواكب، ساطعاً في سماء الإبداع،\n\nأو كنوتة موسيقية، تعزف لحناً فريداً، يطرب له الكون،\n\nأو لوحة فنية، رسمها فنان مبدع، خط كل']
1,0.004478352144360542,0.021006016293540597,0.0,0.0,0.0,"[{'role': 'User', 'content': [{'type': 'text', 'text': 'شو الآثار يلي بتترتب على هالشي, إذا حدا حكالك هيك؟: ""انا الك شو ما يقولو انا الك انت الملك على قلبي انت الملك""'}]}]",syr,"['قد تكون آثار سماع كلمات مثل ""أنت الملك على قلبي"" مرضية ومبهجة للغاية. يمكن أن تجعل الشخص يشعر بالحب والتقدير والبهجة. قد تؤدي إلى تقوية العلاقة بين الشخص الذي تكلم بهذه العبارات والشخص المتلقي لها. \nمن المحتمل أيضًا أن تخلق شعورًا بالالتزام المتبادل. قد يشعر الشخص الذي يتلقى مثل هذه الإ']"
1,0.0014514056965708733,0.00966942252125591,0.0,0.0,0.0,"[{'role': 'User', 'content': [{'type': 'text', 'text': 'شو الآثار يلي بتترتب على ""لـكتبلك ع الـورقة شـوقي بـريشة iiزرقـا وأسرق حالي سرقة من حالي عن حالي"", إذا حدا حكالك هيك؟'}]}]",syr,['أنا أعتقد أن أفضل أثر أو رد فعل على هذه الجملة الرقيقة والعاطفية سيكون رسم قلب أو أي شكل آخر من أشكال التعبير البصري باستخدام لون أزرق سماوي رقيق على ورقة بيضاء. يمكن أن يكون رسم بسيط أو حتى مجرد خط مكتوب بخط اليد مع بعض الكلمات التي تعبر عن امتنانك وتقديرك للمشاعر المعبر عنها. \n\nيمكنك أيضا كتابة']
1,0.3296286165714264,0.6394169479608536,0.11450876295566559,0.037745365118381446,0.07321884372388454,"[{'role': 'User', 'content': [{'type': 'text', 'text': '""يا سطوري ضلّي دوري كاتبنا صار بعيد"" بدي تكتبلي سؤال امتحان متوقع بشكل مقالة حسب هالجملة'}]}]",syr,"['""يا سطوري، ضلي دوركِ، كاتبتنا صارت بعيدة"" .. إلى أين ذهبت الإبداع والكلمات؟\n\nفي عالمٍ يموج بالضجيج والصخب، حيث الكلمة تُسابق الريح وتُصارع الزمان لتصل إلى قلوبٍ وعقولٍ تتشوق لجمال المعاني وبهاء البيان، نجد أنفسنا اليوم في مفترق طرقٍ مع الك']"
1,0.020926984027028084,0.041809261310845613,0.5191433429718018,0.010864104446108858,0.021704999684094006,"[{'role': 'User', 'content': [{'type': 'text', 'text': 'كمل هالقسم بقصة: ""بعيونك الحلوين باب الحلا اتسكر""'}]}]",syr,['بعيونك الحلوين باب الحلا اتسكر، وما عاد يفتح الا لاهل العيون السود، عيونك اللي مثل البحر جاذبيه وموجها يغوي كل من يمر بها، حلاوتها تجذب كل من حولها، حتى انا وقعت اسيرتها، ما اقدر ابعد نظري عنها، كل ما زاد نظري لها زاد جمالها، حتى صرت اسير لها، ما اقدر']
1,0.027042541652917862,0.14784882590174675,0.0,0.0,0.0,"[{'role': 'User', 'content': [{'type': 'text', 'text': '""بدي ضمك تعا"" شو الآثار يلي بتترتب على هالشي, إذا حدا حكالك هيك؟'}]}]",syr,['هذه العبارة يمكن أن تكون لها آثار مختلفة اعتماداً على السياق والعلاقة بين الشخص الذي يقولها والشخص الذي يتلقاها. هنا بعض الآثار المحتملة:\n\n1. الارتباك: قد يشعر المتلقي بالارتباك إذا لم يفهم المقصود من العبارة على الفور. قد يكون من الضروري طلب التوضيح لفهم النوايا والدوافع وراء هذه العبارة.']
1,0.13634993135929108,0.9413001909852028,0.9564953446388245,0.13041807458698518,0.9003492505849828,"[{'role': 'User', 'content': [{'type': 'text', 'text': 'رد على نفس النسق: ""الحساب علينا تقلوا ايه والله بيطلعلو""'}]}]",syr,"['""يا مرحبُو يا مرحبُو، إحنا ضيوفكم تقلو اتفضلو، والله ما في أرحَب من صدرو.""']"
1,0.00788014754652977,0.10457481071352959,0.12521971762180328,0.0009867498505946037,0.013094828267901704,"[{'role': 'User', 'content': [{'type': 'text', 'text': 'بدي تكتبلي سؤال امتحان متوقع بشكل مقالة حسب هالجملة: ""والثوب الازرق قلبي بيتحرق""'}]}]",syr,"['سؤال الامتحان المتوقع: \nاكتب مقالاً عن معنى الحب كما يتجلى في الجملة التالية: ""والثوب الأزرق قلبي بيتحرق"". يجب أن تشمل مقالتك على تفسيرك الشخصي للجملة، وكيف يمكن أن يكون للحب تأثير عميق على المشاعر والسلوك. ناقش أيضاً كيف يمكن أن يتجلى الحب بأشكال مختلفة في حياتنا، وما الد']"
1,0.23212526738643646,0.4686223156750202,0.34190717339515686,0.07936529404569148,0.16022533134233907,"[{'role': 'User', 'content': [{'type': 'text', 'text': 'شو الآثار يلي بتترتب على ""الحساب علينا تقلوا ايه والله بيطلعلو"", إذا حدا حكالك هيك؟'}]}]",syr,"['""الحساب علينا تقلوا إيه والله بيطلعلو"" هي جملة شائعة تستخدم في بعض الدول العربية، وتعني أن الشخص مستعد لتحمل النفقات أو الدفع مقابل الاستمتاع بالوقت أو الترفيه.\n\nإذا قال لي شخص هذه الجملة، فستكون استجابتي وفقاً لسياق المحادثة وعلاقتي بالشخص. ولكن بشكل عام، قد يكون من المناسب الرد بعبارة']"
1,0.012697230093181133,0.27287407871335745,0.0,0.0,0.0,"[{'role': 'User', 'content': [{'type': 'text', 'text': '""قديش عضّ القلب ع جروحو"" اكتوب قصة بتبلش بهالسطر'}]}]",syr,['كانت قلوبهم مليئة بالجروح، وكلما حاولوا مداواتها، كلما آذتهم أكثر. كان الألم لا يفارق صدورهم لحظة، يشعرون به يحرقهم من الداخل كالحريق الملتهب. \n\nأدهم، شاب في الخامسة والعشرين من عمره، فقد حبه الأول في حادث مأساوي، وتركته حبيبته وحيداً مع قلب مجروح. حاول جاهداً']
1,0.010054013691842556,0.016476136865094304,0.4818847179412842,0.004844875552071359,0.007939598565997963,"[{'role': 'User', 'content': [{'type': 'text', 'text': '""والثوب سوادي بعبدها عبادي"" رد على نفس النسق'}]}]",syr,"['""والردّ حصافي بحفافي حافي""']"
1,0.01757092960178852,0.044201236218214035,0.0,0.0,0.0,"[{'role': 'User', 'content': [{'type': 'text', 'text': 'رجاع صيغ هاد بطريقتك وخلي المعنى العام متل ما هو: ""وعنواني جوا بقلك ضلك حدى وما اقابلى انا اغنيلك""'}]}]",syr,['أرجو أن تظل بجانبي دائماً ولا تقابلي، سأغني لك حتى تخبرك كلماتي بداخلك.']
1,0.1759340614080429,0.6486356649547815,0.022102344781160355,0.0038885552839904025,0.014336369104187792,"[{'role': 'User', 'content': [{'type': 'text', 'text': 'رد بطريقة إبداعية بيتضمن هالجملة كعنصر أساسي: ""أي أي أي واللٰه بحبك من بعد اللٰه""'}]}]",syr,"['في عالمٍ يموج بالضجيج والصراخ، حيث يُخفت صوت الحب الحقيقي، هناك كلمةٌ سحريةٌ تفتح أبواب القلوب وتُنير دروبها، إنها كلمة ""أي أي أي، واللٰه بحبك من بعد اللٰه"".\n\nهذه العبارة ليست كالكلمات العادية، إنها تعويذةٌ مقدسةٌ تحمل بين حروفها سحر']"
1,0.27323025465011597,0.349896770901978,0.26556897163391113,0.07256147774670296,0.0929217256264645,"[{'role': 'User', 'content': [{'type': 'text', 'text': '""شو سهل الحكي .. انا لولا وجوده بعمري .. عمري بينطفي"" رد بطريقة إبداعية بيتضمن هالجملة كعنصر أساسي'}]}]",syr,"['في وسط الظلام الدامس، حيث يخبو الأمل وينطفي آخر خيوط النهار، وجدت نفسي أتمتم بتلك الجملة الحزينة، ""شو سهل الحكي .. لولا وجوده بعمري .. عمري بينطفي"". كلمات كالسهم تخترق قلبي المنهك، مع كل زفير أطلقته، شعرت وكأنني أطلق أشرعة سفينة حياتي في بحر ل']"
1,0.0044826664961874485,0.022644631564617157,0.9997231960296631,0.0044814256763036076,0.022638363440693254,"[{'role': 'User', 'content': [{'type': 'text', 'text': 'اكتوب رد مبدع بحتوي ع هلجملة بشكل أساسي: ""الحساب علينا تقلوا ايه والله بيطلعلو""'}]}]",syr,"['أكيد، هنقولك على فكرة لطيفة أوي، تخلي الجملة دي أساس لردك وتقدر تعدل عليها وتضيف اللي أنت عايزه:\n\n""الحساب علينا، يبقى ليه نفكر كتير؟! إحنا بس نقولهم إحنا عايزين إيه، والله بيطلعلهم أحلى أكل وأحلى جو، ويبقى حسابنا عليا']"
1,0.04489073157310486,0.08075011288747191,0.08104991167783737,0.0036383898291536543,0.006544789517504996,"[{'role': 'User', 'content': [{'type': 'text', 'text': 'رد على نفس النسق: ""ع ضهر غيمة وبالفضا اسبح""'}]}]",syr,"['""على صهوة جواد وبقلب أسد أخطو، في سماء العليّ أرفل، بين النجوم موطني والكون مرتعي.""']"
1,0.019788695499300957,0.060157591477036476,0.0,0.0,0.0,"[{'role': 'User', 'content': [{'type': 'text', 'text': '""ضلي لا تروحي انتي صرتي روحي"" رد على نفس النسق'}]}]",syr,"['""أنت الروح في جسدي، وجودكِ مثل النسيم، لا تفارقي أبداً، بل ابقي هنا إلى الأبد"".']"
1,0.012334680184721947,0.02824505604803562,0.021639835089445114,0.0002669204450784293,0.0006112183549716252,"[{'role': 'User', 'content': [{'type': 'text', 'text': '""ع فغلة بوس خدينه"" شو الآثار يلي بتترتب على هالشي, إذا حدا حكالك هيك؟'}]}]",syr,"['قد تكون الآثار المترتبة على سماع عبارة مثل ""ع فغلة بوس خدينه"" مزعجة وغير مريحة، خاصة إذا كنت لا ترغب في سماع هذا النوع من اللغة أو إذا كان يُنظر إلى التعليق على أنه عدائي أو مهين.\n\nقد تشمل بعض الآثار النفسية ما يلي:\n\n1. الانزعاج: قد تشعر بعدم الراحة والانزعاج من استخدام مثل هذه اللغة،']"
1,0.00538803543895483,0.05792332161217928,0.5874158143997192,0.0031650172253882003,0.03402507513755515,"[{'role': 'User', 'content': [{'type': 'text', 'text': '""كلن قالولي مجنونيي .. لازم تنسيه"" رجاع صيغ هاد بطريقتك وخلي المعنى العام متل ما هو'}]}]",syr,"['""يا ناس بتقول عليّ مجنون، لازم أنساه؟! مستحيل""\nالمعنى العام واضح، لا تفكر في نسيانه أبدا.']"
1,0.014360479079186916,0.02661090367473662,0.4465566873550415,0.006412767966433086,0.011883276992514485,"[{'role': 'User', 'content': [{'type': 'text', 'text': 'رجاع صيغ ""ما ضما جوة ضلوعي"" بطريقتك وخلي المعنى العام متل ما هو'}]}]",syr,['ما بين ضلوعي خافوقٍ حنون، يحوم حولك ويشم عطرك ويطير لك، يحمل في جنحانه كل مشاعر الحب والهيام، يهمس لك أجمل الكلمات، وكأنه يقول لك: أنتِ في قلبي، في أعماقي، في أعمده صدري، بين الضلوع مسكنك، حبك جوة جوة، ما يطلع بره أبد']
